"sample","gene","Val"
"p1k_00672","b3124",5.50847425230905
"p1k_00672","b2788",4.78250527884903
"p1k_00560","b3124",2.45146159321826
"p1k_00560","b2788",2.2178832548916
"p1k_00618","b3124",3.72506624236864
"p1k_00618","b2788",3.28642139616026
"p1k_00820","b3124",3.74198283803666
"p1k_00820","b2788",3.3006135132549
"p1k_00483","b3124",6.58268487014286
"p1k_00483","b2788",5.68355298291769
"p1k_00656","b3124",3.45621606313171
"p1k_00656","b2788",3.06086806990099
"p1k_00475","b3124",4.0229714894831
"p1k_00475","b2788",3.5363452784739
"p1k_01036","b3124",3.63563865891164
"p1k_01036","b2788",3.2113961451978
"p1k_00441","b3124",3.88683390250359
"p1k_00441","b2788",3.42213505008344
"p1k_00563","b3124",2.79215073534934
"p1k_00563","b2788",2.50372719799493
"p1k_01052","b3124",3.64575795128251
"p1k_01052","b2788",3.21988574868802
"p1k_00847","b3124",6.65884117757066
"p1k_00847","b2788",5.74743010591416
"p1k_00946","b3124",5.45204535355674
"p1k_00946","b2788",4.73517070523765
"p1k_00271","b3124",4.12291160266828
"p1k_00271","b2788",3.62018752657068
"p1k_00536","b3124",4.27963135124043
"p1k_00536","b2788",3.75166234889042
"p1k_00380","b3124",1.3904936664819
"p1k_00380","b2788",1.32766610261334
"p1k_00732","b3124",3.29913152305292
"p1k_00732","b2788",2.92907901616314
"p1k_00200","b3124",3.99917557809998
"p1k_00200","b2788",3.516382202893
"p1k_00588","b3124",2.00209603936894
"p1k_00588","b2788",1.84084671212218
"p1k_00942","b3124",4.36620567063535
"p1k_00942","b2788",3.82429032804264
"p1k_00748","b3124",2.32185316719632
"p1k_00748","b2788",2.10913766451139
"p1k_00813","b3124",4.0472015012651
"p1k_00813","b2788",3.55667249650064
"p1k_00027","b3124",6.54460396733709
"p1k_00027","b2788",5.65161197773311
"p1k_00239","b3124",10.9089339383528
"p1k_00239","b2788",9.31166979996319
"p1k_00496","b3124",6.18765349262162
"p1k_00496","b2788",5.35220922523627
"p1k_00142","b3124",4.88628709350468
"p1k_00142","b2788",4.26058133500831
"p1k_00648","b3124",3.95474205376412
"p1k_00648","b2788",3.47910554317541
"p1k_00741","b3124",4.45537937963554
"p1k_00741","b2788",3.89909846189752
"p1k_00800","b3124",4.41556937006071
"p1k_00800","b2788",3.86570176903712
"p1k_00916","b3124",2.11894377967936
"p1k_00916","b2788",1.93888809777757
"p1k_00044","b3124",3.98701597805135
"p1k_00044","b2788",3.50618115025587
"p1k_00342","b3124",3.55010924499615
"p1k_00342","b2788",3.13964078836291
"p1k_00082","b3124",4.03932339507208
"p1k_00082","b2788",3.55006334233565
"p1k_00096","b3124",3.96040245065979
"p1k_00096","b2788",3.4838542323961
"p1k_00768","b3124",4.36986349194882
"p1k_00768","b2788",3.82735889694715
"p1k_00654","b3124",4.16224090350693
"p1k_00654","b2788",3.65318168219428
"p1k_00799","b3124",4.61180114311121
"p1k_00799","b2788",4.03032000434476
"p1k_00083","b3124",3.04108503914197
"p1k_00083","b2788",2.71258262933348
"p1k_00498","b3124",6.51287612581614
"p1k_00498","b2788",5.62499964061573
"p1k_00578","b3124",3.1995273243907
"p1k_00578","b2788",2.84551337440892
"p1k_00883","b3124",3.14391138700015
"p1k_00883","b2788",2.79885260288219
"p1k_00381","b3124",3.96189045505638
"p1k_00381","b2788",3.48510256686102
"p1k_00794","b3124",3.70135063075231
"p1k_00794","b2788",3.26652523854408
"p1k_00256","b3124",2.86298038993091
"p1k_00256","b2788",2.5631535501877
"p1k_00424","b3124",2.36850081740507
"p1k_00424","b2788",2.14827664890263
"p1k_00665","b3124",5.03499250310158
"p1k_00665","b2788",4.38532563603658
"p1k_00975","b3124",4.10197507102573
"p1k_00975","b2788",3.60262340156964
"p1k_01040","b3124",3.70473130374549
"p1k_01040","b2788",3.26936144852625
"p1k_00032","b3124",5.54111047190875
"p1k_00032","b2788",4.80988161216444
"p1k_01042","b3124",4.50820971700068
"p1k_01042","b2788",3.94341777741854
"p1k_00541","b3124",2.19101113620945
"p1k_00541","b2788",1.99935595997729
"p1k_00537","b3124",3.83548634139935
"p1k_00537","b2788",3.37905761384522
"p1k_00770","b3124",4.13315491406289
"p1k_00770","b2788",3.62878085964435
"p1k_00931","b3124",5.85242255432993
"p1k_00931","b2788",5.07101702223942
"p1k_00081","b3124",3.36522352503398
"p1k_00081","b2788",2.9845283451809
"p1k_00628","b3124",3.8188908303
"p1k_00628","b2788",3.36513496803636
"p1k_00384","b3124",1.40562312989686
"p1k_00384","b2788",1.3403611518686
"starve_series__t21_growth2","b3124",2.56475564000313
"starve_series__t21_growth2","b2788",2.3129396899391
"p1k_00594","b3124",2.94913003671132
"p1k_00594","b2788",2.63543300595329
"p1k_00650","b3124",4.53954632064969
"p1k_00650","b2788",3.96970593830012
"p1k_00986","b3124",3.53741312746618
"p1k_00986","b2788",3.12898927348525
"p1k_00897","b3124",3.82634339635166
"p1k_00897","b2788",3.37138722942961
"p1k_00730","b3124",4.47333720194943
"p1k_00730","b2788",3.91416328036166
"p1k_00620","b3124",3.98456528095979
"p1k_00620","b2788",3.50412518593723
"p1k_00555","b3124",2.60650056014876
"p1k_00555","b2788",2.34796447859735
"p1k_00953","b3124",3.24242484463273
"p1k_00953","b2788",2.88150348865576
"p1k_00792","b3124",1.74541735563585
"p1k_00792","b2788",1.62547678768976
"p1k_00188","b3124",3.14316909991877
"p1k_00188","b2788",2.79822983604071
"p1k_00410","b3124",4.82757779538205
"p1k_00410","b2788",4.21133156145259
"p1k_00956","b3124",4.53900214109781
"p1k_00956","b2788",3.96924942861817
"p1k_00250","b3124",764.660598597148
"p1k_00250","b2788",623.830133751351
"p1k_00446","b3124",3.16693050645475
"p1k_00446","b2788",2.81816525401945
"p1k_00448","b3124",4.02852842299195
"p1k_00448","b2788",3.54100714491059
"p1k_00195","b3124",3.49702300641102
"p1k_00195","b2788",3.09510357281917
"p1k_00644","b3124",4.70740798381064
"p1k_00644","b2788",4.11052340677633
"p1k_00689","b3124",6.61672490500973
"p1k_00689","b2788",5.71210456356923
"p1k_00388","b3124",1.94165853962057
"p1k_00388","b2788",1.79013613870416
"p1k_00746","b3124",3.74845483307434
"p1k_00746","b2788",3.30604316541692
"p1k_00018","b3124",6.0112657262802
"p1k_00018","b2788",5.20425579585477
"p1k_00421","b3124",2.5335246557774
"p1k_00421","b2788",2.2867362229198
"p1k_00511","b3124",2.75947776421322
"p1k_00511","b2788",2.47631434253669
"p1k_00933","b3124",5.64872825363425
"p1k_00933","b2788",4.90015446508887
"p1k_00836","b3124",11.1417138605327
"p1k_00836","b2788",9.50685211631943
"p1k_00729","b3124",4.4406928285164
"p1k_00729","b2788",3.88677789788429
"p1k_00602","b3124",1.72222901641342
"p1k_00602","b2788",1.60602007392773
"p1k_00880","b3124",2.42530029537586
"p1k_00880","b2788",2.19593317999071
"p1k_00349","b3124",4.59140804865425
"p1k_00349","b2788",4.01321241332033
"p1k_00934","b3124",2.8881805436469
"p1k_00934","b2788",2.58429649921339
"p1k_00216","b3124",4.70871207804258
"p1k_00216","b2788",4.11161739137793
"p1k_00364","b3124",2.52131556306742
"p1k_00364","b2788",2.27649251490999
"p1k_00830","b3124",4.42906766437734
"p1k_00830","b2788",3.87702552510719
"p1k_00201","b3124",4.47919108927601
"p1k_00201","b2788",3.91907410245385
"p1k_00708","b3124",6.88951180663599
"p1k_00708","b2788",5.94090594327609
"p1k_00764","b3124",3.79260785842631
"p1k_00764","b2788",3.34308508365258
"starve_series__t28_growth2","b3124",4.06653506557838
"starve_series__t28_growth2","b2788",3.5728919244447
"p1k_00671","b3124",3.67392562588532
"p1k_00671","b2788",3.24351704956638
"p1k_00992","b3124",4.74078912069889
"p1k_00992","b2788",4.13852629536222
"p1k_01010","b3124",4.4791260518214
"p1k_01010","b2788",3.9190195425894
"p1k_00923","b3124",6.15551566807485
"p1k_00923","b2788",5.32525227952215
"p1k_00422","b3124",2.22718739643912
"p1k_00422","b2788",2.02970939982787
"p1k_00551","b3124",2.80694839478155
"p1k_00551","b2788",2.51614251736896
"p1k_00947","b3124",3.79636686098147
"p1k_00947","b2788",3.34623867079923
"p1k_00093","b3124",4.20244774660665
"p1k_00093","b2788",3.68691192462447
"p1k_00995","b3124",5.05242580965627
"p1k_00995","b2788",4.39994979797062
"p1k_00166","b3124",2.96401590188641
"p1k_00166","b2788",2.64792218224403
"p1k_00265","b3124",3.64825830124184
"p1k_00265","b2788",3.22198342200769
"p1k_00759","b3124",2.64907158015952
"p1k_00759","b2788",2.3836822670958
"p1k_00715","b3124",2.79836561024403
"p1k_00715","b2788",2.50894151462812
"p1k_00815","b3124",4.77181410006882
"p1k_00815","b2788",4.16455257869454
"p1k_00088","b3124",4.90164413422605
"p1k_00088","b2788",4.2734639393955
"p1k_00894","b3124",3.25902094426997
"p1k_00894","b2788",2.89542723473662
"p1k_00367","b3124",1.17495116920598
"p1k_00367","b2788",1.14680400625007
"p1k_00109","b3124",5.56734455453254
"p1k_00109","b2788",4.83188757368773
"p1k_00580","b3124",2.57721517970192
"p1k_00580","b2788",2.32339349428439
"p1k_00094","b3124",11.0816000575015
"p1k_00094","b2788",9.45644796338791
"p1k_00574","b3124",3.05706650137249
"p1k_00574","b2788",2.72599091307253
"p1k_00655","b3124",4.59170634104516
"p1k_00655","b2788",4.01346264842391
"p1k_01028","b3124",5.40145234120194
"p1k_01028","b2788",4.6927313097602
"p1k_00851","b3124",3.60102236140127
"p1k_00851","b2788",3.18235467410288
"p1k_00878","b3124",2.03508175247903
"p1k_00878","b2788",1.8685235440333
"p1k_00163","b3124",3.12634718679823
"p1k_00163","b2788",2.78411651396203
"p1k_00873","b3124",3.09907491238281
"p1k_00873","b2788",2.7612354640393
"p1k_00377","b3124",1.58089399342228
"p1k_00377","b2788",1.48742890809173
"p1k_00314","b3124",3.07655514092094
"p1k_00314","b2788",2.74234166088143
"p1k_00791","b3124",2.60034280257922
"p1k_00791","b2788",2.34279800883947
"p1k_01033","b3124",3.9051992966778
"p1k_01033","b2788",3.43754244228902
"p1k_00556","b3124",5.72014708710306
"p1k_00556","b2788",4.96006220652004
"p1k_00639","b3124",4.24019973885048
"p1k_00639","b2788",3.71858265531977
"p1k_00127","b3124",2.38850252499882
"p1k_00127","b2788",2.16505872787855
"p1k_00138","b3124",3.77567424614091
"p1k_00138","b2788",3.32887874486544
"p1k_00035","b3124",5.75875108935294
"p1k_00035","b2788",4.99244398678244
"p1k_00676","b3124",4.69352564645423
"p1k_00676","b2788",4.09887772071771
"p1k_00153","b3124",5.14382363441057
"p1k_00153","b2788",4.47661976815827
"p1k_00196","b3124",3.15880152323518
"p1k_00196","b2788",2.8113451786901
"p1k_00449","b3124",2.64107546465882
"p1k_00449","b2788",2.3769734029652
"p1k_00466","b3124",6.16966991547793
"p1k_00466","b2788",5.33712475513248
"p1k_00690","b3124",6.90059318617665
"p1k_00690","b2788",5.95020040617982
"p1k_00420","b3124",2.12877212107627
"p1k_00420","b2788",1.94713455247596
"p1k_00485","b3124",4.83140567984279
"p1k_00485","b2788",4.21454268541108
"p1k_00504","b3124",2.941042752067
"p1k_00504","b2788",2.62864780333852
"p1k_00822","b3124",30.8221986878252
"p1k_00822","b2788",25.9962272827217
"p1k_00124","b3124",6.14694733506087
"p1k_00124","b2788",5.31806522046065
"p1k_00341","b3124",3.68266126826425
"p1k_00341","b2788",3.2508458159093
"p1k_00561","b3124",2.67123489678699
"p1k_00561","b2788",2.4022776101074
"p1k_00343","b3124",3.58016215913642
"p1k_00343","b2788",3.16485389341568
"p1k_00184","b3124",2.46619891646295
"p1k_00184","b2788",2.23024827023273
"p1k_00590","b3124",2.84566930631072
"p1k_00590","b2788",2.54862951392248
"p1k_00657","b3124",3.84083889785311
"p1k_00657","b2788",3.38354808632503
"p1k_00692","b3124",3.00027815873414
"p1k_00692","b2788",2.67834599959754
"p1k_00844","b3124",5.96527679701912
"p1k_00844","b2788",5.16568012191052
"p1k_00814","b3124",3.89750498382886
"p1k_00814","b2788",3.43108740806025
"p1k_00570","b3124",2.30985262168353
"p1k_00570","b2788",2.09906877138928
"p1k_00101","b3124",2.54403806410118
"p1k_00101","b2788",2.29555720537538
"p1k_00372","b3124",1.85941294821173
"p1k_00372","b2788",1.7211269373864
"p1k_00827","b3124",3.33018601977117
"p1k_00827","b2788",2.95513289914411
"p1k_00353","b3124",4.63880920659248
"p1k_00353","b2788",4.05297679524556
"p1k_00288","b3124",4.27744711275776
"p1k_00288","b2788",3.74982996533745
"p1k_00879","b3124",2.28166321319186
"p1k_00879","b2788",2.07541679890173
"p1k_01034","b3124",4.32585494815824
"p1k_01034","b2788",3.79043980131272
"p1k_00266","b3124",4.83440579113113
"p1k_00266","b2788",4.2170594089041
"p1k_00981","b3124",4.05613749522259
"p1k_00981","b2788",3.56416913626614
"p1k_00036","b3124",5.37141022362605
"p1k_00036","b2788",4.66753073099346
"p1k_00334","b3124",2.65381151456486
"p1k_00334","b2788",2.38765914319368
"p1k_00286","b3124",3.8915531342239
"p1k_00286","b2788",3.42609418598997
"p1k_00283","b3124",3.07878305882944
"p1k_00283","b2788",2.7442108572345
"p1k_00272","b3124",4.83390081581498
"p1k_00272","b2788",4.21663579691121
"p1k_00242","b3124",7.08514107583585
"p1k_00242","b2788",6.10498806879808
"p1k_00016","b3124",5.02572115876033
"p1k_00016","b2788",4.37754823721877
"p1k_00540","b3124",2.1865603666097
"p1k_00540","b2788",1.99562156692886
"p1k_00742","b3124",3.87782317942814
"p1k_00742","b2788",3.41457562136866
"p1k_00031","b3124",6.18990372236547
"p1k_00031","b2788",5.35409669718244
"p1k_00705","b3124",4.31572779503867
"p1k_00705","b2788",3.78194403964804
"p1k_00112","b3124",4.65978932680703
"p1k_00112","b2788",4.0705767736845
"p1k_00747","b3124",2.79714760025693
"p1k_00747","b2788",2.50791959726958
"p1k_00821","b3124",19.4066614109329
"p1k_00821","b2788",16.4346574044201
"p1k_00434","b3124",5.99117953389094
"p1k_00434","b2788",5.18740744424959
"p1k_00199","b3124",4.08195783306793
"p1k_00199","b2788",3.5858304666324
"p1k_00206","b3124",3.31671708352274
"p1k_00206","b2788",2.94383283336254
"starve_series__t23_growth2","b3124",4.27843995532432
"starve_series__t23_growth2","b2788",3.75066287277223
"p1k_00172","b3124",352.518754011501
"p1k_00172","b2788",292.099716022471
"p1k_00926","b3124",5.58409965872045
"p1k_00926","b2788",4.84594225150991
"p1k_00512","b3124",2.56356897464843
"p1k_00512","b2788",2.31194405333152
"p1k_00798","b3124",3.89591090426071
"p1k_00798","b2788",3.42975007723047
"p1k_00010","b3124",4.0039321387382
"p1k_00010","b2788",3.52037262151172
"p1k_00351","b3124",4.95653874933747
"p1k_00351","b2788",4.31951341893375
"p1k_00940","b3124",4.57038396257191
"p1k_00940","b2788",3.99557546126605
"p1k_00125","b3124",4.1746260040124
"p1k_00125","b2788",3.66357177625522
"p1k_00090","b3124",4.3150568013859
"p1k_00090","b2788",3.78138113668697
"p1k_00458","b3124",9.3475148331932
"p1k_00458","b2788",8.00235561915204
"p1k_00554","b3124",3.41418840122843
"p1k_00554","b2788",3.02560831924757
"p1k_00617","b3124",4.6576869379075
"p1k_00617","b2788",4.06881310538648
"p1k_00116","b3124",6.100462843254
"p1k_00116","b2788",5.27907426593423
"p1k_00935","b3124",2.79612637501995
"p1k_00935","b2788",2.50706278337151
"p1k_00363","b3124",1.61838839475071
"p1k_00363","b2788",1.51888977404368
"p1k_00793","b3124",3.49993232508618
"p1k_00793","b2788",3.09754437861035
"p1k_00020","b3124",7.9850569751273
"p1k_00020","b2788",6.85975244054438
"p1k_00997","b3124",3.71513820346499
"p1k_00997","b2788",3.2780922951806
"p1k_00078","b3124",4.14511575561509
"p1k_00078","b2788",3.63881505709402
"p1k_00789","b3124",3.69893674001808
"p1k_00789","b2788",3.26450010848595
"p1k_00255","b3124",3.42091967359739
"p1k_00255","b2788",3.03125563082963
"p1k_00161","b3124",2.16205161462889
"p1k_00161","b2788",1.97505761475785
"p1k_00080","b3124",2.86887915738611
"p1k_00080","b2788",2.56810262438699
"p1k_01026","b3124",3.56981723492165
"p1k_01026","b2788",3.15617495247994
"p1k_00187","b3124",2.3841738900509
"p1k_00187","b2788",2.16142686543912
"p1k_00003","b3124",8.5080268320007
"p1k_00003","b2788",7.29834653500419
"p1k_00045","b3124",3.39320547257029
"p1k_00045","b2788",3.00800432796269
"p1k_00763","b3124",3.74890146786795
"p1k_00763","b2788",3.30641786764162
"p1k_00725","b3124",3.88258168684797
"p1k_00725","b2788",3.41856770980673
"p1k_00277","b3124",2.85970347872586
"p1k_00277","b2788",2.56040421612019
"p1k_00456","b3124",5.49614642109859
"p1k_00456","b2788",4.77216427141227
"p1k_00783","b3124",2.48121140830471
"p1k_00783","b2788",2.24284414535783
"p1k_00186","b3124",2.38424638848542
"p1k_00186","b2788",2.16148769394205
"p1k_00922","b3124",6.11474760409761
"p1k_00922","b2788",5.29105626501348
"p1k_00970","b3124",4.77137746291869
"p1k_00970","b2788",4.16418629226082
"p1k_00525","b3124",1.59189023247144
"p1k_00525","b2788",1.49665566026886
"p1k_00405","b3124",1.70812263314315
"p1k_00405","b2788",1.59418376923806
"p1k_00028","b3124",6.64921722707865
"p1k_00028","b2788",5.73935790881223
"p1k_00678","b3124",4.17641492358321
"p1k_00678","b2788",3.66507253376995
"p1k_00685","b3124",8.31664004667146
"p1k_00685","b2788",7.13784003304197
"p1k_00677","b3124",4.17612843178308
"p1k_00677","b2788",3.66483219054571
"p1k_00181","b3124",2.40715233650678
"p1k_00181","b2788",2.18070649950277
"p1k_00592","b3124",3.70555976311384
"p1k_00592","b2788",3.27005648302424
"p1k_00501","b3124",3.02473179606267
"p1k_00501","b2788",2.69886240849352
"p1k_00945","b3124",4.79598318975181
"p1k_00945","b2788",4.1848275402586
"p1k_00397","b3124",2.87883182673033
"p1k_00397","b2788",2.57645292297707
"p1k_00612","b3124",2.39996864063714
"p1k_00612","b2788",2.17467915795899
"p1k_00457","b3124",8.62335158318251
"p1k_00457","b2788",7.3950625015923
"p1k_00516","b3124",3.12008411100155
"p1k_00516","b2788",2.77886188671554
"p1k_00304","b3124",3.8378380646095
"p1k_00304","b2788",3.38103056819776
"p1k_01018","b3124",3.80234080380327
"p1k_01018","b2788",3.35125046371325
"p1k_00289","b3124",2.40263801189628
"p1k_00289","b2788",2.17691884284019
"p1k_00248","b3124",492.113427448294
"p1k_00248","b2788",405.594668249102
"p1k_00445","b3124",3.28703703024574
"p1k_00445","b2788",2.91893204721051
"p1k_00886","b3124",20.0774989992877
"p1k_00886","b2788",16.9967739900791
"p1k_00069","b3124",4.10971106648894
"p1k_00069","b2788",3.6091133045493
"p1k_00052","b3124",3.67359204100381
"p1k_00052","b2788",3.24323718846587
"p1k_00064","b3124",7.82767194966359
"p1k_00064","b2788",6.7277564641755
"p1k_01013","b3124",5.71463031415815
"p1k_01013","b2788",4.95543462345546
"p1k_00724","b3124",4.51835361307827
"p1k_00724","b2788",3.95192746112766
"p1k_00870","b3124",3.62900521140951
"p1k_00870","b2788",3.20583099571421
"p1k_00937","b3124",3.53880690252986
"p1k_00937","b2788",3.13015859332902
"p1k_00734","b3124",2.49592302010036
"p1k_00734","b2788",2.2551875603552
"p1k_00967","b3124",4.71661289231874
"p1k_00967","b2788",4.1182452606995
"p1k_00607","b3124",2.19192596124645
"p1k_00607","b2788",2.00012353859253
"p1k_00766","b3124",3.54818181006283
"p1k_00766","b2788",3.13802375122803
"p1k_00034","b3124",11.5873102861296
"p1k_00034","b2788",9.88046816173856
"p1k_00659","b3124",4.65809022160381
"p1k_00659","b2788",4.06915141516166
"p1k_00711","b3124",3.52204385434809
"p1k_00711","b2788",3.11609507850925
"p1k_00068","b3124",3.50477312172164
"p1k_00068","b2788",3.10160561848168
"p1k_00105","b3124",8.5046984087076
"p1k_00105","b2788",7.29555517308409
"p1k_00801","b3124",4.37127446890736
"p1k_00801","b2788",3.82854257401054
"p1k_00012","b3124",5.45817600331529
"p1k_00012","b2788",4.74031332276423
"p1k_00111","b3124",5.11679850924791
"p1k_00111","b2788",4.45394952948627
"p1k_00697","b3124",4.4129644688432
"p1k_00697","b2788",3.86351650894216
"p1k_00784","b3124",2.57242460684849
"p1k_00784","b2788",2.3193741084956
"p1k_00682","b3124",3.89062741396465
"p1k_00682","b2788",3.42531756555476
"p1k_00360","b3124",1.64441205479009
"p1k_00360","b2788",1.54072569850332
"p1k_00803","b3124",4.66633453637421
"p1k_00803","b2788",4.07606746803159
"p1k_00470","b3124",10.9412523056565
"p1k_00470","b2788",9.33876844960503
"p1k_00634","b3124",4.71811246269158
"p1k_00634","b2788",4.11950322634612
"p1k_00745","b3124",4.69774512880195
"p1k_00745","b2788",4.1024173829107
"p1k_00387","b3124",1.63564565126795
"p1k_00387","b2788",1.53336999219684
"p1k_00868","b3124",3.29428466585378
"p1k_00868","b2788",2.92501262852425
"p1k_00311","b3124",3.73679318934033
"p1k_00311","b2788",3.29625967807493
"p1k_00079","b3124",3.54179408378674
"p1k_00079","b2788",3.13266471489301
"p1k_00683","b3124",4.27510698871065
"p1k_00683","b2788",3.74786680720118
"p1k_00698","b3124",4.15802980081932
"p1k_00698","b2788",3.64964890662733
"p1k_00450","b3124",2.782274798702
"p1k_00450","b2788",2.49544122395528
"p1k_00515","b3124",3.04421386077405
"p1k_00515","b2788",2.71520768003156
"p1k_00175","b3124",3.89659049837168
"p1k_00175","b2788",3.43032021325499
"p1k_00972","b3124",3.16924579603144
"p1k_00972","b2788",2.82010774087968
"p1k_00760","b3124",2.81424658822485
"p1k_00760","b2788",2.52226573754576
"p1k_00619","b3124",3.32498228864498
"p1k_00619","b2788",2.95076711371105
"p1k_00523","b3124",2.95540292380669
"p1k_00523","b2788",2.64069593272039
"p1k_01049","b3124",4.91634226065147
"p1k_01049","b2788",4.28579378447415
"p1k_00275","b3124",3.81307649926847
"p1k_00275","b2788",3.36025708632338
"p1k_00876","b3124",2.91450206027156
"p1k_00876","b2788",2.60638022962161
"starve_series__t00_growth1","b3124",3.78140902713739
"starve_series__t00_growth1","b2788",3.33368990239078
"p1k_00040","b3124",4.25416543894728
"p1k_00040","b2788",3.73029867442725
"p1k_00317","b3124",3.21583354665625
"p1k_00317","b2788",2.85919396453603
"p1k_00043","b3124",4.0197743290279
"p1k_00043","b2788",3.53366309055049
"p1k_00965","b3124",3.87269646991241
"p1k_00965","b2788",3.41027463292389
"p1k_00440","b3124",5.11471435997047
"p1k_00440","b2788",4.45220122255983
"p1k_00308","b3124",3.56391133574655
"p1k_00308","b2788",3.15122015720826
"p1k_00514","b3124",2.76904773220654
"p1k_00514","b2788",2.48434362084298
"p1k_00007","b3124",7.53663541317488
"p1k_00007","b2788",6.48366524616671
"p1k_00427","b3124",4.82225039560021
"p1k_00427","b2788",4.20686252714167
"p1k_00595","b3124",2.27776730756981
"p1k_00595","b2788",2.072147983796
"p1k_01029","b3124",4.61917216905519
"p1k_01029","b2788",4.03650348793869
"p1k_00924","b3124",5.92453623837632
"p1k_00924","b2788",5.13150668753681
"p1k_00371","b3124",1.46951246419641
"p1k_00371","b2788",1.39397017962111
"p1k_00661","b3124",4.05565886986415
"p1k_00661","b2788",3.56376760502458
"p1k_00704","b3124",4.87239756921117
"p1k_00704","b2788",4.24892977742231
"p1k_00757","b3124",2.65745539442952
"p1k_00757","b2788",2.39071641211506
"p1k_00892","b3124",2.17429533397856
"p1k_00892","b2788",1.98533065420034
"p1k_00055","b3124",5.41031785947481
"p1k_00055","b2788",4.70016806459512
"p1k_00245","b3124",44.4019434659848
"p1k_00245","b2788",37.3597960928071
"p1k_00957","b3124",4.47730293268213
"p1k_00957","b2788",3.91749012941028
"p1k_01050","b3124",6.22476291319896
"p1k_01050","b2788",5.38333622381346
"p1k_00251","b3124",501.023210260587
"p1k_00251","b2788",412.798712229574
"p1k_00401","b3124",2.76188402037448
"p1k_00401","b2788",2.47833321090051
"p1k_00398","b3124",5.57185555139099
"p1k_00398","b2788",4.83567153325728
"starve_series__t11_starve","b3124",12.2504089305544
"starve_series__t11_starve","b2788",10.4364284532509
"p1k_00416","b3124",5.35810640083038
"p1k_00416","b2788",4.65637091236704
"p1k_00479","b3124",2.38264984984234
"p1k_00479","b2788",2.16014814693311
"p1k_00366","b3124",1.36427491650848
"p1k_00366","b2788",1.3056660598336
"p1k_00453","b3124",2.99574300296811
"p1k_00453","b2788",2.674541035503
"p1k_00653","b3124",3.31348655635759
"p1k_00653","b2788",2.94112250852059
"p1k_01045","b3124",3.5965772390462
"p1k_01045","b2788",3.17862541672426
"p1k_00624","b3124",4.57654602146722
"p1k_00624","b2788",4.00074477030958
"p1k_00192","b3124",3.59619813133754
"p1k_00192","b2788",3.17830736237961
"p1k_00261","b3124",2.97036094228306
"p1k_00261","b2788",2.65324563933468
"p1k_00579","b3124",3.27467146927946
"p1k_00579","b2788",2.90855764944389
"p1k_00987","b3124",4.35607838197184
"p1k_00987","b2788",3.81579447857326
"p1k_00599","b3124",2.02085600578374
"p1k_00599","b2788",1.85658736670433
"p1k_00722","b3124",4.35637062289402
"p1k_00722","b2788",3.81603964150765
"p1k_00425","b3124",4.55099921441261
"p1k_00425","b2788",3.97931371297907
"starve_series__t27_growth2","b3124",3.69269282509866
"starve_series__t27_growth2","b2788",3.2592617835938
"p1k_00193","b3124",5.04922719113678
"p1k_00193","b2788",4.39726659556775
"p1k_00478","b3124",3.42210757307596
"p1k_00478","b2788",3.03225223832205
"p1k_00194","b3124",4.39189543397088
"p1k_00194","b2788",3.84584161132311
"p1k_00613","b3124",2.48787768440288
"p1k_00613","b2788",2.24843732158647
"p1k_00046","b3124",3.57773349894737
"p1k_00046","b2788",3.16281635388502
"p1k_00300","b3124",3.31532226721294
"p1k_00300","b2788",2.94266262031713
"p1k_00257","b3124",4.64386892648341
"p1k_00257","b2788",4.05722133787165
"p1k_01054","b3124",4.86814081225709
"p1k_01054","b2788",4.24535889322673
"p1k_00841","b3124",2.63332878913396
"p1k_00841","b2788",2.37047381895222
"p1k_00548","b3124",2.53354182908204
"p1k_00548","b2788",2.28675063170851
"p1k_01001","b3124",4.38952244077726
"p1k_01001","b2788",3.84385089607916
"p1k_00905","b3124",4.46187321261119
"p1k_00905","b2788",3.9045461412195
"p1k_00668","b3124",4.41962683279879
"p1k_00668","b2788",3.8691055868544
"p1k_00365","b3124",1.11975962175581
"p1k_00365","b2788",1.10049220594579
"p1k_00329","b3124",2.74444903713956
"p1k_00329","b2788",2.46370511077086
"p1k_00864","b3124",2.94638056284183
"p1k_00864","b2788",2.63312620776991
"p1k_00882","b3124",3.21583354604601
"p1k_00882","b2788",2.85919396402406
"p1k_00904","b3124",5.36517535959389
"p1k_00904","b2788",4.66230066034043
"p1k_00220","b3124",3.53751535438088
"p1k_00220","b2788",3.12907503765831
"p1k_00408","b3124",2.34778743193883
"p1k_00408","b2788",2.13089742245924
"starve_series__t22_growth2","b3124",3.89516392338946
"starve_series__t22_growth2","b2788",3.42912340798716
"p1k_00171","b3124",337.243323642888
"p1k_00171","b2788",279.608533577848
"p1k_00177","b3124",2.22333779604098
"p1k_00177","b2788",2.02647942330001
"p1k_00254","b3124",659.414452441131
"p1k_00254","b2788",540.076684970678
"p1k_00829","b3124",2.18613078508346
"p1k_00829","b2788",1.99526112891355
"starve_series__t17_starve","b3124",10.578568279645
"starve_series__t17_starve","b2788",9.03465748059584
"p1k_00532","b3124",1.72383059253066
"p1k_00532","b2788",1.60736391460557
"p1k_00950","b3124",5.6110788805184
"p1k_00950","b2788",4.86857318471619
"p1k_00631","b3124",4.72863541403043
"p1k_00631","b2788",4.1283307582261
"p1k_00989","b3124",5.80708871733479
"p1k_00989","b2788",5.03299038651234
"p1k_00164","b3124",2.7678601276352
"p1k_00164","b2788",2.48334721159609
"p1k_00074","b3124",5.74315037634586
"p1k_00074","b2788",4.97935781975164
"p1k_00182","b3124",2.27903116887146
"p1k_00182","b2788",2.07320841228838
"p1k_00302","b3124",3.70786326128601
"p1k_00302","b2788",3.27198899844673
"p1k_00212","b3124",3.06141628691552
"p1k_00212","b2788",2.72964033595514
"p1k_00490","b3124",5.82189800295115
"p1k_00490","b2788",5.0454126299461
"p1k_00804","b3124",4.24031790915743
"p1k_00804","b2788",3.7186817900777
"p1k_00911","b3124",5.10022759968945
"p1k_00911","b2788",4.44004886885288
"p1k_00973","b3124",5.16591776786279
"p1k_00973","b2788",4.49515357127978
"p1k_00481","b3124",5.72625794761553
"p1k_00481","b2788",4.9651881202521
"p1k_00522","b3124",3.13256711750846
"p1k_00522","b2788",2.78933494066273
"p1k_00489","b3124",5.55490754097175
"p1k_00489","b2788",4.82145502671644
"p1k_00089","b3124",5.88707722914535
"p1k_00089","b2788",5.10008574442289
"p1k_00740","b3124",3.23242503593043
"p1k_00740","b2788",2.8731138706017
"p1k_00733","b3124",3.69040980330275
"p1k_00733","b2788",3.25734644459413
"p1k_00102","b3124",2.32553982634146
"p1k_00102","b2788",2.1122309034702
"p1k_00811","b3124",3.45981925658729
"p1k_00811","b2788",3.06389101902559
"p1k_00598","b3124",2.54250349461686
"p1k_00598","b2788",2.29426966802414
"p1k_00292","b3124",4.69052271278809
"p1k_00292","b2788",4.09635860278081
"p1k_00647","b3124",6.06618131599266
"p1k_00647","b2788",5.25031900805862
"starve_series__t10_starve","b3124",12.7281314792062
"starve_series__t10_starve","b2788",10.83694702689
"p1k_00877","b3124",3.29929907509404
"p1k_00877","b2788",2.9292195879588
"p1k_00415","b3124",5.01172959814804
"p1k_00415","b2788",4.36581120765762
"p1k_00158","b3124",9.84792930465907
"p1k_00158","b2788",8.42199056599845
"p1k_00861","b3124",4.41308527524449
"p1k_00861","b2788",3.86361785383423
"p1k_00519","b3124",3.7365372658345
"p1k_00519","b2788",3.2960449720211
"p1k_00471","b3124",20.6381861373611
"p1k_00471","b2788",17.4665700918794
"p1k_00207","b3124",3.55324070724875
"p1k_00207","b2788",3.14226795345862
"p1k_00438","b3124",2.83069572504074
"p1k_00438","b2788",2.53606663181497
"p1k_00488","b3124",7.77585679133122
"p1k_00488","b2788",6.68429968392502
"p1k_00663","b3124",6.01757406967737
"p1k_00663","b2788",5.20954724579995
"p1k_00149","b3124",4.05529584915103
"p1k_00149","b2788",3.56346305751218
"p1k_00761","b3124",4.63358955932049
"p1k_00761","b2788",4.04859808962131
"p1k_00843","b3124",5.17233756765411
"p1k_00843","b2788",4.50053885500186
"p1k_00907","b3124",3.63983944577854
"p1k_00907","b2788",3.21492040574041
"p1k_00627","b3124",4.20596862943708
"p1k_00627","b2788",3.68986565155441
"p1k_00524","b3124",1.8956263356579
"p1k_00524","b2788",1.75151228994563
"p1k_00247","b3124",647.292846221903
"p1k_00247","b2788",530.38871538625
"p1k_00306","b3124",3.76083227808736
"p1k_00306","b2788",3.3164271618232
"p1k_00451","b3124",2.69064251584535
"p1k_00451","b2788",2.41856085744949
"p1k_00978","b3124",4.00339672338879
"p1k_00978","b2788",3.51992344589916
"p1k_00211","b3124",3.62389430514701
"p1k_00211","b2788",3.20154318459344
"p1k_00752","b3124",2.48764524791648
"p1k_00752","b2788",2.24824230147401
"p1k_00517","b3124",2.5294089580953
"p1k_00517","b2788",2.2832830594931
"p1k_00891","b3124",5.53614904430114
"p1k_00891","b2788",4.80571980802297
"p1k_00643","b3124",4.27182145037597
"p1k_00643","b2788",3.74511052909162
"p1k_01039","b3124",3.25179391137493
"p1k_01039","b2788",2.88936392242069
"p1k_00110","b3124",4.25546809851549
"p1k_00110","b2788",3.73139149293844
"p1k_00075","b3124",2.8669821752889
"p1k_00075","b2788",2.56651105397748
"p1k_00223","b3124",3.43354238620988
"p1k_00223","b2788",3.0418456552855
"p1k_00885","b3124",4.45584746979488
"p1k_00885","b2788",3.89949114302621
"p1k_00984","b3124",5.40930034709296
"p1k_00984","b2788",4.6993145343616
"p1k_00603","b3124",2.39083296375112
"p1k_00603","b2788",2.16701403964407
"p1k_00899","b3124",3.21993845212107
"p1k_00899","b2788",2.86263789440227
"p1k_00049","b3124",5.22222521657029
"p1k_00049","b2788",4.54238728966429
"p1k_00621","b3124",4.29250913891212
"p1k_00621","b2788",3.76246567146116
"p1k_00848","b3124",11.2410328457954
"p1k_00848","b2788",9.59012848418368
"p1k_00150","b3124",4.2333795457319
"p1k_00150","b2788",3.71286109642242
"p1k_00174","b3124",2.37695664086731
"p1k_00174","b2788",2.1553713611112
"p1k_00234","b3124",4.25176233512392
"p1k_00234","b2788",3.72828267824969
"p1k_00688","b3124",5.89593513286158
"p1k_00688","b2788",5.107515839218
"p1k_00497","b3124",6.26040125637038
"p1k_00497","b2788",5.41322921570454
"p1k_00640","b3124",4.40943591469116
"p1k_00640","b2788",3.86055639271343
"p1k_00262","b3124",4.16980855542983
"p1k_00262","b2788",3.65953032906849
"p1k_00086","b3124",6.21287571585391
"p1k_00086","b2788",5.3733653749963
"p1k_00921","b3124",4.81648756726364
"p1k_00921","b2788",4.20202821971033
"p1k_00486","b3124",4.55170257104149
"p1k_00486","b2788",3.97990375502831
"p1k_00971","b3124",4.25972964973686
"p1k_00971","b2788",3.73496656442733
"p1k_00281","b3124",5.07360899046712
"p1k_00281","b2788",4.41771956605887
"p1k_00285","b3124",3.57460279902711
"p1k_00285","b2788",3.16018983321539
"p1k_00571","b3124",3.13851488677457
"p1k_00571","b2788",2.79432502578176
"p1k_00860","b3124",4.46462937266454
"p1k_00860","b2788",3.90685828428502
"p1k_00307","b3124",3.88106066216798
"p1k_00307","b2788",3.41729166592142
"p1k_00535","b3124",3.476918822914
"p1k_00535","b2788",3.07823692613879
"p1k_00029","b3124",4.4085038728266
"p1k_00029","b2788",3.85977449945198
"p1k_00518","b3124",3.64580309863841
"p1k_00518","b2788",3.21992362515102
"p1k_00854","b3124",2.2116669992039
"p1k_00854","b2788",2.01668712850235
"p1k_00473","b3124",4.83147639663414
"p1k_00473","b2788",4.21460200808705
"p1k_00278","b3124",2.29555825435502
"p1k_00278","b2788",2.08707526661687
"p1k_00113","b3124",6.37304556174849
"p1k_00113","b2788",5.50771330627065
"p1k_00824","b3124",54.8600951981707
"p1k_00824","b2788",46.1032741386278
"p1k_00249","b3124",744.806469641655
"p1k_00249","b2788",608.080075307688
"p1k_00291","b3124",3.64082144141079
"p1k_00291","b2788",3.21574425324606
"p1k_00495","b3124",6.60362204300256
"p1k_00495","b2788",5.70111435374966
"p1k_00716","b3124",4.75581830179349
"p1k_00716","b2788",4.15113400597979
"p1k_01007","b3124",4.34056782168259
"p1k_01007","b2788",3.8027825543134
"p1k_00073","b3124",3.0163676539595
"p1k_00073","b2788",2.69184496348825
"p1k_00960","b3124",3.53175586632206
"p1k_00960","b2788",3.12424306324522
"p1k_00961","b3124",3.2187861027419
"p1k_00961","b2788",2.86167109747247
"p1k_00623","b3124",3.76553408304089
"p1k_00623","b2788",3.32037171533834
"p1k_00374","b3124",1.68755360338893
"p1k_00374","b2788",1.57692480089239
"p1k_00914","b3124",3.11059120272617
"p1k_00914","b2788",2.77089747341655
"p1k_00301","b3124",3.24854179269045
"p1k_00301","b2788",2.88663546949039
"p1k_00553","b3124",2.72158100136158
"p1k_00553","b2788",2.444518603848
"p1k_00042","b3124",4.89257447537024
"p1k_00042","b2788",4.26585565070686
"p1k_00118","b3124",5.99705598673157
"p1k_00118","b2788",5.1923366311698
"p1k_00735","b3124",5.17596943158286
"p1k_00735","b2788",4.50358546251369
"p1k_00545","b3124",2.00431351484668
"p1k_00545","b2788",1.84270729846787
"p1k_00605","b3124",2.78729553048311
"p1k_00605","b2788",2.49965365081824
"p1k_00215","b3124",3.91243748937282
"p1k_00215","b2788",3.44361481758197
"p1k_00189","b3124",2.79869771952613
"p1k_00189","b2788",2.50922015620251
"p1k_00340","b3124",3.89891360379928
"p1k_00340","b2788",3.43226915001205
"p1k_00547","b3124",2.20741216600039
"p1k_00547","b2788",2.01311714037756
"p1k_00403","b3124",4.36507063110255
"p1k_00403","b2788",3.82333813619183
"p1k_00290","b3124",2.16963085940471
"p1k_00290","b2788",1.98141694822717
"p1k_00838","b3124",4.46609407447289
"p1k_00838","b2788",3.90808702264695
"p1k_00699","b3124",4.41306794495082
"p1k_00699","b2788",3.86360331539325
"p1k_00276","b3124",4.50400220638265
"p1k_00276","b2788",3.93988810758534
"p1k_00338","b3124",3.84040670899015
"p1k_00338","b2788",3.38318550596719
"p1k_00670","b3124",3.6142394892498
"p1k_00670","b2788",3.1934432414635
"p1k_00038","b3124",5.85046344486758
"p1k_00038","b2788",5.06937369741336
"p1k_00433","b3124",5.61016221788347
"p1k_00433","b2788",4.86780426296623
"p1k_00065","b3124",7.99590069981876
"p1k_00065","b2788",6.86884681866343
"p1k_00701","b3124",3.38643805858026
"p1k_00701","b2788",3.00232668287539
"p1k_00252","b3124",531.197971801566
"p1k_00252","b2788",437.161323010342
"p1k_00993","b3124",3.85775538037926
"p1k_00993","b2788",3.39773998434256
"p1k_00337","b3124",3.39547491986772
"p1k_00337","b2788",3.00990832141109
"p1k_00906","b3124",3.09933191586052
"p1k_00906","b2788",2.76145108651788
"p1k_00695","b3124",3.86523978443394
"p1k_00695","b2788",3.40401893748641
"p1k_00988","b3124",4.22953499903996
"p1k_00988","b2788",3.70963584915853
"p1k_00077","b3124",3.48837482108982
"p1k_00077","b2788",3.08784807681141
"p1k_00370","b3124",2.50937376025553
"p1k_00370","b2788",2.26647306009462
"p1k_00404","b3124",3.83028009087362
"p1k_00404","b2788",3.37468988148455
"p1k_00585","b3124",4.15810201425042
"p1k_00585","b2788",3.64970948788213
"p1k_00141","b3124",3.77412183568558
"p1k_00141","b2788",3.32757635976904
"p1k_00738","b3124",3.86429270913478
"p1k_00738","b2788",3.40322439995011
"p1k_00684","b3124",7.99655897445727
"p1k_00684","b2788",6.86939889795701
"p1k_00333","b3124",2.40373774955219
"p1k_00333","b2788",2.1778415565474
"p1k_00024","b3124",7.07399210424952
"p1k_00024","b2788",6.09563704370113
"p1k_00037","b3124",7.05505026445914
"p1k_00037","b2788",6.07974985453374
"p1k_00962","b3124",3.19216225242076
"p1k_00962","b2788",2.83933422271126
"p1k_00719","b3124",7.64233245083282
"p1k_00719","b2788",6.572313563704
"p1k_00736","b3124",4.33142894434588
"p1k_00736","b2788",3.79511587507981
"p1k_00550","b3124",2.50135345160728
"p1k_00550","b2788",2.25974382649531
"p1k_00855","b3124",2.95246121970191
"p1k_00855","b2788",2.63822785524826
"p1k_00573","b3124",2.76645176168641
"p1k_00573","b2788",2.48216558176248
"p1k_00943","b3124",4.80142421154354
"p1k_00943","b2788",4.18939189852494
"p1k_00139","b3124",3.44468298103454
"p1k_00139","b2788",3.05119222518216
"p1k_00710","b3124",3.47066732959037
"p1k_00710","b2788",3.07299215536115
"p1k_00119","b3124",5.92081773194552
"p1k_00119","b2788",5.12838757594005
"p1k_00015","b3124",6.04105730016767
"p1k_00015","b2788",5.22924500018814
"p1k_00294","b3124",2.71425789816798
"p1k_00294","b2788",2.43837444123754
"p1k_00857","b3124",3.70686081226612
"p1k_00857","b2788",3.27114799578418
"p1k_00209","b3124",3.99770584611773
"p1k_00209","b2788",3.51514920121548
"p1k_00318","b3124",3.14391138651099
"p1k_00318","b2788",2.7988526024718
"p1k_00583","b3124",2.33785157647109
"p1k_00583","b2788",2.12256089619038
"p1k_00839","b3124",5.42258689914132
"p1k_00839","b2788",4.71045982243682
"p1k_00459","b3124",5.47528023484519
"p1k_00459","b2788",4.75466097710673
"p1k_00155","b3124",4.16040599436797
"p1k_00155","b2788",3.65164234153399
"p1k_00679","b3124",3.65800285666463
"p1k_00679","b2788",3.23015863139757
"p1k_00454","b3124",3.12112481183993
"p1k_00454","b2788",2.77973501938029
"p1k_00358","b3124",2.8126038904234
"p1k_00358","b2788",2.52088750630937
"p1k_00593","b3124",2.95332118956892
"p1k_00593","b2788",2.63894936643593
"p1k_00846","b3124",7.22348826759357
"p1k_00846","b2788",6.2210239512032
"p1k_00771","b3124",2.28251401774811
"p1k_00771","b2788",2.0761306566171
"p1k_00132","b3124",4.07299586890538
"p1k_00132","b2788",3.57831205444242
"p1k_00375","b3124",2.74368347359107
"p1k_00375","b2788",2.46306279596084
"p1k_00435","b3124",2.30501650036524
"p1k_00435","b2788",2.09501108754437
"p1k_00751","b3124",2.358694575199
"p1k_00751","b2788",2.14004888556092
"p1k_00952","b3124",4.97620886197898
"p1k_00952","b2788",4.33601405193767
"p1k_00998","b3124",3.96605378460256
"p1k_00998","b2788",3.48859531638751
"p1k_00210","b3124",4.9618593724759
"p1k_00210","b2788",4.323976723184
"p1k_00487","b3124",8.35628506310922
"p1k_00487","b2788",7.17108851137098
"p1k_00609","b3124",2.17391316474794
"p1k_00609","b2788",1.98500999691409
"p1k_00614","b3124",6.9710733660175
"p1k_00614","b2788",6.00931519384003
"p1k_00778","b3124",2.25734485711469
"p1k_00778","b2788",2.05501274430077
"p1k_00611","b3124",2.18964608042995
"p1k_00611","b2788",1.99821061778308
"p1k_00154","b3124",3.08181112200807
"p1k_00154","b2788",2.7467513653496
"p1k_00662","b3124",5.99511313614649
"p1k_00662","b2788",5.19070696229839
"p1k_00324","b3124",4.96411838646957
"p1k_00324","b2788",4.32587173878831
"p1k_01032","b3124",3.82288014616648
"p1k_01032","b2788",3.36848176814095
"p1k_00009","b3124",3.46154972285849
"p1k_00009","b2788",3.0653428174122
"p1k_00026","b3124",10.2700624546799
"p1k_00026","b2788",8.77596843646132
"p1k_00151","b3124",8.64816705219883
"p1k_00151","b2788",7.41587364006858
"p1k_00411","b3124",2.30416905472394
"p1k_00411","b2788",2.09430004929692
"p1k_00099","b3124",9.15268713407512
"p1k_00099","b2788",7.83897373676476
"p1k_00004","b3124",9.95268270433567
"p1k_00004","b2788",8.50983211524576
"p1k_00527","b3124",3.03327328320217
"p1k_00527","b2788",2.7060286399179
"p1k_00352","b3124",5.38574367630677
"p1k_00352","b2788",4.67955423488726
"p1k_01030","b3124",5.1170463650008
"p1k_01030","b2788",4.45415744544318
"p1k_00777","b3124",2.39227802892367
"p1k_00777","b2788",2.16822649482142
"p1k_00834","b3124",3.25856667850129
"p1k_00834","b2788",2.8950461164319
"p1k_00484","b3124",6.31020449089099
"p1k_00484","b2788",5.45500340461404
"p1k_00335","b3124",2.58910969129431
"p1k_00335","b2788",2.33337321950335
"p1k_00319","b3124",3.5669247924354
"p1k_00319","b2788",3.15374831797471
"p1k_00818","b3124",3.82901542680691
"p1k_00818","b2788",3.37362890382073
"p1k_00439","b3124",4.88148296224099
"p1k_00439","b2788",4.25655127669438
"p1k_00874","b3124",1.93868744342567
"p1k_00874","b2788",1.78764321041734
"p1k_00191","b3124",3.3044176032637
"p1k_00191","b2788",2.9335138988334
"p1k_00173","b3124",1.88838595774559
"p1k_00173","b2788",1.74543715557699
"starve_series__t12_starve","b3124",9.99311780361815
"starve_series__t12_starve","b2788",8.54373900796901
"p1k_00576","b3124",4.87521605296925
"p1k_00576","b2788",4.2512941305027
"p1k_00085","b3124",4.16149826248099
"p1k_00085","b2788",3.65255866634255
"p1k_00041","b3124",5.81976998426344
"p1k_00041","b2788",5.04362761788069
"p1k_00714","b3124",2.34663540638645
"p1k_00714","b2788",2.1299308335104
"p1k_00779","b3124",2.75507430890965
"p1k_00779","b2788",2.47261980700285
"p1k_00709","b3124",7.02073125394972
"p1k_00709","b2788",6.05096523196829
"p1k_00373","b3124",1.7646638170309
"p1k_00373","b2788",1.64162595155458
"p1k_00581","b3124",2.61292294430403
"p1k_00581","b2788",2.35335297227624
"p1k_00293","b3124",2.94646259976554
"p1k_00293","b2788",2.63319503644574
"p1k_00936","b3124",3.68331016306714
"p1k_00936","b2788",3.25139020594944
"p1k_00071","b3124",2.76530177666484
"p1k_00071","b2788",2.4812007354154
"p1k_00528","b3124",2.79018818295066
"p1k_00528","b2788",2.50208060446711
"p1k_00608","b3124",2.38650813965798
"p1k_00608","b2788",2.16338537527261
"starve_series__t16_starve","b3124",7.64844745811225
"starve_series__t16_starve","b2788",6.57744221091418
"p1k_00279","b3124",4.03349173818302
"p1k_00279","b2788",3.54517100673657
"p1k_00852","b3124",3.08353828752336
"p1k_00852","b2788",2.74820043591403
"p1k_00896","b3124",3.44902990529244
"p1k_00896","b2788",3.0548391406545
"p1k_00203","b3124",3.28722459494998
"p1k_00203","b2788",2.91908940925265
"p1k_00499","b3124",5.46900656765998
"p1k_00499","b2788",4.74939839800492
"p1k_00597","b3124",2.04713602791089
"p1k_00597","b2788",1.87863772849999
"p1k_00853","b3124",2.74911223564295
"p1k_00853","b2788",2.46761757610742
"p1k_00178","b3124",2.27309539242097
"p1k_00178","b2788",2.06822806549287
"p1k_00881","b3124",3.18363510009639
"p1k_00881","b2788",2.83218010397145
"p1k_00295","b3124",2.93210818922734
"p1k_00295","b2788",2.62115173255613
"p1k_00468","b3124",13.292073900289
"p1k_00468","b2788",11.3097330161606
"p1k_00053","b3124",3.60129504720586
"p1k_00053","b2788",3.18258344516615
"p1k_00126","b3124",2.73061774621537
"p1k_00126","b2788",2.45210052561828
"p1k_00346","b3124",4.11096191390967
"p1k_00346","b2788",3.61016266861437
"p1k_00812","b3124",4.04531580747831
"p1k_00812","b2788",3.55509053786518
"p1k_00058","b3124",3.94069404102481
"p1k_00058","b2788",3.4673202041663
"p1k_00098","b3124",10.0416975732739
"p1k_00098","b2788",8.58447548516095
"p1k_00775","b3124",2.25959943220978
"p1k_00775","b2788",2.05690442281504
"p1k_00021","b3124",8.4672009645631
"p1k_00021","b2788",7.26410812146429
"p1k_00168","b3124",43.902475039108
"p1k_00168","b2788",36.9420457468427
"p1k_00224","b3124",2.94623745323101
"p1k_00224","b2788",2.63300613933427
"p1k_01003","b3124",3.80999429089719
"p1k_01003","b2788",3.35767129393868
"p1k_00939","b3124",5.58577603170473
"p1k_00939","b2788",4.84734844185841
"p1k_00225","b3124",3.59193390314781
"p1k_00225","b2788",3.17472986577572
"p1k_00575","b3124",2.74519319588868
"p1k_00575","b2788",2.46432946672307
"p1k_00399","b3124",2.59234514692949
"p1k_00399","b2788",2.33608782779034
"p1k_00236","b3124",2.9218948810952
"p1k_00236","b2788",2.61258279220118
"p1k_00772","b3124",2.70579423023608
"p1k_00772","b2788",2.43127332826691
"p1k_00321","b3124",5.15708140641993
"p1k_00321","b2788",4.48774113749435
"p1k_00959","b3124",2.65901309845515
"p1k_00959","b2788",2.39202334849803
"p1k_00310","b3124",3.3694795556089
"p1k_00310","b2788",2.98809902552521
"p1k_00061","b3124",4.52442394040406
"p1k_00061","b2788",3.95701983722391
"p1k_00982","b3124",5.78032561052436
"p1k_00982","b2788",5.01054106933295
"p1k_00652","b3124",3.52559323027849
"p1k_00652","b2788",3.1190728618681
"p1k_00721","b3124",4.75891677238437
"p1k_00721","b2788",4.15373325563724
"p1k_00582","b3124",2.71650868010574
"p1k_00582","b2788",2.44026287193573
"p1k_00392","b3124",6.14877051833885
"p1k_00392","b2788",5.3195944944999
"p1k_00347","b3124",3.57329456762104
"p1k_00347","b2788",3.15909228394766
"p1k_00587","b3124",2.69329273715168
"p1k_00587","b2788",2.42078442608746
"p1k_00884","b3124",5.15708140656773
"p1k_00884","b2788",4.48774113761833
"p1k_00731","b3124",4.09017810822185
"p1k_00731","b2788",3.59272665319145
"p1k_00510","b3124",5.43076176112169
"p1k_00510","b2788",4.71731721610372
"p1k_00825","b3124",34.6204160892279
"p1k_00825","b2788",29.1757596080117
"p1k_00586","b3124",2.64432208997131
"p1k_00586","b2788",2.3796973721239
"p1k_00749","b3124",2.06351227220173
"p1k_00749","b2788",1.89237826219148
"p1k_00828","b3124",2.2872097878141
"p1k_00828","b2788",2.08007058731458
"p1k_00176","b3124",3.7260178160254
"p1k_00176","b2788",3.28721971593879
"p1k_00359","b3124",1.07157845313745
"p1k_00359","b2788",1.0600627293595
"p1k_00629","b3124",4.13576581944229
"p1k_00629","b2788",3.6309712029609
"p1k_00217","b3124",3.71356695786416
"p1k_00217","b2788",3.2767741024251
"p1k_00263","b3124",3.63729206666235
"p1k_00263","b2788",3.2127832758574
"p1k_00057","b3124",4.13138719114396
"p1k_00057","b2788",3.627297879544
"p1k_00062","b3124",3.61355667591099
"p1k_00062","b2788",3.19287039249032
"p1k_00270","b3124",3.61810163559114
"p1k_00270","b2788",3.19668340397972
"p1k_00170","b3124",8.40213906711733
"p1k_00170","b2788",7.2095440619404
"p1k_00140","b3124",3.34748717811324
"p1k_00140","b2788",2.96964807662092
"p1k_00723","b3124",3.33022826442299
"p1k_00723","b2788",2.95516834122298
"starve_series__t08_starve","b3124",15.0853900026309
"starve_series__t08_starve","b2788",12.8130411819369
"p1k_00552","b3124",3.02233519534134
"p1k_00552","b2788",2.69685168106183
"p1k_00787","b3124",2.33400340900754
"p1k_00787","b2788",2.11933214895676
"p1k_00700","b3124",3.42674901153703
"p1k_00700","b2788",3.03614624737798
"p1k_00691","b3124",7.8252530866247
"p1k_00691","b2788",6.72572779521512
"p1k_00376","b3124",2.35206132702179
"p1k_00376","b2788",2.1344833662781
"p1k_01021","b3124",4.20707960582821
"p1k_01021","b2788",3.69079766788917
"p1k_00694","b3124",3.64865780354574
"p1k_00694","b2788",3.22231858518319
"p1k_00816","b3124",4.99044811076098
"p1k_00816","b2788",4.34795889036717
"p1k_00805","b3124",3.06725148770341
"p1k_00805","b2788",2.73453600422989
"p1k_01031","b3124",4.28818628484789
"p1k_01031","b2788",3.75883918118365
"starve_series__t02_starve","b3124",11.8987851472729
"starve_series__t02_starve","b2788",10.1416207910466
"p1k_00823","b3124",20.1277254905348
"p1k_00823","b2788",17.038859251186
"p1k_00949","b3124",4.07357446673536
"p1k_00949","b2788",3.57879745454858
"p1k_00396","b3124",2.6730530364708
"p1k_00396","b2788",2.4038030542003
"p1k_00674","b3124",4.45646566738034
"p1k_00674","b2788",3.90000974934767
"p1k_00646","b3124",7.24757409259532
"p1k_00646","b2788",6.2412253211912
"p1k_00400","b3124",2.58380314086014
"p1k_00400","b2788",2.3289209221896
"p1k_00137","b3124",3.27228871298448
"p1k_00137","b2788",2.90655857512553
"p1k_00133","b3124",3.92279946111823
"p1k_00133","b2788",3.45230783558008
"starve_series__t07_starve","b3124",15.7579711746161
"starve_series__t07_starve","b2788",13.3768027000514
"p1k_01002","b3124",4.28594787408905
"p1k_01002","b2788",3.75696135307617
"p1k_00431","b3124",2.31290275123781
"p1k_00431","b2788",2.10162794162401
"p1k_01053","b3124",4.43433752359545
"p1k_01053","b2788",3.88144642130302
"starve_series__t01_starve","b3124",4.57255159380251
"starve_series__t01_starve","b2788",3.99739387254786
"p1k_00726","b3124",3.7369354480047
"p1k_00726","b2788",3.29637902543965
"p1k_00929","b3124",6.97860761716992
"p1k_00929","b2788",6.01563447885603
"p1k_01023","b3124",4.6722887683023
"p1k_01023","b2788",4.0810623962786
"p1k_00565","b3124",2.73553088923364
"p1k_00565","b2788",2.45622270091247
"p1k_00872","b3124",2.54417965897104
"p1k_00872","b2788",2.29567600655969
"p1k_00072","b3124",3.8314820341189
"p1k_00072","b2788",3.37569824002904
"p1k_00569","b3124",2.05901846373637
"p1k_00569","b2788",1.8886077212908
"p1k_00888","b3124",8.30560923152497
"p1k_00888","b2788",7.12858897065368
"p1k_01014","b3124",5.43799035122758
"p1k_01014","b2788",4.72338083641744
"p1k_00361","b3124",1.05265832729679
"p1k_00361","b2788",1.04418655312452
"p1k_01047","b3124",4.59659866831884
"p1k_01047","b2788",4.01756678188251
"p1k_00303","b3124",4.19980242001854
"p1k_00303","b2788",3.6846927158128
"p1k_00309","b3124",2.91524273431599
"p1k_00309","b2788",2.60700165388929
"p1k_00413","b3124",2.74499404548877
"p1k_00413","b2788",2.46416237773144
"p1k_00577","b3124",3.51063719339407
"p1k_00577","b2788",3.10652534427174
"p1k_00477","b3124",3.76833434187637
"p1k_00477","b2788",3.32272097648615
"p1k_00790","b3124",3.48616597214956
"p1k_00790","b2788",3.08599493645343
"p1k_00534","b3124",3.84377231847729
"p1k_00534","b2788",3.38600904877812
"p1k_00092","b3124",6.11101029807347
"p1k_00092","b2788",5.28792142922683
"p1k_00566","b3124",2.33965310177522
"p1k_00566","b2788",2.12407243867272
"p1k_00543","b3124",2.00185050976906
"p1k_00543","b2788",1.84064069899233
"p1k_00898","b3124",2.54839565729125
"p1k_00898","b2788",2.29921332052816
"p1k_00205","b3124",3.96109151426203
"p1k_00205","b2788",3.4844323099012
"p1k_00954","b3124",3.87014696485385
"p1k_00954","b2788",3.40813575711216
"p1k_00969","b3124",3.81333340298362
"p1k_00969","b2788",3.36047261347354
"p1k_00331","b3124",3.5977442234359
"p1k_00331","b2788",3.1796044641694
"p1k_00202","b3124",3.92002248192766
"p1k_00202","b2788",3.44997813195234
"p1k_00862","b3124",6.14990057006093
"p1k_00862","b2788",5.32054237428228
"p1k_01009","b3124",3.87342576959927
"p1k_01009","b2788",3.41088646982191
"p1k_00060","b3124",4.62509173427879
"p1k_00060","b2788",4.04146935243862
"p1k_01020","b3124",5.12751388712632
"p1k_01020","b2788",4.46293821398592
"p1k_01027","b3124",5.10167781882042
"p1k_01027","b2788",4.44126539926895
"p1k_00391","b3124",5.60877810556327
"p1k_00391","b2788",4.86664323150347
"p1k_00344","b3124",3.48112964581459
"p1k_00344","b2788",3.08176964880606
"p1k_00084","b3124",4.29216886616175
"p1k_00084","b2788",3.76218021291528
"p1k_00426","b3124",5.61889314137478
"p1k_00426","b2788",4.87512799880089
"p1k_00713","b3124",3.15552927118255
"p1k_00713","b2788",2.80859981503187
"p1k_00409","b3124",4.05081807681609
"p1k_00409","b2788",3.55970653722051
"p1k_00915","b3124",4.10587561134253
"p1k_00915","b2788",3.60589565425037
"p1k_00143","b3124",2.20730510839784
"p1k_00143","b2788",2.01302731442799
"p1k_00867","b3124",2.27104932158037
"p1k_00867","b2788",2.06651133213665
"p1k_00312","b3124",3.65526092995692
"p1k_00312","b2788",3.22785828848156
"p1k_00871","b3124",3.4308783935731
"p1k_00871","b2788",3.03961065735562
"p1k_00706","b3124",4.89070059942143
"p1k_00706","b2788",4.26428370678851
"p1k_00744","b3124",3.53131124810785
"p1k_00744","b2788",3.12387004669995
"p1k_00412","b3124",1.94653300818325
"p1k_00412","b2788",1.79422610959827
"p1k_01011","b3124",4.58220056021214
"p1k_01011","b2788",4.00548832205388
"p1k_00258","b3124",4.2874000881434
"p1k_00258","b2788",3.75817963191064
"p1k_00651","b3124",4.88067240884917
"p1k_00651","b2788",4.25587132480522
"p1k_00135","b3124",3.35316973906584
"p1k_00135","b2788",2.97441557874363
"p1k_00863","b3124",4.53699900186004
"p1k_00863","b2788",3.96756900431483
"p1k_00589","b3124",2.48917397005739
"p1k_00589","b2788",2.24952493809383
"p1k_00474","b3124",4.57414437803908
"p1k_00474","b2788",3.99873004835714
"p1k_00562","b3124",2.10107436756891
"p1k_00562","b2788",1.92389477940109
"p1k_00769","b3124",4.12425289797599
"p1k_00769","b2788",3.62131276827836
"p1k_00703","b3124",3.47668579533966
"p1k_00703","b2788",3.0780414247008
"p1k_00549","b3124",2.2446255676462
"p1k_00549","b2788",2.04434074660596
"p1k_00156","b3124",32.0710285221673
"p1k_00156","b2788",27.0417379704792
"p1k_00423","b3124",2.76444125083203
"p1k_00423","b2788",2.48047874751655
"p1k_00025","b3124",9.88695216829054
"p1k_00025","b2788",8.45471348782269
"p1k_00299","b3124",4.16308797066871
"p1k_00299","b2788",3.65389230309878
"p1k_00284","b3124",3.10081996317665
"p1k_00284","b2788",2.76269953822082
"p1k_00227","b3124",4.21857453707586
"p1k_00227","b2788",3.70044094984611
"p1k_00999","b3124",4.85994828107878
"p1k_00999","b2788",4.2384863857799
"p1k_00167","b3124",47.7910171042976
"p1k_00167","b2788",40.1939672772799
"p1k_00185","b3124",2.75430098567851
"p1k_00185","b2788",2.47197098226899
"p1k_00900","b3124",5.44151605861187
"p1k_00900","b2788",4.72633833461783
"p1k_00039","b3124",4.51983082216851
"p1k_00039","b2788",3.95316668681714
"p1k_00159","b3124",2.23573853697104
"p1k_00159","b2788",2.03688416276591
"p1k_00480","b3124",2.52452569602402
"p1k_00480","b2788",2.27918589079322
"p1k_00465","b3124",7.51206599249612
"p1k_00465","b2788",6.46305872234433
"p1k_01017","b3124",3.65426841933208
"p1k_01017","b2788",3.22702562030679
"p1k_00530","b3124",2.41348682283845
"p1k_00530","b2788",2.18602132543868
"p1k_00237","b3124",2.94982844469494
"p1k_00237","b2788",2.6360189675352
"p1k_00066","b3124",6.72620364695216
"p1k_00066","b2788",5.80393097310708
"p1k_00213","b3124",2.75891523023809
"p1k_00213","b2788",2.47584237193288
"p1k_00048","b3124",3.6852688808307
"p1k_00048","b2788",3.25303347128632
"p1k_00469","b3124",11.2672751848349
"p1k_00469","b2788",9.61213189379489
"p1k_00418","b3124",2.03040305722074
"p1k_00418","b2788",1.86459786495847
"starve_series__t14_starve","b3124",11.3872959686798
"starve_series__t14_starve","b2788",9.71276514432157
"p1k_00432","b3124",2.17735029092527
"p1k_00432","b2788",1.9878939010513
"p1k_00687","b3124",7.35837072838535
"p1k_00687","b2788",6.33415269352692
"p1k_00407","b3124",2.78731891548273
"p1k_00407","b2788",2.49967327098241
"p1k_00467","b3124",11.3218660747036
"p1k_00467","b2788",9.65790456830814
"p1k_00226","b3124",4.01564363128441
"p1k_00226","b2788",3.53019773095233
"p1k_00977","b3124",3.19138013673055
"p1k_00977","b2788",2.83867804270347
"p1k_00259","b3124",3.1343049388752
"p1k_00259","b2788",2.79079294576231
"p1k_00455","b3124",6.14473129704874
"p1k_00455","b2788",5.31620642219281
"p1k_01000","b3124",4.50077637778538
"p1k_01000","b2788",3.93718196751386
"p1k_00681","b3124",3.1659389126995
"p1k_00681","b2788",2.81733332435488
"p1k_00513","b3124",3.49634290067769
"p1k_00513","b2788",3.09453299034849
"p1k_00990","b3124",3.74855163258466
"p1k_00990","b2788",3.30612437492604
"p1k_00148","b3124",4.17885232880276
"p1k_00148","b2788",3.6671173174904
"p1k_00890","b3124",5.71742473949208
"p1k_00890","b2788",4.95777864537003
"p1k_00005","b3124",2.86035823175502
"p1k_00005","b2788",2.56095355507831
"p1k_00840","b3124",3.0019816150336
"p1k_00840","b2788",2.67977518722915
"p1k_00630","b3124",5.70651912046522
"p1k_00630","b2788",4.948630783191
"p1k_00494","b3124",4.0880562553499
"p1k_00494","b2788",3.59094658018778
"p1k_00533","b3124",2.06549018803045
"p1k_00533","b2788",1.89403783686274
"p1k_00273","b3124",1.75392165984351
"p1k_00273","b2788",1.63261251280473
"p1k_00788","b3124",2.36791763841309
"p1k_00788","b2788",2.14778734250382
"p1k_00316","b3124",4.33068209716981
"p1k_00316","b2788",3.79448933861772
"p1k_00117","b3124",6.31911183652014
"p1k_00117","b2788",5.46247473287719
"p1k_00893","b3124",3.1243995479855
"p1k_00893","b2788",2.78248247429283
"p1k_00521","b3124",3.96226843013838
"p1k_00521","b2788",3.48541966222012
"p1k_00348","b3124",3.80841732201913
"p1k_00348","b2788",3.35634830913608
"p1k_00948","b3124",3.76481739195697
"p1k_00948","b2788",3.31977045136916
"p1k_00268","b3124",4.18087896480355
"p1k_00268","b2788",3.66881749913009
"p1k_00332","b3124",4.12080721102986
"p1k_00332","b2788",3.61842210658038
"p1k_00837","b3124",23.3457274541435
"p1k_00837","b2788",19.7349213999133
"p1k_00274","b3124",2.67592285085964
"p1k_00274","b2788",2.40621086734618
"p1k_00356","b3124",4.53909582872467
"p1k_00356","b2788",3.96932802273168
"p1k_00509","b3124",5.60818197804833
"p1k_00509","b2788",4.86614318331927
"p1k_00810","b3124",3.63128763823143
"p1k_00810","b2788",3.20774584444609
"p1k_00345","b3124",6.39951055976301
"p1k_00345","b2788",5.52991157115024
"p1k_00964","b3124",3.78612230924845
"p1k_00964","b2788",3.33764407845432
"p1k_00529","b3124",3.31959107004577
"p1k_00529","b2788",2.94624402970108
"p1k_00626","b3124",4.18183740845898
"p1k_00626","b2788",3.66962155477758
"p1k_00680","b3124",3.48238245062588
"p1k_00680","b2788",3.08282070489305
"p1k_00955","b3124",3.85363685157196
"p1k_00955","b2788",3.39428479131042
"p1k_00350","b3124",4.33000800858815
"p1k_00350","b2788",3.79392383993031
"p1k_00776","b3124",2.41521936743087
"p1k_00776","b2788",2.18747498239617
"p1k_00991","b3124",4.91311688251243
"p1k_00991","b2788",4.28308810659483
"p1k_00546","b3124",2.28863365772801
"p1k_00546","b2788",2.08126526835879
"p1k_00208","b3124",3.31425559324571
"p1k_00208","b2788",2.94176770971208
"p1k_00667","b3124",3.91898478914949
"p1k_00667","b2788",3.44910757556271
"p1k_00526","b3124",3.06238295363546
"p1k_00526","b2788",2.73045135868351
"p1k_01041","b3124",4.65992864321426
"p1k_01041","b2788",4.0706936445023
"p1k_00584","b3124",3.92140721466002
"p1k_00584","b2788",3.45113983206542
"p1k_00382","b3124",3.9279073394683
"p1k_00382","b2788",3.45659300963452
"p1k_01019","b3124",3.02805263992715
"p1k_01019","b2788",2.70164856738631
"p1k_00781","b3124",3.50058484281684
"p1k_00781","b2788",3.09809181566326
"p1k_00297","b3124",2.6092177074374
"p1k_00297","b2788",2.35024421345675
"p1k_00145","b3124",4.47444579390465
"p1k_00145","b2788",3.91509327756477
"p1k_00280","b3124",3.06491041696688
"p1k_00280","b2788",2.73257187229385
"p1k_00908","b3124",2.63913820635279
"p1k_00908","b2788",2.37534801278194
"p1k_00696","b3124",4.45595417034871
"p1k_00696","b2788",3.8995806541859
"starve_series__t06_starve","b3124",16.9634703604601
"starve_series__t06_starve","b2788",14.3871875853699
"p1k_00144","b3124",26.2223329785431
"p1k_00144","b2788",22.1444049870575
"p1k_00428","b3124",4.41129957022073
"p1k_00428","b2788",3.86211981985303
"p1k_00385","b3124",1.37216453838461
"p1k_00385","b2788",1.31228621293703
"p1k_00660","b3124",4.2882050601614
"p1k_00660","b2788",3.7588549320052
"p1k_01046","b3124",2.74694147513507
"p1k_01046","b2788",2.46579628875818
"p1k_00920","b3124",3.78455666767469
"p1k_00920","b2788",3.33633059422976
"p1k_00909","b3124",2.81694753240728
"p1k_00909","b2788",2.52453184213649
"p1k_00354","b3124",4.74097282562108
"p1k_00354","b2788",4.13868040221492
"p1k_00402","b3124",2.73194960753222
"p1k_00402","b2788",2.45321797050805
"p1k_00014","b3124",6.17099374822184
"p1k_00014","b2788",5.33823517537074
"p1k_01024","b3124",4.7321109062031
"p1k_01024","b2788",4.13124629026069
"p1k_00355","b3124",4.11163662282152
"p1k_00355","b2788",3.61072869707094
"p1k_00901","b3124",4.5599932193566
"p1k_00901","b2788",3.98685873242978
"p1k_00559","b3124",2.77404619347488
"p1k_00559","b2788",2.48853736679518
"p1k_00390","b3124",2.46689967644887
"p1k_00390","b2788",2.23083622659211
"p1k_00558","b3124",2.5189929980967
"p1k_00558","b2788",2.27454382871173
"p1k_00539","b3124",3.41014805895282
"p1k_00539","b2788",3.02221860631305
"p1k_00460","b3124",5.80819547270457
"p1k_00460","b2788",5.03391874943939
"p1k_00758","b3124",2.91390294907199
"p1k_00758","b2788",2.60587757631536
"p1k_00233","b3124",5.54499609154923
"p1k_00233","b2788",4.81314099308982
"p1k_00849","b3124",14.1051715159876
"p1k_00849","b2788",11.9913649580563
"p1k_00850","b3124",3.52259415496936
"p1k_00850","b2788",3.11655675860462
"p1k_00240","b3124",5.86155008227456
"p1k_00240","b2788",5.0786733003993
"p1k_00591","b3124",2.33702392883225
"p1k_00591","b2788",2.12186647092312
"p1k_00963","b3124",3.41475121319156
"p1k_00963","b2788",3.02608049970387
"p1k_00567","b3124",2.82275677748305
"p1k_00567","b2788",2.5294058239046
"p1k_00447","b3124",4.17674075320013
"p1k_00447","b2788",3.66534587820366
"p1k_00204","b3124",2.93447044615747
"p1k_00204","b2788",2.62313365935764
"p1k_00780","b3124",2.69570896157009
"p1k_00780","b2788",2.42281166803805
"p1k_00596","b3124",2.41518786980472
"p1k_00596","b2788",2.18744855494336
"p1k_00179","b3124",3.88705590158054
"p1k_00179","b2788",3.42232129325144
"starve_series__t09_starve","b3124",13.4296177406357
"starve_series__t09_starve","b2788",11.4250410250889
"p1k_00235","b3124",4.95434873456659
"p1k_00235","b2788",4.31767628355424
"p1k_00107","b3124",3.85394099688524
"p1k_00107","b2788",3.39453995060827
"p1k_00638","b3124",4.36293897631205
"p1k_00638","b2788",3.82154987727032
"p1k_00197","b3124",4.24030044842349
"p1k_00197","b2788",3.71866714201873
"p1k_00267","b3124",3.82361808784965
"p1k_00267","b2788",3.36910085746452
"p1k_00461","b3124",4.91175580215287
"p1k_00461","b2788",4.28194633483964
"p1k_01006","b3124",4.16813515059664
"p1k_01006","b2788",3.65812647829604
"p1k_00994","b3124",5.08200729535605
"p1k_00994","b2788",4.42476457807831
"p1k_00717","b3124",6.18627156138059
"p1k_00717","b2788",5.35105007390337
"p1k_00817","b3124",3.76417444565336
"p1k_00817","b2788",3.31923105514251
"p1k_00976","b3124",4.28723688800445
"p1k_00976","b2788",3.75804272147048
"p1k_00091","b3124",5.23048773815778
"p1k_00091","b2788",4.54931832054397
"p1k_00131","b3124",2.69744633050666
"p1k_00131","b2788",2.42426934167644
"p1k_00443","b3124",4.17586021983956
"p1k_00443","b2788",3.66460718262365
"p1k_00243","b3124",22.6543202505423
"p1k_00243","b2788",19.1557113836182
"p1k_00147","b3124",5.08486387088415
"p1k_00147","b2788",4.42716084740154
"p1k_00979","b3124",4.366270364271
"p1k_00979","b2788",3.82434459994075
"p1k_00152","b3124",28.0266057712929
"p1k_00152","b2788",23.6554211787722
"p1k_00246","b3124",63.2414514801323
"p1k_00246","b2788",53.1054826104973
"p1k_00606","b3124",2.64454368023071
"p1k_00606","b2788",2.37988328977539
"p1k_00875","b3124",2.25826858273719
"p1k_00875","b2788",2.05578778701495
"p1k_00395","b3124",2.24548119969465
"p1k_00395","b2788",2.04505865678205
"p1k_00282","b3124",4.22924788318621
"p1k_00282","b2788",3.7093949833711
"p1k_00507","b3124",6.38578636392248
"p1k_00507","b2788",5.51840001963908
"p1k_00845","b3124",5.27219961776867
"p1k_00845","b2788",4.5843083386298
"p1k_00123","b3124",6.01014291985691
"p1k_00123","b2788",5.20331398351501
"p1k_00228","b3124",4.46523694120988
"p1k_00228","b2788",3.9073679735604
"p1k_00968","b3124",3.49132475348244
"p1k_00968","b2788",3.09032295755354
"p1k_00264","b3124",3.39241927480438
"p1k_00264","b2788",3.00734473319265
"p1k_00444","b3124",4.26854586976945
"p1k_00444","b2788",3.74236260396025
"p1k_00544","b3124",1.94500181474773
"p1k_00544","b2788",1.79294134681585
"p1k_00902","b3124",5.19488593064991
"p1k_00902","b2788",4.51945365036168
"p1k_00773","b3124",3.06175923470009
"p1k_00773","b2788",2.72992806537496
"p1k_01022","b3124",4.33639426939609
"p1k_01022","b2788",3.79928132768965
"p1k_00649","b3124",4.01667743320861
"p1k_00649","b2788",3.53106501683532
"p1k_00542","b3124",1.95662482175853
"p1k_00542","b2788",1.80269374046295
"p1k_00414","b3124",2.4402318770382
"p1k_00414","b2788",2.20846120810763
"p1k_00325","b3124",4.44991658681438
"p1k_00325","b2788",3.89451572054163
"p1k_00756","b3124",2.92121903878555
"p1k_00756","b2788",2.61201576193552
"p1k_01038","b3124",4.69830870006394
"p1k_01038","b2788",4.10289015453628
"p1k_00774","b3124",2.75727513023723
"p1k_00774","b2788",2.47446631450992
"p1k_00737","b3124",5.11903056808325
"p1k_00737","b2788",4.45582191133912
"p1k_00856","b3124",3.92099834147329
"p1k_00856","b2788",3.45079681424066
"p1k_00754","b3124",4.97458160370034
"p1k_00754","b2788",4.33464899756079
"p1k_00296","b3124",3.85142069239647
"p1k_00296","b2788",3.39242556925997
"p1k_00807","b3124",4.08858431635109
"p1k_00807","b2788",3.59138958318838
"p1k_00802","b3124",4.1786128667919
"p1k_00802","b2788",3.66691642845607
"p1k_01051","b3124",4.47846830850708
"p1k_01051","b2788",3.91846776227651
"p1k_00121","b3124",6.7514856300269
"p1k_00121","b2788",5.82513638587843
"p1k_00165","b3124",3.894620741246
"p1k_00165","b2788",3.42866771283818
"p1k_00298","b3124",3.67090676217708
"p1k_00298","b2788",3.24098437302067
"p1k_00241","b3124",7.18111046938076
"p1k_00241","b2788",6.18548056705796
"p1k_00641","b3124",3.83757291471931
"p1k_00641","b2788",3.3808081234022
"p1k_00728","b3124",3.24279209335971
"p1k_00728","b2788",2.88181160208423
"p1k_00808","b3124",4.86195458920368
"p1k_00808","b2788",4.24016942737615
"p1k_00269","b3124",3.57577629244435
"p1k_00269","b2788",3.1611743430766
"p1k_00786","b3124",4.36211253147022
"p1k_00786","b2788",3.82085656729664
"p1k_00169","b3124",7.70303305257005
"p1k_00169","b2788",6.62322296014088
"p1k_00610","b3124",2.85512398557649
"p1k_00610","b2788",2.55656201244817
"p1k_00436","b3124",2.08018709102761
"p1k_00436","b2788",1.9063692982112
"p1k_00339","b3124",3.50704477096822
"p1k_00339","b2788",3.10351144322694
"p1k_00379","b3124",1.77917738863069
"p1k_00379","b2788",1.65380386531388
"p1k_00327","b3124",4.39214496350484
"p1k_00327","b2788",3.8460509428118
"p1k_00218","b3124",4.0448254000717
"p1k_00218","b2788",3.55467912202085
"p1k_00637","b3124",3.92956473489159
"p1k_00637","b2788",3.45798345505308
"p1k_00452","b3124",3.09926707878285
"p1k_00452","b2788",2.76139668907776
"p1k_00100","b3124",3.45743576852506
"p1k_00100","b2788",3.06189135874979
"p1k_00386","b3124",1.33536436569174
"p1k_00386","b2788",1.28140728775869
"starve_series__t04_starve","b3124",11.6819812451433
"starve_series__t04_starve","b2788",9.959844623249
"p1k_00219","b3124",3.0708295338055
"p1k_00219","b2788",2.73753794387073
"p1k_00129","b3124",3.72201537370494
"p1k_00129","b2788",3.28386187893642
"p1k_00642","b3124",4.14009138483073
"p1k_00642","b2788",3.63460000959273
"p1k_00491","b3124",6.52767259319003
"p1k_00491","b2788",5.6374104700607
"p1k_00502","b3124",2.97610123247424
"p1k_00502","b2788",2.65806171183486
"p1k_00162","b3124",1.98985156247238
"p1k_00162","b2788",1.83057290336905
"p1k_00134","b3124",2.78327451407269
"p1k_00134","b2788",2.49627999182941
"p1k_00253","b3124",935.1144551926
"p1k_00253","b2788",758.110046985629
"p1k_00826","b3124",4.6202137528389
"p1k_00826","b2788",4.03737726239561
"p1k_00097","b3124",3.95417435440507
"p1k_00097","b2788",3.4786292817911
"p1k_00122","b3124",5.53145496589336
"p1k_00122","b2788",4.80178226350365
"p1k_00394","b3124",2.62548998655843
"p1k_00394","b2788",2.36389693500496
"p1k_00809","b3124",4.25938145938231
"p1k_00809","b2788",3.73467446299277
"p1k_00712","b3124",2.45110080980962
"p1k_00712","b2788",2.21758054761882
"p1k_00231","b3124",2.95646755058023
"p1k_00231","b2788",2.64158915000691
"p1k_00463","b3124",5.92237541299441
"p1k_00463","b2788",5.12969417080837
"p1k_00383","b3124",1.24013510312503
"p1k_00383","b2788",1.20150027296228
"p1k_00482","b3124",5.52459020075485
"p1k_00482","b2788",4.79602387435812
"p1k_00437","b3124",2.6756731031093
"p1k_00437","b2788",2.40600132562138
"p1k_00858","b3124",2.23460081638876
"p1k_00858","b2788",2.03592956809512
"p1k_00506","b3124",2.45624914254134
"p1k_00506","b2788",2.2219001405973
"p1k_00833","b3124",3.61595260288763
"p1k_00833","b2788",3.19488046485056
"p1k_00017","b3124",6.57732631021386
"p1k_00017","b2788",5.67905840515623
"p1k_00023","b3124",6.34663872483188
"p1k_00023","b2788",5.48556378141284
"starve_series__t26_growth2","b3124",4.0226739821283
"starve_series__t26_growth2","b2788",3.53609569120483
"p1k_00103","b3124",6.12395618421539
"p1k_00103","b2788",5.29878037756733
"p1k_01012","b3124",3.53313222801572
"p1k_01012","b2788",3.12539777448351
"p1k_00910","b3124",4.75109634888357
"p1k_00910","b2788",4.14717284586867
"p1k_00287","b3124",4.14744728934063
"p1k_00287","b2788",3.64077102791993
"p1k_00114","b3124",5.50379364875145
"p1k_00114","b2788",4.77857902926082
"p1k_00767","b3124",4.22843974642205
"p1k_00767","b2788",3.70871702531492
"p1k_00930","b3124",5.7172103092419
"p1k_00930","b2788",4.95759877684734
"p1k_01043","b3124",3.83571319249529
"p1k_01043","b2788",3.37924792828832
"p1k_00951","b3124",5.08966532732803
"p1k_00951","b2788",4.43118859998195
"p1k_00493","b3124",3.78055186051324
"p1k_00493","b2788",3.33297078811305
"p1k_00797","b3124",3.61639021862787
"p1k_00797","b2788",3.19524760425768
"p1k_00645","b3124",4.28548089347604
"p1k_00645","b2788",3.75656959771718
"p1k_00604","b3124",2.4418394422492
"p1k_00604","b2788",2.20981000089013
"p1k_00362","b3124",1.25990124827828
"p1k_00362","b2788",1.21808612183303
"p1k_00720","b3124",29.4208690302486
"p1k_00720","b2788",24.8229275638232
"p1k_00743","b3124",3.58053779258102
"p1k_00743","b2788",3.1651690333907
"p1k_00996","b3124",5.1687526025187
"p1k_00996","b2788",4.49753158796118
"p1k_00572","b3124",3.61158132628616
"p1k_00572","b2788",3.19121316487981
"p1k_01044","b3124",3.49675478409819
"p1k_01044","b2788",3.09487854465066
"p1k_00011","b3124",5.25764995703597
"p1k_00011","b2788",4.57210336550236
"p1k_00938","b3124",3.90000596640767
"p1k_00938","b2788",3.43318557220258
"p1k_00492","b3124",5.74299362376947
"p1k_00492","b2788",4.97922633270887
"p1k_01048","b3124",5.34275795254212
"p1k_01048","b2788",4.6434959600213
"p1k_00753","b3124",4.11624376232614
"p1k_00753","b2788",3.61459372908222
"p1k_00505","b3124",2.65907194906131
"p1k_00505","b2788",2.3920727250114
"p1k_00328","b3124",4.41586242166112
"p1k_00328","b2788",3.86594761094994
"p1k_00913","b3124",2.50102921203288
"p1k_00913","b2788",2.2594717815377
"p1k_00104","b3124",6.0175150692579
"p1k_00104","b2788",5.20949775615219
"p1k_00669","b3124",3.19082853514881
"p1k_00669","b2788",2.83821525957181
"p1k_00115","b3124",5.26453618749188
"p1k_00115","b2788",4.57787987696484
"p1k_00941","b3124",5.36541832090392
"p1k_00941","b2788",4.66250446672635
"p1k_00130","b3124",2.74237319015462
"p1k_00130","b2788",2.461963456103
"starve_series__t03_starve","b3124",12.5715668668155
"starve_series__t03_starve","b2788",10.7056861626817
"p1k_00464","b3124",5.79884456257867
"p1k_00464","b2788",5.02607506398196
"p1k_00889","b3124",2.15599531717124
"p1k_00889","b2788",1.96997610121594
"p1k_00022","b3124",7.06417299812874
"p1k_00022","b2788",6.08740141588679
"p1k_00633","b3124",4.25142752756317
"p1k_00633","b2788",3.72800180364662
"p1k_00232","b3124",3.39411103321526
"p1k_00232","b2788",3.00876406432051
"p1k_00707","b3124",5.25621102643189
"p1k_00707","b2788",4.57089631880305
"p1k_00918","b3124",2.21296063827893
"p1k_00918","b2788",2.01777254711843
"p1k_01037","b3124",3.52729173082719
"p1k_01037","b2788",3.12049783509304
"p1k_00336","b3124",2.82642782621354
"p1k_00336","b2788",2.53248584857901
"p1k_00500","b3124",4.62378751156949
"p1k_00500","b2788",4.04037525314616
"p1k_00974","b3124",4.535736300625
"p1k_00974","b2788",3.9665097299194
"p1k_00330","b3124",2.49197678685402
"p1k_00330","b2788",2.25187657203529
"p1k_00887","b3124",13.7140497913858
"p1k_00887","b2788",11.6634869682877
"p1k_00051","b3124",3.44849135823861
"p1k_00051","b2788",3.05438731881817
"p1k_00260","b3124",3.02126218926379
"p1k_00260","b2788",2.6959514380559
"p1k_00635","b3124",4.78068315617178
"p1k_00635","b2788",4.17199265516831
"p1k_00625","b3124",4.91005646262304
"p1k_00625","b2788",4.28052080688432
"p1k_00106","b3124",3.3848112537064
"p1k_00106","b2788",3.00096184489693
"p1k_00357","b3124",2.74003198948439
"p1k_00357","b2788",2.45999916693052
"p1k_00013","b3124",4.48716428888417
"p1k_00013","b2788",3.92576281068169
"p1k_00183","b3124",2.55314582926988
"p1k_00183","b2788",2.30319881642353
"p1k_00927","b3124",5.36746813175261
"p1k_00927","b2788",4.66422393598934
"p1k_00030","b3124",4.38653660521869
"p1k_00030","b2788",3.84134606396173
"p1k_00006","b3124",2.83498064891733
"p1k_00006","b2788",2.53966169796988
"p1k_00393","b3124",3.54646347464119
"p1k_00393","b2788",3.136582139622
"p1k_00369","b3124",2.30286620076855
"p1k_00369","b2788",2.09320690653561
"p1k_00568","b3124",2.23558332063231
"p1k_00568","b2788",2.03675392983651
"p1k_00666","b3124",4.20889086369302
"p1k_00666","b2788",3.69231716168181
"p1k_00750","b3124",2.46323172891471
"p1k_00750","b2788",2.22775872022233
"p1k_00538","b3124",3.24926976577087
"p1k_00538","b2788",2.88724622225393
"p1k_00108","b3124",5.56665295887928
"p1k_00108","b2788",4.83130744238042
"p1k_01035","b3124",5.40551632079072
"p1k_01035","b2788",4.69614034061528
"p1k_00686","b3124",7.67847718188152
"p1k_00686","b2788",6.60262805971192
"p1k_00600","b3124",1.99317940112561
"p1k_00600","b2788",1.83336514918669
"p1k_00033","b3124",13.0824606218511
"p1k_00033","b2788",11.1340042693288
"p1k_00128","b3124",2.02723979333366
"p1k_00128","b2788",1.86194371420838
"p1k_00917","b3124",2.7139325770674
"p1k_00917","b2788",2.43810149324441
"p1k_00865","b3124",2.99838195236445
"p1k_00865","b2788",2.6767550958215
"p1k_00157","b3124",4.46725196485899
"p1k_00157","b2788",3.90905837680739
"p1k_00419","b3124",2.11490437305676
"p1k_00419","b2788",1.93549883810179
"p1k_00531","b3124",2.43631769320411
"p1k_00531","b2788",2.20517709622829
"p1k_00903","b3124",5.29315406427026
"p1k_00903","b2788",4.60188593841704
"p1k_00476","b3124",4.21488832805037
"p1k_00476","b2788",3.69734853095889
"p1k_00322","b3124",4.45584746938599
"p1k_00322","b2788",3.89949114268319
"p1k_01016","b3124",4.36689227876282
"p1k_01016","b2788",3.82486632790854
"p1k_00472","b3124",20.5362755436588
"p1k_00472","b2788",17.3811813482621
"p1k_00160","b3124",11.5176950661677
"p1k_00160","b2788",9.82209921549434
"p1k_00739","b3124",4.2417311442464
"p1k_00739","b2788",3.71986737310581
"p1k_00985","b3124",3.45729146970802
"p1k_00985","b2788",3.06177029724988
"p1k_00320","b3124",4.5869359211247
"p1k_00320","b2788",4.00946078058894
"starve_series__t18_starve","b3124",8.97995734846635
"starve_series__t18_starve","b2788",7.6941210824383
"p1k_00765","b3124",3.95428741744151
"p1k_00765","b2788",3.47872413403694
"p1k_00664","b3124",5.04546895173951
"p1k_00664","b2788",4.39411394714458
"p1k_00693","b3124",3.33474637458457
"p1k_00693","b2788",2.95895890836444
"p1k_00932","b3124",5.87542202315835
"p1k_00932","b2788",5.09030923801382
"p1k_00503","b3124",3.26361213932328
"p1k_00503","b2788",2.89927913875938
"p1k_00727","b3124",4.70724528188061
"p1k_00727","b2788",4.11038691862109
"p1k_00702","b3124",4.30248140166211
"p1k_00702","b2788",3.77083150890051
"p1k_00430","b3124",2.59271535343045
"p1k_00430","b2788",2.33639843798309
"p1k_00198","b3124",4.73105485237465
"p1k_00198","b2788",4.13036038451478
"p1k_00782","b3124",3.54252042388899
"p1k_00782","b2788",3.13327408412142
"p1k_00059","b3124",4.3471744939737
"p1k_00059","b2788",3.80832494264611
"p1k_00389","b3124",2.13875061973664
"p1k_00389","b2788",1.95550699012881
"p1k_01025","b3124",3.05046866022523
"p1k_01025","b2788",2.72045539363594
"p1k_01005","b3124",3.65383780825036
"p1k_01005","b2788",3.22666435851901
"p1k_00958","b3124",4.88600697144462
"p1k_00958","b2788",4.26034634808099
"p1k_00120","b3124",5.88578797236274
"p1k_00120","b2788",5.09900430302443
"p1k_00323","b3124",5.01668571274597
"p1k_00323","b2788",4.36996871981896
"p1k_00305","b3124",4.22775526227913
"p1k_00305","b2788",3.7081428012655
"p1k_00675","b3124",3.99483925336713
"p1k_00675","b2788",3.51274433128542
"p1k_00912","b3124",2.53139053361966
"p1k_00912","b2788",2.28494564630299
"p1k_00442","b3124",3.31661769402909
"p1k_00442","b2788",2.94374944827768
"p1k_00564","b3124",2.65375785206266
"p1k_00564","b2788",2.387614119557
"p1k_00895","b3124",4.1306591383266
"p1k_00895","b2788",3.6266871005976
"p1k_00190","b3124",2.19483097552438
"p1k_00190","b2788",2.00256097353872
"p1k_00835","b3124",2.89886502627142
"p1k_00835","b2788",2.59326077648525
"p1k_00925","b3124",6.46146018077845
"p1k_00925","b2788",5.58187339266127
"p1k_00230","b3124",3.18629697176488
"p1k_00230","b2788",2.8344133642068
"p1k_00796","b3124",3.98053731680358
"p1k_00796","b2788",3.5007460034844
"p1k_00919","b3124",2.86450533052672
"p1k_00919","b2788",2.56443297770586
"p1k_00819","b3124",2.95361308680991
"p1k_00819","b2788",2.63919426701203
"p1k_00406","b3124",1.76919296505198
"p1k_00406","b2788",1.64542622872502
"p1k_00795","b3124",4.58815652979953
"p1k_00795","b2788",4.01048473976475
"p1k_00180","b3124",4.76371594982161
"p1k_00180","b2788",4.15775919560402
"p1k_00673","b3124",6.78798748508422
"p1k_00673","b2788",5.85575246114608
"p1k_00070","b3124",3.17564909661023
"p1k_00070","b2788",2.82547999464187
"p1k_00326","b3124",4.45912888929964
"p1k_00326","b2788",3.90224392751992
"p1k_00632","b3124",4.13433153824646
"p1k_00632","b2788",3.62976795441866
"p1k_00520","b3124",3.61336177177374
"p1k_00520","b2788",3.19270687688181
"starve_series__t25_growth2","b3124",4.56997348501786
"starve_series__t25_growth2","b2788",3.99523111436913
"p1k_00869","b3124",2.94608369160943
"p1k_00869","b2788",2.63287713389944
"p1k_00859","b3124",1.5222153326891
"p1k_00859","b2788",1.43819253885234
"p1k_00615","b3124",6.4461766246966
"p1k_00615","b2788",5.56905394356604
"p1k_00785","b3124",3.44635723528045
"p1k_00785","b2788",3.05259686532962
"p1k_00806","b3124",4.08786705650952
"p1k_00806","b2788",3.59078785675226
"p1k_00866","b3124",2.14769583526529
"p1k_00866","b2788",1.96301244844502
"p1k_00019","b3124",8.36795481627359
"p1k_00019","b2788",7.18087538543287
"p1k_00718","b3124",7.96018115043518
"p1k_00718","b2788",6.8388896404016
"p1k_00001","b3124",3.2397812603252
"p1k_00001","b2788",2.87928558058074
"p1k_00378","b3124",1.23738988144085
"p1k_00378","b2788",1.19919674486674
"p1k_00755","b3124",3.26188851797205
"p1k_00755","b2788",2.89783306138299
"p1k_00087","b3124",6.62283560070444
"p1k_00087","b2788",5.71722999181873
"p1k_00601","b3124",2.8291659963088
"p1k_00601","b2788",2.53478318376384
"p1k_00313","b3124",2.86134107489509
"p1k_00313","b2788",2.56177816217305
"p1k_00944","b3124",4.53541073773174
"p1k_00944","b2788",3.96623661665393
"p1k_00008","b3124",7.29690637712582
"p1k_00008","b2788",6.28260139894635
"p1k_00146","b3124",4.47412289193126
"p1k_00146","b2788",3.91482239527864
"p1k_00244","b3124",27.3345187719684
"p1k_00244","b2788",23.0758465372901
"p1k_00221","b3124",4.02997903483724
"p1k_00221","b2788",3.54222410330554
"p1k_00636","b3124",4.19071800328205
"p1k_00636","b2788",3.67707164297605
"p1k_00063","b3124",4.8429829271361
"p1k_00063","b2788",4.22425456540666
"p1k_00616","b3124",4.68392525524103
"p1k_00616","b2788",4.09082408836234
"p1k_00222","b3124",3.64070503905804
"p1k_00222","b2788",3.21564659722634
"p1k_00966","b3124",4.07448064743805
"p1k_00966","b2788",3.57955767202921
"p1k_00076","b3124",3.4326789010372
"p1k_00076","b2788",3.04112122106016
"p1k_00983","b3124",3.03796893085808
"p1k_00983","b2788",2.7099682443931
"p1k_00238","b3124",9.99417942027953
"p1k_00238","b2788",8.54462922628096
"p1k_00067","b3124",6.28434261065967
"p1k_00067","b2788",5.43331087593456
"p1k_00047","b3124",4.40442586734295
"p1k_00047","b2788",3.85635344538501
"p1k_01055","b3124",4.19601442532685
"p1k_01055","b2788",3.68151490280498
"p1k_00557","b3124",5.17814849233203
"p1k_00557","b2788",4.50541337829466
"p1k_00136","b3124",3.52023963515238
"p1k_00136","b2788",3.11458141101142
"p1k_00214","b3124",2.98456110943514
"p1k_00214","b2788",2.66515949915379
"starve_series__t05_starve","b3124",17.1674752405121
"starve_series__t05_starve","b2788",14.5581644538812
"p1k_00508","b3124",7.11185868667934
"p1k_00508","b2788",6.12739701389185
"p1k_00462","b3124",4.97171360575772
"p1k_00462","b2788",4.33224312637198
"p1k_01008","b3124",3.96572312527454
"p1k_01008","b2788",3.48831791580431
"p1k_00928","b3124",6.32316813847199
"p1k_00928","b2788",5.46587708749953
"p1k_00056","b3124",4.71866931601565
"p1k_00056","b2788",4.11997036167378
"p1k_00429","b3124",2.20021041125114
"p1k_00429","b2788",2.00707455566684
"p1k_00658","b3124",4.01749792865282
"p1k_00658","b2788",3.53175335378779
"p1k_00002","b3124",3.84988471943713
"p1k_00002","b2788",3.39113698167505
"p1k_01004","b3124",3.80918371144515
"p1k_01004","b2788",3.35699126513138
"p1k_00229","b3124",3.34446738105478
"p1k_00229","b2788",2.96711455454519
"p1k_00980","b3124",4.38889764642996
"p1k_00980","b2788",3.84332675307879
"p1k_00622","b3124",3.89999159977957
"p1k_00622","b2788",3.43317351952323
"p1k_00417","b3124",2.18068597933053
"p1k_00417","b2788",1.99069269359897
"p1k_00831","b3124",3.99794917784427
"p1k_00831","b2788",3.51535333941519
"p1k_01015","b3124",3.97515759908069
"p1k_01015","b2788",3.49623279197431
"p1k_00315","b3124",3.71933827765461
"p1k_00315","b2788",3.28161593665279
"p1k_00842","b3124",5.67015601841573
"p1k_00842","b2788",4.91812859535799
"p1k_00050","b3124",3.10889750936215
"p1k_00050","b2788",2.76947648848095
"p1k_00762","b3124",7.20505151526244
"p1k_00762","b2788",6.20556057166374
"p1k_00054","b3124",8.00468795413709
"p1k_00054","b2788",6.87621647774355
"p1k_00832","b3124",3.71677681907644
"p1k_00832","b2788",3.27946700767938
"p1k_00095","b3124",11.2790917784058
"p1k_00095","b2788",9.62203973678035
