"sample","iM","Val"
"p1k_00711","FlhDC-1",-7.66291465877012
"p1k_00711","FlhDC-2",-6
"p1k_00740","FlhDC-1",-7.68746270418446
"p1k_00740","FlhDC-2",-9
"p1k_00571","FlhDC-1",-8.02295676450154
"p1k_00571","FlhDC-2",-3
"p1k_00169","FlhDC-1",-7.85115921855309
"p1k_00169","FlhDC-2",-5
"p1k_00985","FlhDC-1",-7.74234901202916
"p1k_00985","FlhDC-2",-4
"p1k_00738","FlhDC-1",-7.73539898359619
"p1k_00738","FlhDC-2",-3
"p1k_00157","FlhDC-1",-7.51776366144533
"p1k_00157","FlhDC-2",-9
"p1k_00660","FlhDC-1",-7.7653502842192
"p1k_00660","FlhDC-2",-9
"p1k_00573","FlhDC-1",-8.06814896798193
"p1k_00573","FlhDC-2",-6
"p1k_00940","FlhDC-1",-7.51420057428541
"p1k_00940","FlhDC-2",-4
"p1k_00550","FlhDC-1",-8.34180891960708
"p1k_00550","FlhDC-2",-10
"p1k_00708","FlhDC-1",-7.86894291048232
"p1k_00708","FlhDC-2",-10
"p1k_00052","FlhDC-1",-7.62668080354714
"p1k_00052","FlhDC-2",-3
"p1k_00245","FlhDC-1",-7.80679230721821
"p1k_00245","FlhDC-2",-10
"p1k_00658","FlhDC-1",-7.73139631397422
"p1k_00658","FlhDC-2",-8
"p1k_00104","FlhDC-1",-7.45867836207919
"p1k_00104","FlhDC-2",-9
"p1k_00254","FlhDC-1",-7.9116707133416
"p1k_00254","FlhDC-2",-6
"p1k_00798","FlhDC-1",-7.38845362540943
"p1k_00798","FlhDC-2",-5
"p1k_00222","FlhDC-1",-7.93290079518117
"p1k_00222","FlhDC-2",-9
"p1k_00593","FlhDC-1",-7.90520996469539
"p1k_00593","FlhDC-2",-6
"p1k_00981","FlhDC-1",-7.78294122261864
"p1k_00981","FlhDC-2",-5
"p1k_00454","FlhDC-1",-7.48117701385925
"p1k_00454","FlhDC-2",-10
"p1k_00046","FlhDC-1",-8.30054838838413
"p1k_00046","FlhDC-2",-3
"p1k_00074","FlhDC-1",-8.24669213134215
"p1k_00074","FlhDC-2",-5
"p1k_00464","FlhDC-1",-7.77501392077214
"p1k_00464","FlhDC-2",-3
"p1k_00624","FlhDC-1",-7.79856685469509
"p1k_00624","FlhDC-2",-3
"p1k_00499","FlhDC-1",-8.10854836334732
"p1k_00499","FlhDC-2",-7
"p1k_00586","FlhDC-1",-7.69282571136817
"p1k_00586","FlhDC-2",-4
"p1k_00676","FlhDC-1",-7.73336775984772
"p1k_00676","FlhDC-2",-8
"p1k_00089","FlhDC-1",-7.75800657534243
"p1k_00089","FlhDC-2",-5
"p1k_00772","FlhDC-1",-7.81430227461175
"p1k_00772","FlhDC-2",-7
"p1k_00401","FlhDC-1",-8.39557679087964
"p1k_00401","FlhDC-2",-9
"p1k_00346","FlhDC-1",-7.70614164170051
"p1k_00346","FlhDC-2",-3
"p1k_00632","FlhDC-1",-7.70834904345092
"p1k_00632","FlhDC-2",-3
"p1k_00379","FlhDC-1",-8.00745563100055
"p1k_00379","FlhDC-2",-8
"p1k_00461","FlhDC-1",-7.69132378224671
"p1k_00461","FlhDC-2",-8
"p1k_00792","FlhDC-1",-7.7281991091717
"p1k_00792","FlhDC-2",-5
"p1k_00869","FlhDC-1",-9.38034454550366
"p1k_00869","FlhDC-2",-3
"p1k_00503","FlhDC-1",-8.01385282220047
"p1k_00503","FlhDC-2",-5
"p1k_00592","FlhDC-1",-7.87441397107051
"p1k_00592","FlhDC-2",-6
"p1k_00165","FlhDC-1",-8.28178711985343
"p1k_00165","FlhDC-2",-3
"p1k_01052","FlhDC-1",-7.91709976420046
"p1k_01052","FlhDC-2",-4
"p1k_00299","FlhDC-1",-7.51533815605985
"p1k_00299","FlhDC-2",-10
"p1k_00847","FlhDC-1",-7.46959943866681
"p1k_00847","FlhDC-2",-10
"p1k_00797","FlhDC-1",-7.43015297219492
"p1k_00797","FlhDC-2",-8
"p1k_00106","FlhDC-1",-8.13006967356779
"p1k_00106","FlhDC-2",-8
"p1k_00918","FlhDC-1",-8.03169910552867
"p1k_00918","FlhDC-2",-8
"p1k_00058","FlhDC-1",-8.15331218731063
"p1k_00058","FlhDC-2",-5
"p1k_00713","FlhDC-1",-7.72009573116102
"p1k_00713","FlhDC-2",-10
"p1k_00385","FlhDC-1",-7.91781375253553
"p1k_00385","FlhDC-2",-9
"p1k_00569","FlhDC-1",-8.01049317079818
"p1k_00569","FlhDC-2",-9
"p1k_00460","FlhDC-1",-7.78454450438588
"p1k_00460","FlhDC-2",-6
"starve_series__t03_starve","FlhDC-1",-7.80176724129575
"starve_series__t03_starve","FlhDC-2",-9
"p1k_00993","FlhDC-1",-7.61767657156519
"p1k_00993","FlhDC-2",-8
"p1k_00367","FlhDC-1",-7.83138726598362
"p1k_00367","FlhDC-2",-5
"p1k_00242","FlhDC-1",-7.70174412643773
"p1k_00242","FlhDC-2",-5
"p1k_00223","FlhDC-1",-7.83427284129244
"p1k_00223","FlhDC-2",-10
"p1k_00526","FlhDC-1",-8.23184600396354
"p1k_00526","FlhDC-2",-4
"p1k_00770","FlhDC-1",-8.00133742284151
"p1k_00770","FlhDC-2",-6
"p1k_00248","FlhDC-1",-7.83197636044095
"p1k_00248","FlhDC-2",-8
"p1k_00700","FlhDC-1",-7.63045932338492
"p1k_00700","FlhDC-2",-5
"p1k_00096","FlhDC-1",-7.62135602567639
"p1k_00096","FlhDC-2",-8
"p1k_00347","FlhDC-1",-7.67231304341294
"p1k_00347","FlhDC-2",-3
"p1k_00409","FlhDC-1",-7.83156203642217
"p1k_00409","FlhDC-2",-8
"p1k_00785","FlhDC-1",-8.14275912886417
"p1k_00785","FlhDC-2",-5
"p1k_00348","FlhDC-1",-7.63405869502981
"p1k_00348","FlhDC-2",-5
"p1k_00640","FlhDC-1",-7.69302213894011
"p1k_00640","FlhDC-2",-4
"p1k_00166","FlhDC-1",-8.31143233067547
"p1k_00166","FlhDC-2",-8
"starve_series__t28_growth2","FlhDC-1",-7.74238252236866
"starve_series__t28_growth2","FlhDC-2",-6
"p1k_00488","FlhDC-1",-7.55783044888344
"p1k_00488","FlhDC-2",-5
"p1k_00444","FlhDC-1",-7.78842317745734
"p1k_00444","FlhDC-2",-6
"p1k_00994","FlhDC-1",-7.54393079399748
"p1k_00994","FlhDC-2",-8
"p1k_00978","FlhDC-1",-7.82734734751579
"p1k_00978","FlhDC-2",-7
"starve_series__t17_starve","FlhDC-1",-7.78586058655885
"starve_series__t17_starve","FlhDC-2",-4
"p1k_00596","FlhDC-1",-8.00193486083808
"p1k_00596","FlhDC-2",-4
"p1k_00781","FlhDC-1",-7.91797915618745
"p1k_00781","FlhDC-2",-10
"p1k_00258","FlhDC-1",-7.79268723021204
"p1k_00258","FlhDC-2",-3
"p1k_00219","FlhDC-1",-7.58163249061683
"p1k_00219","FlhDC-2",-10
"p1k_00370","FlhDC-1",-7.92099195059704
"p1k_00370","FlhDC-2",-4
"p1k_00055","FlhDC-1",-8.00537412559156
"p1k_00055","FlhDC-2",-7
"p1k_00689","FlhDC-1",-7.89161993879133
"p1k_00689","FlhDC-2",-4
"p1k_00369","FlhDC-1",-7.95152744007839
"p1k_00369","FlhDC-2",-10
"p1k_00280","FlhDC-1",-7.5919789381075
"p1k_00280","FlhDC-2",-10
"p1k_00743","FlhDC-1",-7.76158263327626
"p1k_00743","FlhDC-2",-10
"p1k_00295","FlhDC-1",-8.13390146255187
"p1k_00295","FlhDC-2",-4
"p1k_00372","FlhDC-1",-7.78118579273519
"p1k_00372","FlhDC-2",-5
"p1k_00109","FlhDC-1",-7.96106764926086
"p1k_00109","FlhDC-2",-7
"p1k_00405","FlhDC-1",-8.4348593466209
"p1k_00405","FlhDC-2",-9
"p1k_00163","FlhDC-1",-8.44442015343816
"p1k_00163","FlhDC-2",-7
"p1k_00118","FlhDC-1",-7.98220383013633
"p1k_00118","FlhDC-2",-8
"p1k_00835","FlhDC-1",-7.47490463218789
"p1k_00835","FlhDC-2",-6
"p1k_00331","FlhDC-1",-8.0865091734669
"p1k_00331","FlhDC-2",-5
"p1k_00212","FlhDC-1",-7.66850214785163
"p1k_00212","FlhDC-2",-8
"p1k_00840","FlhDC-1",-7.48070758508706
"p1k_00840","FlhDC-2",-5
"p1k_00472","FlhDC-1",-7.45137761037328
"p1k_00472","FlhDC-2",-7
"p1k_01016","FlhDC-1",-7.95060054923419
"p1k_01016","FlhDC-2",-7
"starve_series__t06_starve","FlhDC-1",-7.79857289533524
"starve_series__t06_starve","FlhDC-2",-8
"p1k_01049","FlhDC-1",-7.67724067498035
"p1k_01049","FlhDC-2",-4
"p1k_00136","FlhDC-1",-7.78701961373627
"p1k_00136","FlhDC-2",-4
"p1k_00623","FlhDC-1",-7.88719653272956
"p1k_00623","FlhDC-2",-7
"p1k_00141","FlhDC-1",-8.08878896160532
"p1k_00141","FlhDC-2",-3
"p1k_00490","FlhDC-1",-7.85618151828959
"p1k_00490","FlhDC-2",-10
"p1k_00244","FlhDC-1",-7.66411702307559
"p1k_00244","FlhDC-2",-9
"p1k_00926","FlhDC-1",-8.09790771388338
"p1k_00926","FlhDC-2",-7
"p1k_01010","FlhDC-1",-8.10876018709957
"p1k_01010","FlhDC-2",-8
"p1k_00067","FlhDC-1",-7.89523586535049
"p1k_00067","FlhDC-2",-6
"p1k_00224","FlhDC-1",-7.77882252573043
"p1k_00224","FlhDC-2",-3
"p1k_00445","FlhDC-1",-8.10468222484331
"p1k_00445","FlhDC-2",-3
"p1k_00455","FlhDC-1",-7.327472185621
"p1k_00455","FlhDC-2",-3
"p1k_00386","FlhDC-1",-7.93146009769849
"p1k_00386","FlhDC-2",-9
"p1k_00496","FlhDC-1",-7.95532507962399
"p1k_00496","FlhDC-2",-7
"p1k_00601","FlhDC-1",-8.27435412413639
"p1k_00601","FlhDC-2",-9
"p1k_00773","FlhDC-1",-8.03848814827881
"p1k_00773","FlhDC-2",-8
"p1k_01039","FlhDC-1",-7.42152005044123
"p1k_01039","FlhDC-2",-8
"p1k_00828","FlhDC-1",-8.51984249207443
"p1k_00828","FlhDC-2",-6
"p1k_00824","FlhDC-1",-7.48483177172231
"p1k_00824","FlhDC-2",-9
"p1k_00898","FlhDC-1",-7.54220319416986
"p1k_00898","FlhDC-2",-3
"starve_series__t04_starve","FlhDC-1",-7.76713620156905
"starve_series__t04_starve","FlhDC-2",-3
"p1k_00659","FlhDC-1",-7.6941363916598
"p1k_00659","FlhDC-2",-8
"p1k_00734","FlhDC-1",-7.55635284595551
"p1k_00734","FlhDC-2",-7
"p1k_00901","FlhDC-1",-7.60983269654519
"p1k_00901","FlhDC-2",-10
"p1k_00410","FlhDC-1",-8.06161462717092
"p1k_00410","FlhDC-2",-6
"p1k_00661","FlhDC-1",-7.71371521879455
"p1k_00661","FlhDC-2",-9
"p1k_00861","FlhDC-1",-8.87831223079943
"p1k_00861","FlhDC-2",-6
"p1k_00144","FlhDC-1",-7.60109331364377
"p1k_00144","FlhDC-2",-5
"p1k_00309","FlhDC-1",-7.48693006395525
"p1k_00309","FlhDC-2",-6
"p1k_00997","FlhDC-1",-7.62402993474528
"p1k_00997","FlhDC-2",-8
"p1k_00857","FlhDC-1",-8.90529012308148
"p1k_00857","FlhDC-2",-6
"p1k_00264","FlhDC-1",-7.63089255144077
"p1k_00264","FlhDC-2",-8
"p1k_00114","FlhDC-1",-8.02350364675426
"p1k_00114","FlhDC-2",-8
"p1k_00977","FlhDC-1",-7.71143727971411
"p1k_00977","FlhDC-2",-7
"p1k_00257","FlhDC-1",-7.85076958106703
"p1k_00257","FlhDC-2",-7
"p1k_00435","FlhDC-1",-8.39907769606784
"p1k_00435","FlhDC-2",-7
"p1k_00804","FlhDC-1",-7.53683359205342
"p1k_00804","FlhDC-2",-8
"p1k_00672","FlhDC-1",-7.77537128191824
"p1k_00672","FlhDC-2",-5
"p1k_00914","FlhDC-1",-8.06479972794678
"p1k_00914","FlhDC-2",-3
"p1k_00102","FlhDC-1",-7.57667037818584
"p1k_00102","FlhDC-2",-9
"starve_series__t25_growth2","FlhDC-1",-7.7894286017891
"starve_series__t25_growth2","FlhDC-2",-8
"p1k_00500","FlhDC-1",-8.10137985073917
"p1k_00500","FlhDC-2",-8
"p1k_00037","FlhDC-1",-7.68861047253943
"p1k_00037","FlhDC-2",-8
"p1k_00522","FlhDC-1",-7.80704379380831
"p1k_00522","FlhDC-2",-4
"p1k_00387","FlhDC-1",-8.47459637578578
"p1k_00387","FlhDC-2",-8
"p1k_00515","FlhDC-1",-7.68075431156929
"p1k_00515","FlhDC-2",-10
"p1k_00581","FlhDC-1",-8.0239704436391
"p1k_00581","FlhDC-2",-8
"p1k_00407","FlhDC-1",-8.50471980993629
"p1k_00407","FlhDC-2",-4
"p1k_00831","FlhDC-1",-7.46959943876869
"p1k_00831","FlhDC-2",-6
"p1k_00421","FlhDC-1",-8.4467660384239
"p1k_00421","FlhDC-2",-10
"p1k_00432","FlhDC-1",-8.46521236688354
"p1k_00432","FlhDC-2",-6
"p1k_00762","FlhDC-1",-7.97362113025311
"p1k_00762","FlhDC-2",-4
"p1k_00145","FlhDC-1",-7.84702636366325
"p1k_00145","FlhDC-2",-6
"p1k_00932","FlhDC-1",-7.96922335976144
"p1k_00932","FlhDC-2",-4
"p1k_00575","FlhDC-1",-8.04374811038829
"p1k_00575","FlhDC-2",-9
"p1k_00760","FlhDC-1",-7.58772770923308
"p1k_00760","FlhDC-2",-4
"p1k_00497","FlhDC-1",-7.41470318429348
"p1k_00497","FlhDC-2",-3
"p1k_00812","FlhDC-1",-7.47511170906498
"p1k_00812","FlhDC-2",-7
"p1k_01017","FlhDC-1",-7.76667607845126
"p1k_01017","FlhDC-2",-5
"p1k_00805","FlhDC-1",-7.51157137741755
"p1k_00805","FlhDC-2",-5
"p1k_00529","FlhDC-1",-8.24108456610557
"p1k_00529","FlhDC-2",-5
"p1k_00344","FlhDC-1",-7.69494421636174
"p1k_00344","FlhDC-2",-7
"p1k_00878","FlhDC-1",-9.0109651205219
"p1k_00878","FlhDC-2",-10
"p1k_00726","FlhDC-1",-7.65268437775649
"p1k_00726","FlhDC-2",-7
"p1k_00110","FlhDC-1",-7.83107254348807
"p1k_00110","FlhDC-2",-4
"p1k_00782","FlhDC-1",-7.70858523708781
"p1k_00782","FlhDC-2",-6
"starve_series__t18_starve","FlhDC-1",-7.79407444668291
"starve_series__t18_starve","FlhDC-2",-6
"p1k_00235","FlhDC-1",-7.91696610679435
"p1k_00235","FlhDC-2",-5
"p1k_00159","FlhDC-1",-7.49671441068119
"p1k_00159","FlhDC-2",-8
"p1k_00066","FlhDC-1",-7.90174665396746
"p1k_00066","FlhDC-2",-9
"p1k_00448","FlhDC-1",-7.64236977866678
"p1k_00448","FlhDC-2",-5
"p1k_00619","FlhDC-1",-7.78662543108181
"p1k_00619","FlhDC-2",-3
"p1k_00293","FlhDC-1",-8.47883872258388
"p1k_00293","FlhDC-2",-5
"p1k_00854","FlhDC-1",-9.1208807658725
"p1k_00854","FlhDC-2",-5
"p1k_00987","FlhDC-1",-7.65716330110705
"p1k_00987","FlhDC-2",-7
"p1k_01014","FlhDC-1",-7.95669764444007
"p1k_01014","FlhDC-2",-4
"p1k_01006","FlhDC-1",-7.61374285924805
"p1k_01006","FlhDC-2",-8
"p1k_00947","FlhDC-1",-8.0426574238214
"p1k_00947","FlhDC-2",-7
"p1k_00060","FlhDC-1",-7.79621381871955
"p1k_00060","FlhDC-2",-10
"p1k_00865","FlhDC-1",-8.86809972822033
"p1k_00865","FlhDC-2",-3
"p1k_00256","FlhDC-1",-7.4461291424233
"p1k_00256","FlhDC-2",-3
"p1k_00349","FlhDC-1",-7.87734906381926
"p1k_00349","FlhDC-2",-5
"p1k_00051","FlhDC-1",-7.64442600911931
"p1k_00051","FlhDC-2",-4
"p1k_00622","FlhDC-1",-7.87688067427965
"p1k_00622","FlhDC-2",-3
"p1k_00983","FlhDC-1",-7.76269250545341
"p1k_00983","FlhDC-2",-9
"p1k_00288","FlhDC-1",-7.86933952280224
"p1k_00288","FlhDC-2",-4
"p1k_00548","FlhDC-1",-8.49450749846199
"p1k_00548","FlhDC-2",-6
"p1k_00784","FlhDC-1",-8.10173870013653
"p1k_00784","FlhDC-2",-8
"p1k_00585","FlhDC-1",-7.61326049190861
"p1k_00585","FlhDC-2",-10
"p1k_00394","FlhDC-1",-8.51094266789412
"p1k_00394","FlhDC-2",-7
"p1k_00381","FlhDC-1",-8.11882773095217
"p1k_00381","FlhDC-2",-5
"p1k_00184","FlhDC-1",-8.38049968642259
"p1k_00184","FlhDC-2",-6
"p1k_00551","FlhDC-1",-8.33962048901958
"p1k_00551","FlhDC-2",-10
"p1k_00723","FlhDC-1",-7.75831366126514
"p1k_00723","FlhDC-2",-5
"p1k_00180","FlhDC-1",-8.42562721274435
"p1k_00180","FlhDC-2",-10
"p1k_00267","FlhDC-1",-7.87877336403051
"p1k_00267","FlhDC-2",-6
"p1k_00093","FlhDC-1",-7.68617377079883
"p1k_00093","FlhDC-2",-10
"p1k_00142","FlhDC-1",-7.89247399600878
"p1k_00142","FlhDC-2",-8
"p1k_00127","FlhDC-1",-8.28101266790024
"p1k_00127","FlhDC-2",-7
"p1k_00889","FlhDC-1",-7.96581544243176
"p1k_00889","FlhDC-2",-10
"p1k_00100","FlhDC-1",-7.84055763913794
"p1k_00100","FlhDC-2",-3
"p1k_00695","FlhDC-1",-7.88248401302549
"p1k_00695","FlhDC-2",-9
"p1k_00291","FlhDC-1",-7.86180947470938
"p1k_00291","FlhDC-2",-6
"p1k_00647","FlhDC-1",-7.93558754632515
"p1k_00647","FlhDC-2",-6
"p1k_00790","FlhDC-1",-8.36378308125179
"p1k_00790","FlhDC-2",-8
"p1k_00715","FlhDC-1",-7.56813986107582
"p1k_00715","FlhDC-2",-3
"p1k_00057","FlhDC-1",-7.92683929337561
"p1k_00057","FlhDC-2",-8
"p1k_00211","FlhDC-1",-7.71155945247566
"p1k_00211","FlhDC-2",-10
"p1k_00317","FlhDC-1",-8.41623305665596
"p1k_00317","FlhDC-2",-10
"p1k_00552","FlhDC-1",-8.33708380508222
"p1k_00552","FlhDC-2",-4
"p1k_00511","FlhDC-1",-8.03281676391044
"p1k_00511","FlhDC-2",-9
"p1k_00808","FlhDC-1",-7.52507897435417
"p1k_00808","FlhDC-2",-7
"p1k_00537","FlhDC-1",-7.84104778226699
"p1k_00537","FlhDC-2",-7
"p1k_00236","FlhDC-1",-8.00737738676987
"p1k_00236","FlhDC-2",-4
"p1k_00800","FlhDC-1",-7.5648934997428
"p1k_00800","FlhDC-2",-6
"p1k_00528","FlhDC-1",-8.27314389097525
"p1k_00528","FlhDC-2",-9
"p1k_00752","FlhDC-1",-7.91729089743598
"p1k_00752","FlhDC-2",-3
"p1k_00967","FlhDC-1",-7.816565838276
"p1k_00967","FlhDC-2",-3
"p1k_00527","FlhDC-1",-8.21800281375559
"p1k_00527","FlhDC-2",-5
"p1k_00716","FlhDC-1",-7.81820751988367
"p1k_00716","FlhDC-2",-10
"p1k_00152","FlhDC-1",-8.29356715250482
"p1k_00152","FlhDC-2",-9
"starve_series__t07_starve","FlhDC-1",-7.73031687052805
"starve_series__t07_starve","FlhDC-2",-5
"p1k_00769","FlhDC-1",-8.01044486121229
"p1k_00769","FlhDC-2",-8
"p1k_00015","FlhDC-1",-7.71773127683064
"p1k_00015","FlhDC-2",-8
"p1k_00779","FlhDC-1",-7.79347593241589
"p1k_00779","FlhDC-2",-9
"p1k_00417","FlhDC-1",-8.3988229776987
"p1k_00417","FlhDC-2",-10
"p1k_00536","FlhDC-1",-7.87003562418062
"p1k_00536","FlhDC-2",-6
"p1k_00358","FlhDC-1",-7.87894015695007
"p1k_00358","FlhDC-2",-9
"p1k_00072","FlhDC-1",-8.16893575469321
"p1k_00072","FlhDC-2",-4
"p1k_00910","FlhDC-1",-8.10783870223352
"p1k_00910","FlhDC-2",-4
"p1k_00626","FlhDC-1",-7.68822329564736
"p1k_00626","FlhDC-2",-8
"p1k_00816","FlhDC-1",-7.69231617761581
"p1k_00816","FlhDC-2",-10
"p1k_00574","FlhDC-1",-7.96983246648536
"p1k_00574","FlhDC-2",-3
"p1k_00525","FlhDC-1",-7.74549241106893
"p1k_00525","FlhDC-2",-8
"p1k_00237","FlhDC-1",-7.97590480741066
"p1k_00237","FlhDC-2",-7
"starve_series__t22_growth2","FlhDC-1",-7.78943279748058
"starve_series__t22_growth2","FlhDC-2",-4
"p1k_00341","FlhDC-1",-7.6577136796956
"p1k_00341","FlhDC-2",-9
"p1k_00048","FlhDC-1",-7.91450529841196
"p1k_00048","FlhDC-2",-10
"p1k_00081","FlhDC-1",-8.11699132010452
"p1k_00081","FlhDC-2",-9
"p1k_00326","FlhDC-1",-7.53603595412748
"p1k_00326","FlhDC-2",-5
"p1k_00725","FlhDC-1",-7.73187591563675
"p1k_00725","FlhDC-2",-3
"p1k_00011","FlhDC-1",-7.75590833385593
"p1k_00011","FlhDC-2",-4
"p1k_00112","FlhDC-1",-7.88022399560357
"p1k_00112","FlhDC-2",-10
"p1k_00524","FlhDC-1",-7.68773578391415
"p1k_00524","FlhDC-2",-5
"p1k_00642","FlhDC-1",-7.72297419436035
"p1k_00642","FlhDC-2",-6
"p1k_00992","FlhDC-1",-7.54474791113739
"p1k_00992","FlhDC-2",-7
"p1k_00563","FlhDC-1",-8.20168768609662
"p1k_00563","FlhDC-2",-8
"p1k_00005","FlhDC-1",-7.72933544036874
"p1k_00005","FlhDC-2",-7
"p1k_00964","FlhDC-1",-7.81550609934592
"p1k_00964","FlhDC-2",-4
"p1k_00875","FlhDC-1",-9.09909724717149
"p1k_00875","FlhDC-2",-5
"p1k_00316","FlhDC-1",-7.62995428590895
"p1k_00316","FlhDC-2",-7
"p1k_01035","FlhDC-1",-7.45424153401351
"p1k_01035","FlhDC-2",-5
"p1k_00759","FlhDC-1",-7.66058440707861
"p1k_00759","FlhDC-2",-3
"p1k_00850","FlhDC-1",-7.46959943964338
"p1k_00850","FlhDC-2",-4
"p1k_00183","FlhDC-1",-8.3894673865712
"p1k_00183","FlhDC-2",-4
"p1k_00962","FlhDC-1",-7.61571754841879
"p1k_00962","FlhDC-2",-3
"p1k_00415","FlhDC-1",-8.06938511336745
"p1k_00415","FlhDC-2",-6
"p1k_00334","FlhDC-1",-8.20190904370365
"p1k_00334","FlhDC-2",-4
"p1k_00771","FlhDC-1",-7.83211802055959
"p1k_00771","FlhDC-2",-10
"p1k_01045","FlhDC-1",-7.57467139913783
"p1k_01045","FlhDC-2",-10
"p1k_00282","FlhDC-1",-8.1502348437545
"p1k_00282","FlhDC-2",-10
"p1k_00321","FlhDC-1",-7.8361120479601
"p1k_00321","FlhDC-2",-3
"p1k_00616","FlhDC-1",-7.73857138608601
"p1k_00616","FlhDC-2",-7
"p1k_00879","FlhDC-1",-8.96077926384913
"p1k_00879","FlhDC-2",-6
"p1k_00092","FlhDC-1",-7.54314565825042
"p1k_00092","FlhDC-2",-8
"p1k_00530","FlhDC-1",-7.73975422837719
"p1k_00530","FlhDC-2",-8
"p1k_00253","FlhDC-1",-7.71587909782343
"p1k_00253","FlhDC-2",-10
"p1k_00609","FlhDC-1",-7.72743959669954
"p1k_00609","FlhDC-2",-9
"p1k_00351","FlhDC-1",-7.7502466751297
"p1k_00351","FlhDC-2",-8
"p1k_00076","FlhDC-1",-7.58715606855497
"p1k_00076","FlhDC-2",-6
"p1k_00298","FlhDC-1",-7.60581100707945
"p1k_00298","FlhDC-2",-8
"p1k_00694","FlhDC-1",-7.87601948547236
"p1k_00694","FlhDC-2",-9
"p1k_00766","FlhDC-1",-8.00650155483616
"p1k_00766","FlhDC-2",-9
"p1k_00218","FlhDC-1",-7.49516831979859
"p1k_00218","FlhDC-2",-10
"p1k_00306","FlhDC-1",-7.58187466282822
"p1k_00306","FlhDC-2",-8
"p1k_00913","FlhDC-1",-8.228206795721
"p1k_00913","FlhDC-2",-4
"p1k_00936","FlhDC-1",-7.85402245993703
"p1k_00936","FlhDC-2",-6
"p1k_00065","FlhDC-1",-7.9277293000345
"p1k_00065","FlhDC-2",-8
"p1k_00205","FlhDC-1",-7.6317287095096
"p1k_00205","FlhDC-2",-8
"p1k_00216","FlhDC-1",-7.68320409007997
"p1k_00216","FlhDC-2",-10
"p1k_01022","FlhDC-1",-7.55950224245524
"p1k_01022","FlhDC-2",-9
"p1k_00815","FlhDC-1",-7.61384406262142
"p1k_00815","FlhDC-2",-3
"p1k_00578","FlhDC-1",-8.00023292636326
"p1k_00578","FlhDC-2",-9
"p1k_00729","FlhDC-1",-7.8319416185889
"p1k_00729","FlhDC-2",-3
"p1k_00617","FlhDC-1",-7.74410811121777
"p1k_00617","FlhDC-2",-7
"p1k_00354","FlhDC-1",-7.92411375798304
"p1k_00354","FlhDC-2",-9
"p1k_00187","FlhDC-1",-8.50558726877078
"p1k_00187","FlhDC-2",-6
"p1k_00787","FlhDC-1",-8.13997838705703
"p1k_00787","FlhDC-2",-4
"p1k_00305","FlhDC-1",-7.54706401379033
"p1k_00305","FlhDC-2",-5
"p1k_00366","FlhDC-1",-8.1684123006734
"p1k_00366","FlhDC-2",-7
"p1k_00909","FlhDC-1",-7.63898804590212
"p1k_00909","FlhDC-2",-7
"p1k_00825","FlhDC-1",-7.49867134841661
"p1k_00825","FlhDC-2",-9
"p1k_00202","FlhDC-1",-7.80733303581625
"p1k_00202","FlhDC-2",-7
"p1k_00297","FlhDC-1",-7.62245408361941
"p1k_00297","FlhDC-2",-10
"p1k_00749","FlhDC-1",-7.8365620715666
"p1k_00749","FlhDC-2",-7
"p1k_00484","FlhDC-1",-7.44152315435922
"p1k_00484","FlhDC-2",-9
"p1k_00767","FlhDC-1",-8.08893331411114
"p1k_00767","FlhDC-2",-5
"p1k_00844","FlhDC-1",-7.59694634739124
"p1k_00844","FlhDC-2",-8
"p1k_00906","FlhDC-1",-7.64460772844751
"p1k_00906","FlhDC-2",-6
"p1k_01026","FlhDC-1",-8.35576877191543
"p1k_01026","FlhDC-2",-5
"p1k_00677","FlhDC-1",-7.70556696230484
"p1k_00677","FlhDC-2",-7
"p1k_01037","FlhDC-1",-7.97914499150427
"p1k_01037","FlhDC-2",-8
"p1k_00018","FlhDC-1",-7.71383170635535
"p1k_00018","FlhDC-2",-9
"p1k_00380","FlhDC-1",-7.99229599195143
"p1k_00380","FlhDC-2",-7
"p1k_00780","FlhDC-1",-7.82852456031652
"p1k_00780","FlhDC-2",-4
"p1k_01034","FlhDC-1",-7.64919001493059
"p1k_01034","FlhDC-2",-8
"p1k_00555","FlhDC-1",-8.23522771265246
"p1k_00555","FlhDC-2",-4
"p1k_00138","FlhDC-1",-7.62617604649967
"p1k_00138","FlhDC-2",-5
"p1k_00635","FlhDC-1",-7.69509297818774
"p1k_00635","FlhDC-2",-3
"p1k_00881","FlhDC-1",-9.00038855306987
"p1k_00881","FlhDC-2",-8
"p1k_00938","FlhDC-1",-7.68282340757424
"p1k_00938","FlhDC-2",-7
"p1k_00355","FlhDC-1",-7.8123657081993
"p1k_00355","FlhDC-2",-4
"p1k_00704","FlhDC-1",-7.93205364847242
"p1k_00704","FlhDC-2",-5
"p1k_00053","FlhDC-1",-7.72576296643183
"p1k_00053","FlhDC-2",-8
"p1k_00915","FlhDC-1",-8.0786612195467
"p1k_00915","FlhDC-2",-5
"p1k_00158","FlhDC-1",-7.52884725257419
"p1k_00158","FlhDC-2",-9
"p1k_00124","FlhDC-1",-7.92089463723679
"p1k_00124","FlhDC-2",-10
"p1k_00286","FlhDC-1",-8.04091016787031
"p1k_00286","FlhDC-2",-6
"p1k_00588","FlhDC-1",-7.78570801515113
"p1k_00588","FlhDC-2",-7
"p1k_00955","FlhDC-1",-7.70642420928703
"p1k_00955","FlhDC-2",-9
"p1k_00937","FlhDC-1",-7.74627424330967
"p1k_00937","FlhDC-2",-6
"p1k_00123","FlhDC-1",-7.93517599461572
"p1k_00123","FlhDC-2",-3
"p1k_00345","FlhDC-1",-7.74444894134038
"p1k_00345","FlhDC-2",-5
"p1k_00587","FlhDC-1",-7.73975450359583
"p1k_00587","FlhDC-2",-4
"p1k_00872","FlhDC-1",-9.02540668041589
"p1k_00872","FlhDC-2",-5
"p1k_00670","FlhDC-1",-7.73028316301837
"p1k_00670","FlhDC-2",-10
"p1k_00579","FlhDC-1",-7.95846359652661
"p1k_00579","FlhDC-2",-8
"p1k_00027","FlhDC-1",-7.94794256898686
"p1k_00027","FlhDC-2",-7
"p1k_00877","FlhDC-1",-8.67464066404867
"p1k_00877","FlhDC-2",-8
"p1k_01003","FlhDC-1",-7.50888400451229
"p1k_01003","FlhDC-2",-5
"p1k_00221","FlhDC-1",-7.94593244355702
"p1k_00221","FlhDC-2",-5
"p1k_00965","FlhDC-1",-7.83074739308571
"p1k_00965","FlhDC-2",-5
"p1k_01011","FlhDC-1",-8.09038493761427
"p1k_01011","FlhDC-2",-9
"p1k_00567","FlhDC-1",-8.08255409207129
"p1k_00567","FlhDC-2",-8
"p1k_00839","FlhDC-1",-7.46959944044407
"p1k_00839","FlhDC-2",-9
"starve_series__t00_growth1","FlhDC-1",-7.65376489842931
"starve_series__t00_growth1","FlhDC-2",-7
"p1k_00395","FlhDC-1",-8.40087223155025
"p1k_00395","FlhDC-2",-7
"p1k_00610","FlhDC-1",-7.64602926351107
"p1k_00610","FlhDC-2",-8
"p1k_00246","FlhDC-1",-7.88717472057505
"p1k_00246","FlhDC-2",-4
"p1k_00810","FlhDC-1",-7.48316053798428
"p1k_00810","FlhDC-2",-10
"p1k_00873","FlhDC-1",-8.931955947793
"p1k_00873","FlhDC-2",-8
"p1k_00633","FlhDC-1",-7.81325196754965
"p1k_00633","FlhDC-2",-4
"p1k_00030","FlhDC-1",-7.88032606224379
"p1k_00030","FlhDC-2",-4
"p1k_00513","FlhDC-1",-7.6973781328319
"p1k_00513","FlhDC-2",-10
"p1k_00959","FlhDC-1",-7.72250082293966
"p1k_00959","FlhDC-2",-7
"p1k_00032","FlhDC-1",-7.90472949886852
"p1k_00032","FlhDC-2",-5
"p1k_00147","FlhDC-1",-7.58809478039226
"p1k_00147","FlhDC-2",-3
"p1k_00758","FlhDC-1",-7.92835351582769
"p1k_00758","FlhDC-2",-7
"p1k_00603","FlhDC-1",-7.89897633404139
"p1k_00603","FlhDC-2",-8
"p1k_00077","FlhDC-1",-7.5675088556523
"p1k_00077","FlhDC-2",-7
"p1k_00300","FlhDC-1",-7.50070190397953
"p1k_00300","FlhDC-2",-4
"p1k_00139","FlhDC-1",-7.44272558032911
"p1k_00139","FlhDC-2",-3
"p1k_00507","FlhDC-1",-7.64396632357326
"p1k_00507","FlhDC-2",-9
"p1k_00339","FlhDC-1",-7.58413849737804
"p1k_00339","FlhDC-2",-4
"p1k_00589","FlhDC-1",-7.77414598672273
"p1k_00589","FlhDC-2",-5
"p1k_00643","FlhDC-1",-7.69698245109779
"p1k_00643","FlhDC-2",-4
"p1k_00885","FlhDC-1",-7.75766530684044
"p1k_00885","FlhDC-2",-6
"p1k_01023","FlhDC-1",-7.65700576529347
"p1k_01023","FlhDC-2",-6
"p1k_00360","FlhDC-1",-8.22066070985241
"p1k_00360","FlhDC-2",-6
"p1k_01018","FlhDC-1",-7.76395686314423
"p1k_01018","FlhDC-2",-6
"p1k_01050","FlhDC-1",-7.28544929862297
"p1k_01050","FlhDC-2",-5
"p1k_00001","FlhDC-1",-7.63127362133753
"p1k_00001","FlhDC-2",-8
"p1k_00194","FlhDC-1",-7.71666645251485
"p1k_00194","FlhDC-2",-6
"p1k_00950","FlhDC-1",-7.54845812876274
"p1k_00950","FlhDC-2",-6
"p1k_00402","FlhDC-1",-8.40199211129879
"p1k_00402","FlhDC-2",-10
"p1k_00025","FlhDC-1",-7.91193526380723
"p1k_00025","FlhDC-2",-10
"p1k_00008","FlhDC-1",-7.88662171552413
"p1k_00008","FlhDC-2",-6
"p1k_00319","FlhDC-1",-8.39551710311819
"p1k_00319","FlhDC-2",-3
"p1k_00495","FlhDC-1",-7.98603327012098
"p1k_00495","FlhDC-2",-4
"p1k_00663","FlhDC-1",-7.93864282558227
"p1k_00663","FlhDC-2",-6
"p1k_00817","FlhDC-1",-7.4673166374455
"p1k_00817","FlhDC-2",-9
"p1k_00514","FlhDC-1",-7.75606164492597
"p1k_00514","FlhDC-2",-9
"p1k_00580","FlhDC-1",-8.03714691435203
"p1k_00580","FlhDC-2",-7
"p1k_00062","FlhDC-1",-7.8454071983862
"p1k_00062","FlhDC-2",-10
"p1k_00130","FlhDC-1",-7.53573798776942
"p1k_00130","FlhDC-2",-6
"p1k_00315","FlhDC-1",-7.63241996567627
"p1k_00315","FlhDC-2",-4
"p1k_00308","FlhDC-1",-7.73658423673135
"p1k_00308","FlhDC-2",-8
"p1k_00400","FlhDC-1",-8.44544876458044
"p1k_00400","FlhDC-2",-9
"p1k_00425","FlhDC-1",-7.88160807450768
"p1k_00425","FlhDC-2",-10
"p1k_00061","FlhDC-1",-7.81121426069125
"p1k_00061","FlhDC-2",-3
"p1k_00094","FlhDC-1",-7.61100259603581
"p1k_00094","FlhDC-2",-9
"p1k_00951","FlhDC-1",-7.76944384004751
"p1k_00951","FlhDC-2",-8
"p1k_00397","FlhDC-1",-8.22062966366811
"p1k_00397","FlhDC-2",-9
"p1k_00431","FlhDC-1",-8.4537693321397
"p1k_00431","FlhDC-2",-7
"p1k_00271","FlhDC-1",-7.85266350367349
"p1k_00271","FlhDC-2",-9
"p1k_00607","FlhDC-1",-7.71151833975832
"p1k_00607","FlhDC-2",-9
"p1k_01027","FlhDC-1",-7.62071027390778
"p1k_01027","FlhDC-2",-4
"p1k_00813","FlhDC-1",-7.48431922906612
"p1k_00813","FlhDC-2",-5
"p1k_00649","FlhDC-1",-7.72957555747122
"p1k_00649","FlhDC-2",-7
"p1k_00174","FlhDC-1",-8.41165606386177
"p1k_00174","FlhDC-2",-5
"p1k_00954","FlhDC-1",-8.20867733154275
"p1k_00954","FlhDC-2",-9
"p1k_00834","FlhDC-1",-7.47582479833135
"p1k_00834","FlhDC-2",-9
"p1k_00103","FlhDC-1",-7.41078704204452
"p1k_00103","FlhDC-2",-9
"p1k_00042","FlhDC-1",-7.64220547680593
"p1k_00042","FlhDC-2",-6
"p1k_00921","FlhDC-1",-8.25604923437663
"p1k_00921","FlhDC-2",-5
"p1k_00151","FlhDC-1",-8.170213846447
"p1k_00151","FlhDC-2",-4
"p1k_00535","FlhDC-1",-7.82157208092316
"p1k_00535","FlhDC-2",-3
"p1k_00917","FlhDC-1",-8.13103373958048
"p1k_00917","FlhDC-2",-9
"p1k_00929","FlhDC-1",-7.94174949417031
"p1k_00929","FlhDC-2",-4
"p1k_00002","FlhDC-1",-7.48675972249599
"p1k_00002","FlhDC-2",-9
"p1k_00671","FlhDC-1",-7.71866285023225
"p1k_00671","FlhDC-2",-4
"p1k_01055","FlhDC-1",-7.50272677172035
"p1k_01055","FlhDC-2",-4
"p1k_00210","FlhDC-1",-7.68280129195627
"p1k_00210","FlhDC-2",-10
"p1k_00465","FlhDC-1",-7.45699546612784
"p1k_00465","FlhDC-2",-7
"p1k_00778","FlhDC-1",-7.89708347622928
"p1k_00778","FlhDC-2",-6
"p1k_00754","FlhDC-1",-7.89599517581234
"p1k_00754","FlhDC-2",-10
"p1k_00362","FlhDC-1",-7.93454012794082
"p1k_00362","FlhDC-2",-7
"p1k_00860","FlhDC-1",-9.13182367632104
"p1k_00860","FlhDC-2",-3
"p1k_00904","FlhDC-1",-7.83590134805982
"p1k_00904","FlhDC-2",-10
"p1k_01009","FlhDC-1",-8.15611594134886
"p1k_01009","FlhDC-2",-9
"p1k_00278","FlhDC-1",-8.31128189769618
"p1k_00278","FlhDC-2",-9
"p1k_00736","FlhDC-1",-7.51428760886345
"p1k_00736","FlhDC-2",-10
"p1k_00359","FlhDC-1",-8.20233493939224
"p1k_00359","FlhDC-2",-9
"p1k_00185","FlhDC-1",-8.47102965848529
"p1k_00185","FlhDC-2",-3
"p1k_00826","FlhDC-1",-7.47284407221523
"p1k_00826","FlhDC-2",-6
"p1k_00799","FlhDC-1",-7.55375872616286
"p1k_00799","FlhDC-2",-5
"p1k_00505","FlhDC-1",-7.96682568864328
"p1k_00505","FlhDC-2",-4
"p1k_00156","FlhDC-1",-7.42317773482529
"p1k_00156","FlhDC-2",-5
"p1k_00972","FlhDC-1",-7.96915295308327
"p1k_00972","FlhDC-2",-8
"p1k_00882","FlhDC-1",-8.41193352196113
"p1k_00882","FlhDC-2",-3
"p1k_00408","FlhDC-1",-8.49108416020745
"p1k_00408","FlhDC-2",-4
"p1k_00989","FlhDC-1",-7.73959732337299
"p1k_00989","FlhDC-2",-9
"p1k_00226","FlhDC-1",-8.08333221834812
"p1k_00226","FlhDC-2",-4
"p1k_00648","FlhDC-1",-7.86667270534528
"p1k_00648","FlhDC-2",-9
"p1k_00418","FlhDC-1",-8.39061063401756
"p1k_00418","FlhDC-2",-5
"p1k_00095","FlhDC-1",-7.60975996322469
"p1k_00095","FlhDC-2",-4
"p1k_00534","FlhDC-1",-7.82499553498866
"p1k_00534","FlhDC-2",-3
"p1k_00153","FlhDC-1",-7.81399228079237
"p1k_00153","FlhDC-2",-10
"p1k_00686","FlhDC-1",-7.9968675453319
"p1k_00686","FlhDC-2",-5
"p1k_00961","FlhDC-1",-7.69607340831914
"p1k_00961","FlhDC-2",-4
"p1k_00554","FlhDC-1",-8.21900738783518
"p1k_00554","FlhDC-2",-4
"p1k_00719","FlhDC-1",-7.6145928845452
"p1k_00719","FlhDC-2",-10
"p1k_00883","FlhDC-1",-8.4290137851596
"p1k_00883","FlhDC-2",-8
"p1k_00886","FlhDC-1",-8.64321968944723
"p1k_00886","FlhDC-2",-4
"p1k_00356","FlhDC-1",-7.82052774171785
"p1k_00356","FlhDC-2",-8
"p1k_00155","FlhDC-1",-7.73697373640203
"p1k_00155","FlhDC-2",-8
"p1k_00634","FlhDC-1",-7.67404231199746
"p1k_00634","FlhDC-2",-7
"p1k_00403","FlhDC-1",-7.98340868842356
"p1k_00403","FlhDC-2",-3
"p1k_00020","FlhDC-1",-7.85825382773167
"p1k_00020","FlhDC-2",-5
"p1k_00336","FlhDC-1",-8.24217098186678
"p1k_00336","FlhDC-2",-9
"p1k_00794","FlhDC-1",-7.76769413706646
"p1k_00794","FlhDC-2",-6
"p1k_00466","FlhDC-1",-7.3588275970307
"p1k_00466","FlhDC-2",-3
"p1k_00116","FlhDC-1",-7.91543014721626
"p1k_00116","FlhDC-2",-8
"p1k_00802","FlhDC-1",-7.54458387181424
"p1k_00802","FlhDC-2",-5
"p1k_00056","FlhDC-1",-7.82258757517603
"p1k_00056","FlhDC-2",-10
"p1k_01051","FlhDC-1",-7.40322205547207
"p1k_01051","FlhDC-2",-6
"p1k_00107","FlhDC-1",-8.14399921185335
"p1k_00107","FlhDC-2",-6
"p1k_00243","FlhDC-1",-7.63897979562178
"p1k_00243","FlhDC-2",-9
"p1k_00645","FlhDC-1",-7.82559103671056
"p1k_00645","FlhDC-2",-4
"p1k_01021","FlhDC-1",-7.72418385046456
"p1k_01021","FlhDC-2",-7
"p1k_00848","FlhDC-1",-7.40439343079194
"p1k_00848","FlhDC-2",-3
"p1k_00922","FlhDC-1",-8.01696101587286
"p1k_00922","FlhDC-2",-10
"p1k_00745","FlhDC-1",-7.90364039005216
"p1k_00745","FlhDC-2",-3
"p1k_00891","FlhDC-1",-8.01206776554062
"p1k_00891","FlhDC-2",-4
"p1k_00266","FlhDC-1",-7.92287122866737
"p1k_00266","FlhDC-2",-4
"p1k_00441","FlhDC-1",-8.13241910790934
"p1k_00441","FlhDC-2",-5
"p1k_00182","FlhDC-1",-8.53573290635975
"p1k_00182","FlhDC-2",-7
"p1k_00858","FlhDC-1",-8.96466887043811
"p1k_00858","FlhDC-2",-3
"p1k_00871","FlhDC-1",-9.10612571567074
"p1k_00871","FlhDC-2",-6
"p1k_00675","FlhDC-1",-7.83055964172389
"p1k_00675","FlhDC-2",-9
"p1k_00287","FlhDC-1",-7.84904075436092
"p1k_00287","FlhDC-2",-10
"p1k_00105","FlhDC-1",-8.05784287042828
"p1k_00105","FlhDC-2",-10
"p1k_00440","FlhDC-1",-7.79845772317141
"p1k_00440","FlhDC-2",-4
"p1k_00646","FlhDC-1",-7.85707846445814
"p1k_00646","FlhDC-2",-7
"p1k_00631","FlhDC-1",-7.76138712627353
"p1k_00631","FlhDC-2",-5
"p1k_01032","FlhDC-1",-8.2374707844791
"p1k_01032","FlhDC-2",-5
"p1k_00541","FlhDC-1",-8.27322716135705
"p1k_00541","FlhDC-2",-3
"p1k_00260","FlhDC-1",-7.52343719737249
"p1k_00260","FlhDC-2",-9
"p1k_00732","FlhDC-1",-7.8567324525187
"p1k_00732","FlhDC-2",-8
"p1k_00082","FlhDC-1",-7.67994324365698
"p1k_00082","FlhDC-2",-10
"p1k_00363","FlhDC-1",-7.85859522741248
"p1k_00363","FlhDC-2",-7
"p1k_00059","FlhDC-1",-8.15006674581542
"p1k_00059","FlhDC-2",-4
"p1k_00449","FlhDC-1",-7.5119728679177
"p1k_00449","FlhDC-2",-10
"p1k_00275","FlhDC-1",-8.47272704685537
"p1k_00275","FlhDC-2",-8
"p1k_00599","FlhDC-1",-7.9202874907677
"p1k_00599","FlhDC-2",-10
"p1k_00506","FlhDC-1",-7.97794501078595
"p1k_00506","FlhDC-2",-9
"p1k_00520","FlhDC-1",-7.56368187467993
"p1k_00520","FlhDC-2",-4
"p1k_00717","FlhDC-1",-7.93897456245826
"p1k_00717","FlhDC-2",-6
"p1k_00252","FlhDC-1",-7.85357178622963
"p1k_00252","FlhDC-2",-8
"p1k_00274","FlhDC-1",-8.20829711184277
"p1k_00274","FlhDC-2",-5
"p1k_00281","FlhDC-1",-8.13603140442203
"p1k_00281","FlhDC-2",-9
"p1k_00393","FlhDC-1",-8.21968145852576
"p1k_00393","FlhDC-2",-5
"p1k_00285","FlhDC-1",-8.06981362139892
"p1k_00285","FlhDC-2",-6
"p1k_00273","FlhDC-1",-8.28982002654721
"p1k_00273","FlhDC-2",-5
"p1k_00227","FlhDC-1",-8.01016361032652
"p1k_00227","FlhDC-2",-5
"p1k_00750","FlhDC-1",-7.85610981534239
"p1k_00750","FlhDC-2",-7
"p1k_00171","FlhDC-1",-8.41494932290131
"p1k_00171","FlhDC-2",-10
"p1k_00200","FlhDC-1",-7.57710545388911
"p1k_00200","FlhDC-2",-9
"p1k_01043","FlhDC-1",-7.72084946031396
"p1k_01043","FlhDC-2",-4
"p1k_00122","FlhDC-1",-7.90800715669944
"p1k_00122","FlhDC-2",-5
"p1k_00458","FlhDC-1",-7.40090808481621
"p1k_00458","FlhDC-2",-7
"p1k_00539","FlhDC-1",-7.72474776047541
"p1k_00539","FlhDC-2",-8
"p1k_00119","FlhDC-1",-7.94806230727012
"p1k_00119","FlhDC-2",-4
"p1k_00789","FlhDC-1",-8.29878468343565
"p1k_00789","FlhDC-2",-7
"p1k_00868","FlhDC-1",-9.77100093318082
"p1k_00868","FlhDC-2",-4
"p1k_00087","FlhDC-1",-7.6268918759531
"p1k_00087","FlhDC-2",-10
"p1k_00350","FlhDC-1",-7.75825362002664
"p1k_00350","FlhDC-2",-5
"p1k_01033","FlhDC-1",-8.21467417303535
"p1k_01033","FlhDC-2",-4
"p1k_00594","FlhDC-1",-8.07085203054431
"p1k_00594","FlhDC-2",-9
"p1k_00414","FlhDC-1",-8.55481408740248
"p1k_00414","FlhDC-2",-4
"p1k_00809","FlhDC-1",-7.4867098710511
"p1k_00809","FlhDC-2",-6
"p1k_00133","FlhDC-1",-8.18392973463738
"p1k_00133","FlhDC-2",-10
"p1k_00376","FlhDC-1",-7.89544064251744
"p1k_00376","FlhDC-2",-4
"p1k_00073","FlhDC-1",-8.18739257685706
"p1k_00073","FlhDC-2",-6
"p1k_00050","FlhDC-1",-7.75929695464696
"p1k_00050","FlhDC-2",-10
"p1k_00240","FlhDC-1",-7.83278846925326
"p1k_00240","FlhDC-2",-9
"p1k_00620","FlhDC-1",-7.86146351168899
"p1k_00620","FlhDC-2",-5
"p1k_00786","FlhDC-1",-8.12096789925749
"p1k_00786","FlhDC-2",-8
"p1k_00606","FlhDC-1",-7.79139116646113
"p1k_00606","FlhDC-2",-7
"p1k_00630","FlhDC-1",-7.82970426764893
"p1k_00630","FlhDC-2",-4
"p1k_00823","FlhDC-1",-7.45738388134126
"p1k_00823","FlhDC-2",-6
"p1k_00927","FlhDC-1",-8.10250706736832
"p1k_00927","FlhDC-2",-10
"p1k_01002","FlhDC-1",-7.70994740562934
"p1k_01002","FlhDC-2",-3
"p1k_00128","FlhDC-1",-7.96823466930269
"p1k_00128","FlhDC-2",-3
"p1k_00477","FlhDC-1",-7.42389179933967
"p1k_00477","FlhDC-2",-4
"p1k_00958","FlhDC-1",-7.74127838269737
"p1k_00958","FlhDC-2",-8
"p1k_00181","FlhDC-1",-8.49827936194169
"p1k_00181","FlhDC-2",-6
"p1k_00146","FlhDC-1",-7.55302004341953
"p1k_00146","FlhDC-2",-7
"p1k_00730","FlhDC-1",-7.64393507623293
"p1k_00730","FlhDC-2",-9
"p1k_00178","FlhDC-1",-8.4213166715259
"p1k_00178","FlhDC-2",-7
"p1k_00666","FlhDC-1",-7.85301132176516
"p1k_00666","FlhDC-2",-6
"p1k_01019","FlhDC-1",-7.8779928601565
"p1k_01019","FlhDC-2",-9
"p1k_00887","FlhDC-1",-8.60176095761719
"p1k_00887","FlhDC-2",-5
"p1k_00984","FlhDC-1",-7.69051563657957
"p1k_00984","FlhDC-2",-10
"p1k_00024","FlhDC-1",-7.94243151146793
"p1k_00024","FlhDC-2",-9
"p1k_00009","FlhDC-1",-7.57192333290418
"p1k_00009","FlhDC-2",-6
"p1k_00512","FlhDC-1",-8.03118994792047
"p1k_00512","FlhDC-2",-8
"p1k_00217","FlhDC-1",-7.66610813766057
"p1k_00217","FlhDC-2",-10
"p1k_00582","FlhDC-1",-7.908661099049
"p1k_00582","FlhDC-2",-6
"p1k_00558","FlhDC-1",-7.91225947442904
"p1k_00558","FlhDC-2",-5
"p1k_00636","FlhDC-1",-7.83162591165003
"p1k_00636","FlhDC-2",-10
"p1k_00897","FlhDC-1",-7.71121643869855
"p1k_00897","FlhDC-2",-4
"p1k_00427","FlhDC-1",-7.62489437303301
"p1k_00427","FlhDC-2",-9
"p1k_00323","FlhDC-1",-7.95696392793085
"p1k_00323","FlhDC-2",-5
"p1k_00656","FlhDC-1",-7.78133947757934
"p1k_00656","FlhDC-2",-8
"p1k_00692","FlhDC-1",-7.76054340411121
"p1k_00692","FlhDC-2",-9
"p1k_00919","FlhDC-1",-8.04161265884923
"p1k_00919","FlhDC-2",-3
"starve_series__t26_growth2","FlhDC-1",-7.6353461079874
"starve_series__t26_growth2","FlhDC-2",-8
"p1k_00494","FlhDC-1",-7.84172516780446
"p1k_00494","FlhDC-2",-6
"p1k_00701","FlhDC-1",-7.61408280045989
"p1k_00701","FlhDC-2",-4
"p1k_00176","FlhDC-1",-7.95182367137128
"p1k_00176","FlhDC-2",-7
"p1k_00137","FlhDC-1",-8.32050349709863
"p1k_00137","FlhDC-2",-10
"p1k_00279","FlhDC-1",-7.58001598422269
"p1k_00279","FlhDC-2",-3
"p1k_00523","FlhDC-1",-7.69214661585567
"p1k_00523","FlhDC-2",-5
"p1k_00741","FlhDC-1",-7.5886373950018
"p1k_00741","FlhDC-2",-8
"p1k_00845","FlhDC-1",-7.46959943919319
"p1k_00845","FlhDC-2",-4
"p1k_00186","FlhDC-1",-8.45917616205791
"p1k_00186","FlhDC-2",-8
"p1k_00683","FlhDC-1",-7.61728281265958
"p1k_00683","FlhDC-2",-8
"p1k_00751","FlhDC-1",-7.92505507529625
"p1k_00751","FlhDC-2",-6
"p1k_00863","FlhDC-1",-8.62758259896062
"p1k_00863","FlhDC-2",-8
"p1k_00207","FlhDC-1",-7.57465341808847
"p1k_00207","FlhDC-2",-3
"p1k_00040","FlhDC-1",-8.14302902440025
"p1k_00040","FlhDC-2",-8
"p1k_00384","FlhDC-1",-8.12677300790813
"p1k_00384","FlhDC-2",-10
"p1k_00765","FlhDC-1",-8.01072942088369
"p1k_00765","FlhDC-2",-9
"p1k_00498","FlhDC-1",-7.49042930144777
"p1k_00498","FlhDC-2",-6
"p1k_00668","FlhDC-1",-7.95960366380406
"p1k_00668","FlhDC-2",-6
"p1k_00531","FlhDC-1",-7.70278068708628
"p1k_00531","FlhDC-2",-5
"p1k_00332","FlhDC-1",-8.13400023081601
"p1k_00332","FlhDC-2",-3
"p1k_00201","FlhDC-1",-7.68813178706747
"p1k_00201","FlhDC-2",-4
"p1k_00971","FlhDC-1",-7.78004346294893
"p1k_00971","FlhDC-2",-6
"p1k_00330","FlhDC-1",-8.36020254122769
"p1k_00330","FlhDC-2",-4
"p1k_00893","FlhDC-1",-7.61721850794257
"p1k_00893","FlhDC-2",-4
"p1k_00179","FlhDC-1",-8.40958476389961
"p1k_00179","FlhDC-2",-10
"p1k_00294","FlhDC-1",-8.46832321906727
"p1k_00294","FlhDC-2",-7
"p1k_00702","FlhDC-1",-7.71155100011734
"p1k_00702","FlhDC-2",-4
"p1k_00261","FlhDC-1",-7.7826607966324
"p1k_00261","FlhDC-2",-5
"p1k_00204","FlhDC-1",-7.64996619439908
"p1k_00204","FlhDC-2",-3
"p1k_00206","FlhDC-1",-7.55389065716545
"p1k_00206","FlhDC-2",-8
"p1k_00197","FlhDC-1",-7.69725849124413
"p1k_00197","FlhDC-2",-8
"p1k_00164","FlhDC-1",-8.4519720156073
"p1k_00164","FlhDC-2",-6
"p1k_00543","FlhDC-1",-8.13663623454464
"p1k_00543","FlhDC-2",-9
"p1k_01029","FlhDC-1",-7.93738869639302
"p1k_01029","FlhDC-2",-9
"p1k_00562","FlhDC-1",-8.19290388596105
"p1k_00562","FlhDC-2",-5
"p1k_00946","FlhDC-1",-7.63717569407187
"p1k_00946","FlhDC-2",-9
"p1k_00641","FlhDC-1",-7.68375632220397
"p1k_00641","FlhDC-2",-9
"p1k_00902","FlhDC-1",-7.85737797620377
"p1k_00902","FlhDC-2",-6
"p1k_00693","FlhDC-1",-7.76403419958392
"p1k_00693","FlhDC-2",-4
"p1k_00625","FlhDC-1",-7.78606185284441
"p1k_00625","FlhDC-2",-4
"p1k_00447","FlhDC-1",-7.66171251826615
"p1k_00447","FlhDC-2",-7
"p1k_00428","FlhDC-1",-7.64468019956012
"p1k_00428","FlhDC-2",-4
"p1k_00473","FlhDC-1",-7.90654295370255
"p1k_00473","FlhDC-2",-6
"p1k_00696","FlhDC-1",-7.88204814308814
"p1k_00696","FlhDC-2",-8
"p1k_00442","FlhDC-1",-8.09264786896001
"p1k_00442","FlhDC-2",-9
"starve_series__t27_growth2","FlhDC-1",-7.65011046970835
"starve_series__t27_growth2","FlhDC-2",-7
"p1k_00422","FlhDC-1",-8.44148114868503
"p1k_00422","FlhDC-2",-8
"p1k_00343","FlhDC-1",-7.68234516899796
"p1k_00343","FlhDC-2",-6
"p1k_00003","FlhDC-1",-7.90626908256869
"p1k_00003","FlhDC-2",-4
"p1k_00912","FlhDC-1",-8.27233180323182
"p1k_00912","FlhDC-2",-4
"p1k_00352","FlhDC-1",-7.75357201456536
"p1k_00352","FlhDC-2",-9
"p1k_00263","FlhDC-1",-7.74130046892847
"p1k_00263","FlhDC-2",-4
"p1k_00382","FlhDC-1",-8.10010511151008
"p1k_00382","FlhDC-2",-8
"p1k_00843","FlhDC-1",-7.47635270107385
"p1k_00843","FlhDC-2",-8
"starve_series__t12_starve","FlhDC-1",-7.74065222080433
"starve_series__t12_starve","FlhDC-2",-6
"p1k_00035","FlhDC-1",-7.7080528032254
"p1k_00035","FlhDC-2",-8
"p1k_00753","FlhDC-1",-7.6684564638604
"p1k_00753","FlhDC-2",-5
"p1k_00621","FlhDC-1",-7.9192330116832
"p1k_00621","FlhDC-2",-6
"p1k_00012","FlhDC-1",-7.78823211608642
"p1k_00012","FlhDC-2",-9
"p1k_00998","FlhDC-1",-7.63206575271533
"p1k_00998","FlhDC-2",-6
"p1k_00628","FlhDC-1",-7.75036903009742
"p1k_00628","FlhDC-2",-9
"p1k_00292","FlhDC-1",-7.88244679418506
"p1k_00292","FlhDC-2",-10
"p1k_00742","FlhDC-1",-7.678668783597
"p1k_00742","FlhDC-2",-7
"p1k_00457","FlhDC-1",-7.41915162942311
"p1k_00457","FlhDC-2",-5
"p1k_00509","FlhDC-1",-7.97912733861715
"p1k_00509","FlhDC-2",-7
"p1k_00492","FlhDC-1",-7.59601797518095
"p1k_00492","FlhDC-2",-4
"p1k_00508","FlhDC-1",-7.50946502767776
"p1k_00508","FlhDC-2",-6
"p1k_00973","FlhDC-1",-7.83214576346074
"p1k_00973","FlhDC-2",-6
"p1k_00791","FlhDC-1",-7.96275019209656
"p1k_00791","FlhDC-2",-4
"p1k_00220","FlhDC-1",-7.55328813281246
"p1k_00220","FlhDC-2",-6
"p1k_00135","FlhDC-1",-8.31076445672224
"p1k_00135","FlhDC-2",-10
"p1k_00097","FlhDC-1",-7.5886904336693
"p1k_00097","FlhDC-2",-8
"p1k_00995","FlhDC-1",-7.59305215175161
"p1k_00995","FlhDC-2",-10
"p1k_00566","FlhDC-1",-8.16096600767259
"p1k_00566","FlhDC-2",-7
"p1k_00071","FlhDC-1",-8.151122611003
"p1k_00071","FlhDC-2",-8
"p1k_00203","FlhDC-1",-7.60850089698842
"p1k_00203","FlhDC-2",-9
"p1k_00022","FlhDC-1",-7.91231613777764
"p1k_00022","FlhDC-2",-4
"p1k_00544","FlhDC-1",-8.02555978688794
"p1k_00544","FlhDC-2",-3
"p1k_00262","FlhDC-1",-7.80041127955205
"p1k_00262","FlhDC-2",-10
"p1k_00318","FlhDC-1",-8.4290137801755
"p1k_00318","FlhDC-2",-3
"p1k_00413","FlhDC-1",-8.53475783107718
"p1k_00413","FlhDC-2",-8
"p1k_00423","FlhDC-1",-8.41471852790527
"p1k_00423","FlhDC-2",-3
"p1k_00117","FlhDC-1",-7.96333469396984
"p1k_00117","FlhDC-2",-5
"p1k_00269","FlhDC-1",-7.65389638739028
"p1k_00269","FlhDC-2",-10
"p1k_00533","FlhDC-1",-7.54497230578755
"p1k_00533","FlhDC-2",-8
"p1k_00655","FlhDC-1",-7.68041297439578
"p1k_00655","FlhDC-2",-5
"p1k_00088","FlhDC-1",-7.64848561830918
"p1k_00088","FlhDC-2",-3
"p1k_00774","FlhDC-1",-8.04083462640632
"p1k_00774","FlhDC-2",-5
"p1k_00803","FlhDC-1",-7.53029147948379
"p1k_00803","FlhDC-2",-3
"p1k_00604","FlhDC-1",-7.77839465952876
"p1k_00604","FlhDC-2",-4
"p1k_00208","FlhDC-1",-7.62935286733979
"p1k_00208","FlhDC-2",-8
"p1k_00629","FlhDC-1",-7.74727794699495
"p1k_00629","FlhDC-2",-7
"p1k_00478","FlhDC-1",-7.43324888622013
"p1k_00478","FlhDC-2",-3
"p1k_00591","FlhDC-1",-7.74071998701913
"p1k_00591","FlhDC-2",-7
"p1k_00611","FlhDC-1",-7.55229021342939
"p1k_00611","FlhDC-2",-6
"p1k_00043","FlhDC-1",-7.57114787678346
"p1k_00043","FlhDC-2",-8
"p1k_00036","FlhDC-1",-7.73403650139936
"p1k_00036","FlhDC-2",-8
"p1k_00783","FlhDC-1",-8.12841679536468
"p1k_00783","FlhDC-2",-10
"p1k_00453","FlhDC-1",-7.47754946851887
"p1k_00453","FlhDC-2",-9
"p1k_00033","FlhDC-1",-7.98597331273046
"p1k_00033","FlhDC-2",-3
"p1k_00438","FlhDC-1",-8.45599947845994
"p1k_00438","FlhDC-2",-4
"p1k_00608","FlhDC-1",-7.57122849140923
"p1k_00608","FlhDC-2",-3
"p1k_00979","FlhDC-1",-7.83370563650225
"p1k_00979","FlhDC-2",-9
"p1k_00113","FlhDC-1",-8.0106353476522
"p1k_00113","FlhDC-2",-9
"p1k_00737","FlhDC-1",-7.73924843683596
"p1k_00737","FlhDC-2",-8
"p1k_00249","FlhDC-1",-7.69437815448973
"p1k_00249","FlhDC-2",-3
"p1k_00920","FlhDC-1",-8.27781000531441
"p1k_00920","FlhDC-2",-6
"p1k_00143","FlhDC-1",-8.04202521278605
"p1k_00143","FlhDC-2",-6
"p1k_01013","FlhDC-1",-7.91132654585567
"p1k_01013","FlhDC-2",-3
"p1k_00916","FlhDC-1",-8.09955143510439
"p1k_00916","FlhDC-2",-8
"p1k_00576","FlhDC-1",-7.65901222502299
"p1k_00576","FlhDC-2",-4
"p1k_00364","FlhDC-1",-7.99272519396117
"p1k_00364","FlhDC-2",-5
"p1k_00388","FlhDC-1",-8.43849540002111
"p1k_00388","FlhDC-2",-10
"starve_series__t16_starve","FlhDC-1",-7.81893524441623
"starve_series__t16_starve","FlhDC-2",-10
"p1k_00446","FlhDC-1",-8.11080434612605
"p1k_00446","FlhDC-2",-6
"starve_series__t05_starve","FlhDC-1",-7.765587360313
"starve_series__t05_starve","FlhDC-2",-5
"p1k_00975","FlhDC-1",-7.55617629515121
"p1k_00975","FlhDC-2",-8
"p1k_00320","FlhDC-1",-8.38705229840345
"p1k_00320","FlhDC-2",-4
"p1k_00160","FlhDC-1",-7.46767009333355
"p1k_00160","FlhDC-2",-9
"p1k_00307","FlhDC-1",-7.78415313198309
"p1k_00307","FlhDC-2",-8
"p1k_00614","FlhDC-1",-7.57840252789272
"p1k_00614","FlhDC-2",-3
"p1k_00870","FlhDC-1",-8.97057490119795
"p1k_00870","FlhDC-2",-10
"p1k_00044","FlhDC-1",-7.48326262917195
"p1k_00044","FlhDC-2",-8
"p1k_00014","FlhDC-1",-7.8164242107805
"p1k_00014","FlhDC-2",-8
"p1k_00188","FlhDC-1",-8.65220069822523
"p1k_00188","FlhDC-2",-8
"p1k_00398","FlhDC-1",-8.12981990947502
"p1k_00398","FlhDC-2",-9
"p1k_00874","FlhDC-1",-9.02539652474458
"p1k_00874","FlhDC-2",-3
"p1k_00209","FlhDC-1",-7.48186606713546
"p1k_00209","FlhDC-2",-9
"p1k_00115","FlhDC-1",-8.05631395348646
"p1k_00115","FlhDC-2",-10
"p1k_00016","FlhDC-1",-7.71037091441701
"p1k_00016","FlhDC-2",-8
"p1k_00338","FlhDC-1",-7.82042557775573
"p1k_00338","FlhDC-2",-3
"p1k_00928","FlhDC-1",-7.95928859809605
"p1k_00928","FlhDC-2",-10
"p1k_00433","FlhDC-1",-7.99332421257307
"p1k_00433","FlhDC-2",-6
"p1k_00953","FlhDC-1",-8.21110494052013
"p1k_00953","FlhDC-2",-3
"p1k_00328","FlhDC-1",-7.94061166098873
"p1k_00328","FlhDC-2",-6
"p1k_00674","FlhDC-1",-7.82288308837305
"p1k_00674","FlhDC-2",-10
"p1k_00192","FlhDC-1",-7.47577394009617
"p1k_00192","FlhDC-2",-8
"p1k_00684","FlhDC-1",-7.89791323346944
"p1k_00684","FlhDC-2",-7
"p1k_00468","FlhDC-1",-7.40221626722234
"p1k_00468","FlhDC-2",-4
"p1k_00705","FlhDC-1",-7.81721832411937
"p1k_00705","FlhDC-2",-9
"p1k_00733","FlhDC-1",-7.57874496605706
"p1k_00733","FlhDC-2",-5
"p1k_01036","FlhDC-1",-7.96225971395016
"p1k_01036","FlhDC-2",-6
"p1k_00396","FlhDC-1",-8.46739547424813
"p1k_00396","FlhDC-2",-6
"p1k_00584","FlhDC-1",-7.72353780919605
"p1k_00584","FlhDC-2",-3
"p1k_00084","FlhDC-1",-7.85728378424599
"p1k_00084","FlhDC-2",-5
"p1k_00426","FlhDC-1",-7.90528558529696
"p1k_00426","FlhDC-2",-6
"p1k_00250","FlhDC-1",-7.54568437311693
"p1k_00250","FlhDC-2",-8
"starve_series__t10_starve","FlhDC-1",-7.72887431702615
"starve_series__t10_starve","FlhDC-2",-9
"p1k_00198","FlhDC-1",-7.70662392524461
"p1k_00198","FlhDC-2",-4
"p1k_00026","FlhDC-1",-7.91631614483529
"p1k_00026","FlhDC-2",-8
"p1k_00697","FlhDC-1",-7.84825106559374
"p1k_00697","FlhDC-2",-4
"p1k_00679","FlhDC-1",-7.76835169068066
"p1k_00679","FlhDC-2",-6
"p1k_00289","FlhDC-1",-8.27079552315321
"p1k_00289","FlhDC-2",-8
"p1k_00111","FlhDC-1",-7.87900221892439
"p1k_00111","FlhDC-2",-8
"p1k_00361","FlhDC-1",-7.88772792549279
"p1k_00361","FlhDC-2",-9
"p1k_00469","FlhDC-1",-7.44612289239229
"p1k_00469","FlhDC-2",-7
"p1k_00337","FlhDC-1",-7.74357888403951
"p1k_00337","FlhDC-2",-6
"p1k_00225","FlhDC-1",-8.12484781984293
"p1k_00225","FlhDC-2",-10
"p1k_00681","FlhDC-1",-7.8027597343842
"p1k_00681","FlhDC-2",-4
"p1k_00884","FlhDC-1",-7.83072644881993
"p1k_00884","FlhDC-2",-5
"p1k_00439","FlhDC-1",-7.91498064380059
"p1k_00439","FlhDC-2",-3
"p1k_00480","FlhDC-1",-7.55855405208294
"p1k_00480","FlhDC-2",-7
"p1k_00814","FlhDC-1",-7.50239427366615
"p1k_00814","FlhDC-2",-9
"p1k_00956","FlhDC-1",-7.67951303715285
"p1k_00956","FlhDC-2",-4
"p1k_00602","FlhDC-1",-7.79058299788313
"p1k_00602","FlhDC-2",-3
"p1k_00213","FlhDC-1",-7.68054604658844
"p1k_00213","FlhDC-2",-7
"p1k_00851","FlhDC-1",-7.46959943903659
"p1k_00851","FlhDC-2",-4
"p1k_00177","FlhDC-1",-8.39892788199909
"p1k_00177","FlhDC-2",-8
"p1k_01001","FlhDC-1",-7.70617660001637
"p1k_01001","FlhDC-2",-7
"p1k_00559","FlhDC-1",-7.92338955650624
"p1k_00559","FlhDC-2",-5
"p1k_00757","FlhDC-1",-7.76389791272542
"p1k_00757","FlhDC-2",-9
"p1k_00168","FlhDC-1",-8.29827351129705
"p1k_00168","FlhDC-2",-10
"p1k_00988","FlhDC-1",-7.5803200940547
"p1k_00988","FlhDC-2",-9
"p1k_00859","FlhDC-1",-9.11949174391206
"p1k_00859","FlhDC-2",-9
"p1k_00568","FlhDC-1",-8.03049124443382
"p1k_00568","FlhDC-2",-4
"p1k_00241","FlhDC-1",-7.71124430666667
"p1k_00241","FlhDC-2",-5
"p1k_00090","FlhDC-1",-7.63016621086418
"p1k_00090","FlhDC-2",-5
"p1k_00832","FlhDC-1",-7.49383132640394
"p1k_00832","FlhDC-2",-3
"p1k_00399","FlhDC-1",-8.45891832201973
"p1k_00399","FlhDC-2",-3
"p1k_00556","FlhDC-1",-7.65677841286223
"p1k_00556","FlhDC-2",-5
"p1k_00412","FlhDC-1",-8.54090029531725
"p1k_00412","FlhDC-2",-10
"p1k_00479","FlhDC-1",-7.4634252045557
"p1k_00479","FlhDC-2",-6
"p1k_00296","FlhDC-1",-8.05281930936353
"p1k_00296","FlhDC-2",-9
"p1k_00518","FlhDC-1",-7.55141661602344
"p1k_00518","FlhDC-2",-9
"p1k_00314","FlhDC-1",-7.61074799408312
"p1k_00314","FlhDC-2",-10
"p1k_00853","FlhDC-1",-7.47284407152243
"p1k_00853","FlhDC-2",-5
"p1k_00131","FlhDC-1",-7.85545595126497
"p1k_00131","FlhDC-2",-4
"p1k_01031","FlhDC-1",-8.045716567549
"p1k_01031","FlhDC-2",-4
"p1k_00710","FlhDC-1",-7.63775939685821
"p1k_00710","FlhDC-2",-7
"p1k_00768","FlhDC-1",-8.03737804500881
"p1k_00768","FlhDC-2",-8
"p1k_00482","FlhDC-1",-7.3391624527411
"p1k_00482","FlhDC-2",-5
"p1k_00820","FlhDC-1",-7.43563232474892
"p1k_00820","FlhDC-2",-8
"p1k_00064","FlhDC-1",-7.9162180532642
"p1k_00064","FlhDC-2",-6
"p1k_00436","FlhDC-1",-8.42104752406735
"p1k_00436","FlhDC-2",-9
"p1k_00474","FlhDC-1",-7.86193163375231
"p1k_00474","FlhDC-2",-10
"p1k_00416","FlhDC-1",-8.19201250721047
"p1k_00416","FlhDC-2",-7
"p1k_00140","FlhDC-1",-8.36088858903801
"p1k_00140","FlhDC-2",-9
"p1k_00038","FlhDC-1",-7.7862174201592
"p1k_00038","FlhDC-2",-8
"p1k_00149","FlhDC-1",-7.57768114737288
"p1k_00149","FlhDC-2",-9
"p1k_00010","FlhDC-1",-7.59693223573394
"p1k_00010","FlhDC-2",-9
"p1k_00866","FlhDC-1",-8.98220910173071
"p1k_00866","FlhDC-2",-5
"starve_series__t14_starve","FlhDC-1",-7.81922187183131
"starve_series__t14_starve","FlhDC-2",-7
"p1k_00424","FlhDC-1",-8.40597365228105
"p1k_00424","FlhDC-2",-6
"p1k_00214","FlhDC-1",-7.67394393920879
"p1k_00214","FlhDC-2",-4
"p1k_00007","FlhDC-1",-7.89492672658987
"p1k_00007","FlhDC-2",-9
"p1k_00842","FlhDC-1",-7.48993454901796
"p1k_00842","FlhDC-2",-4
"p1k_00806","FlhDC-1",-7.51396391722065
"p1k_00806","FlhDC-2",-9
"p1k_00982","FlhDC-1",-7.93554192269453
"p1k_00982","FlhDC-2",-5
"p1k_00841","FlhDC-1",-7.48531295288424
"p1k_00841","FlhDC-2",-7
"p1k_00120","FlhDC-1",-7.9692194735472
"p1k_00120","FlhDC-2",-5
"p1k_00822","FlhDC-1",-7.47508297886927
"p1k_00822","FlhDC-2",-9
"p1k_00728","FlhDC-1",-7.62856039391381
"p1k_00728","FlhDC-2",-6
"p1k_00233","FlhDC-1",-7.65217095975461
"p1k_00233","FlhDC-2",-10
"p1k_00451","FlhDC-1",-7.50362814097193
"p1k_00451","FlhDC-2",-8
"p1k_00277","FlhDC-1",-8.27580223581937
"p1k_00277","FlhDC-2",-8
"p1k_00999","FlhDC-1",-7.75211515815867
"p1k_00999","FlhDC-2",-7
"p1k_00540","FlhDC-1",-8.29367477899662
"p1k_00540","FlhDC-2",-4
"p1k_00329","FlhDC-1",-8.32685839811996
"p1k_00329","FlhDC-2",-5
"p1k_01024","FlhDC-1",-7.50255585409939
"p1k_01024","FlhDC-2",-5
"p1k_00685","FlhDC-1",-7.97551014386538
"p1k_00685","FlhDC-2",-8
"p1k_00945","FlhDC-1",-7.58440085516116
"p1k_00945","FlhDC-2",-6
"p1k_00597","FlhDC-1",-7.98596384654127
"p1k_00597","FlhDC-2",-9
"p1k_00821","FlhDC-1",-7.45738388243452
"p1k_00821","FlhDC-2",-6
"p1k_00653","FlhDC-1",-7.747758013502
"p1k_00653","FlhDC-2",-9
"p1k_00731","FlhDC-1",-7.94177195891591
"p1k_00731","FlhDC-2",-4
"p1k_00368","FlhDC-1",-7.8462452297493
"p1k_00368","FlhDC-2",-7
"p1k_00023","FlhDC-1",-7.85692021512629
"p1k_00023","FlhDC-2",-9
"p1k_00699","FlhDC-1",-7.78889779565791
"p1k_00699","FlhDC-2",-7
"p1k_00990","FlhDC-1",-7.47314249137705
"p1k_00990","FlhDC-2",-9
"p1k_00748","FlhDC-1",-7.78610835553721
"p1k_00748","FlhDC-2",-10
"p1k_00132","FlhDC-1",-7.60425644166275
"p1k_00132","FlhDC-2",-6
"p1k_00437","FlhDC-1",-8.46944344932849
"p1k_00437","FlhDC-2",-9
"p1k_00709","FlhDC-1",-7.91191686303797
"p1k_00709","FlhDC-2",-4
"p1k_00196","FlhDC-1",-7.60754074419756
"p1k_00196","FlhDC-2",-10
"p1k_00923","FlhDC-1",-7.9816922845101
"p1k_00923","FlhDC-2",-9
"p1k_00429","FlhDC-1",-8.41435786516301
"p1k_00429","FlhDC-2",-3
"p1k_00830","FlhDC-1",-7.49121586825894
"p1k_00830","FlhDC-2",-7
"p1k_00255","FlhDC-1",-7.48871682836055
"p1k_00255","FlhDC-2",-4
"p1k_00121","FlhDC-1",-7.97764924897637
"p1k_00121","FlhDC-2",-5
"p1k_00721","FlhDC-1",-7.70038670008717
"p1k_00721","FlhDC-2",-8
"p1k_00470","FlhDC-1",-7.44005352895906
"p1k_00470","FlhDC-2",-8
"starve_series__t01_starve","FlhDC-1",-7.61725660356092
"starve_series__t01_starve","FlhDC-2",-8
"p1k_00471","FlhDC-1",-7.49238959547083
"p1k_00471","FlhDC-2",-3
"p1k_00970","FlhDC-1",-7.51331217422912
"p1k_00970","FlhDC-2",-9
"p1k_00911","FlhDC-1",-8.13327890647158
"p1k_00911","FlhDC-2",-7
"p1k_00553","FlhDC-1",-8.34260346634982
"p1k_00553","FlhDC-2",-7
"p1k_00944","FlhDC-1",-7.56547151719609
"p1k_00944","FlhDC-2",-8
"p1k_00483","FlhDC-1",-7.4331614189482
"p1k_00483","FlhDC-2",-3
"p1k_00560","FlhDC-1",-8.08745224646687
"p1k_00560","FlhDC-2",-4
"p1k_00980","FlhDC-1",-7.91895834965255
"p1k_00980","FlhDC-2",-10
"p1k_01012","FlhDC-1",-8.0602571232607
"p1k_01012","FlhDC-2",-9
"p1k_00353","FlhDC-1",-7.88287992539128
"p1k_00353","FlhDC-2",-6
"p1k_00086","FlhDC-1",-7.56762258251047
"p1k_00086","FlhDC-2",-6
"p1k_00487","FlhDC-1",-7.53565984352872
"p1k_00487","FlhDC-2",-5
"p1k_00029","FlhDC-1",-7.74408639355918
"p1k_00029","FlhDC-2",-7
"p1k_00688","FlhDC-1",-7.77484704307795
"p1k_00688","FlhDC-2",-6
"p1k_00807","FlhDC-1",-7.52994611007244
"p1k_00807","FlhDC-2",-5
"p1k_00651","FlhDC-1",-7.71910799747218
"p1k_00651","FlhDC-2",-3
"p1k_00276","FlhDC-1",-8.49088779525309
"p1k_00276","FlhDC-2",-3
"p1k_00501","FlhDC-1",-7.94754855880738
"p1k_00501","FlhDC-2",-8
"p1k_00957","FlhDC-1",-7.69505736737649
"p1k_00957","FlhDC-2",-8
"p1k_00239","FlhDC-1",-7.7470511065854
"p1k_00239","FlhDC-2",-9
"p1k_00335","FlhDC-1",-8.22671339849292
"p1k_00335","FlhDC-2",-3
"p1k_00310","FlhDC-1",-7.50555393497622
"p1k_00310","FlhDC-2",-6
"p1k_00493","FlhDC-1",-7.85095614358609
"p1k_00493","FlhDC-2",-8
"p1k_00134","FlhDC-1",-8.22287294864527
"p1k_00134","FlhDC-2",-3
"p1k_00547","FlhDC-1",-8.53102738904662
"p1k_00547","FlhDC-2",-8
"p1k_00673","FlhDC-1",-7.84606779393393
"p1k_00673","FlhDC-2",-9
"p1k_00862","FlhDC-1",-8.41350933551063
"p1k_00862","FlhDC-2",-5
"starve_series__t02_starve","FlhDC-1",-7.67807575028974
"starve_series__t02_starve","FlhDC-2",-9
"p1k_00941","FlhDC-1",-7.68692092549574
"p1k_00941","FlhDC-2",-9
"p1k_00952","FlhDC-1",-7.61237266759023
"p1k_00952","FlhDC-2",-6
"p1k_00892","FlhDC-1",-7.63348922332556
"p1k_00892","FlhDC-2",-6
"p1k_00452","FlhDC-1",-7.49228198480891
"p1k_00452","FlhDC-2",-5
"p1k_00283","FlhDC-1",-8.27888692785435
"p1k_00283","FlhDC-2",-6
"p1k_00600","FlhDC-1",-8.23301411816925
"p1k_00600","FlhDC-2",-8
"p1k_00532","FlhDC-1",-7.62286997981801
"p1k_00532","FlhDC-2",-6
"p1k_01020","FlhDC-1",-7.47714065756856
"p1k_01020","FlhDC-2",-3
"p1k_00229","FlhDC-1",-7.62009493863683
"p1k_00229","FlhDC-2",-3
"p1k_00450","FlhDC-1",-7.54880394865447
"p1k_00450","FlhDC-2",-9
"p1k_00230","FlhDC-1",-7.53649913133265
"p1k_00230","FlhDC-2",-7
"p1k_00170","FlhDC-1",-7.84044346292624
"p1k_00170","FlhDC-2",-9
"p1k_00391","FlhDC-1",-8.02438327105738
"p1k_00391","FlhDC-2",-5
"p1k_00557","FlhDC-1",-7.51340027364192
"p1k_00557","FlhDC-2",-5
"p1k_00301","FlhDC-1",-7.56067442589341
"p1k_00301","FlhDC-2",-6
"p1k_00837","FlhDC-1",-7.47746276569471
"p1k_00837","FlhDC-2",-6
"p1k_00063","FlhDC-1",-7.90546900068089
"p1k_00063","FlhDC-2",-9
"p1k_00047","FlhDC-1",-7.92359884304206
"p1k_00047","FlhDC-2",-7
"p1k_00327","FlhDC-1",-7.78276158448846
"p1k_00327","FlhDC-2",-10
"p1k_00755","FlhDC-1",-7.73822904238984
"p1k_00755","FlhDC-2",-5
"p1k_00045","FlhDC-1",-8.2988672812111
"p1k_00045","FlhDC-2",-5
"p1k_00890","FlhDC-1",-7.98572509649641
"p1k_00890","FlhDC-2",-8
"p1k_00793","FlhDC-1",-7.78041069838807
"p1k_00793","FlhDC-2",-7
"p1k_00538","FlhDC-1",-7.5436273908143
"p1k_00538","FlhDC-2",-8
"p1k_00682","FlhDC-1",-7.60055010931421
"p1k_00682","FlhDC-2",-5
"p1k_00268","FlhDC-1",-7.8590225565705
"p1k_00268","FlhDC-2",-3
"p1k_00829","FlhDC-1",-8.54839877317259
"p1k_00829","FlhDC-2",-3
"p1k_00895","FlhDC-1",-7.66133124284549
"p1k_00895","FlhDC-2",-4
"p1k_01042","FlhDC-1",-7.84232334959832
"p1k_01042","FlhDC-2",-5
"p1k_00406","FlhDC-1",-8.44923261961024
"p1k_00406","FlhDC-2",-3
"p1k_00054","FlhDC-1",-8.03989415001412
"p1k_00054","FlhDC-2",-9
"p1k_00161","FlhDC-1",-8.44404172183226
"p1k_00161","FlhDC-2",-6
"p1k_00615","FlhDC-1",-7.63400380407604
"p1k_00615","FlhDC-2",-10
"p1k_00583","FlhDC-1",-7.87944504080859
"p1k_00583","FlhDC-2",-9
"p1k_00481","FlhDC-1",-7.41162928364251
"p1k_00481","FlhDC-2",-4
"p1k_00900","FlhDC-1",-7.61653177850876
"p1k_00900","FlhDC-2",-7
"p1k_00925","FlhDC-1",-8.02146545339801
"p1k_00925","FlhDC-2",-10
"p1k_00908","FlhDC-1",-7.7326776000544
"p1k_00908","FlhDC-2",-6
"p1k_00485","FlhDC-1",-7.58512192331538
"p1k_00485","FlhDC-2",-3
"p1k_00963","FlhDC-1",-7.61243586103807
"p1k_00963","FlhDC-2",-3
"p1k_00272","FlhDC-1",-7.88860341865665
"p1k_00272","FlhDC-2",-7
"p1k_00934","FlhDC-1",-7.64920816902799
"p1k_00934","FlhDC-2",-6
"p1k_00068","FlhDC-1",-7.49582368176419
"p1k_00068","FlhDC-2",-3
"p1k_00707","FlhDC-1",-7.87301865650151
"p1k_00707","FlhDC-2",-5
"p1k_00931","FlhDC-1",-7.80883400826147
"p1k_00931","FlhDC-2",-5
"p1k_00259","FlhDC-1",-7.50339372684734
"p1k_00259","FlhDC-2",-6
"p1k_01008","FlhDC-1",-7.66309924817658
"p1k_01008","FlhDC-2",-8
"p1k_00718","FlhDC-1",-7.73718198064816
"p1k_00718","FlhDC-2",-6
"p1k_00375","FlhDC-1",-7.936263187888
"p1k_00375","FlhDC-2",-6
"p1k_00031","FlhDC-1",-7.83929361410562
"p1k_00031","FlhDC-2",-9
"p1k_00312","FlhDC-1",-7.63764498710834
"p1k_00312","FlhDC-2",-7
"p1k_00690","FlhDC-1",-7.85328510760862
"p1k_00690","FlhDC-2",-4
"p1k_00069","FlhDC-1",-8.11951391944998
"p1k_00069","FlhDC-2",-7
"p1k_00747","FlhDC-1",-7.82408652676559
"p1k_00747","FlhDC-2",-8
"p1k_00943","FlhDC-1",-7.66767496485868
"p1k_00943","FlhDC-2",-8
"p1k_00284","FlhDC-1",-8.19253445932383
"p1k_00284","FlhDC-2",-8
"p1k_00644","FlhDC-1",-7.73735584272241
"p1k_00644","FlhDC-2",-7
"p1k_00744","FlhDC-1",-7.66938686758327
"p1k_00744","FlhDC-2",-9
"p1k_00098","FlhDC-1",-7.82730980485665
"p1k_00098","FlhDC-2",-4
"p1k_00761","FlhDC-1",-7.63371383080986
"p1k_00761","FlhDC-2",-8
"p1k_00546","FlhDC-1",-8.5212409511624
"p1k_00546","FlhDC-2",-7
"p1k_00746","FlhDC-1",-7.91662912619761
"p1k_00746","FlhDC-2",-4
"p1k_00486","FlhDC-1",-7.5990911979466
"p1k_00486","FlhDC-2",-4
"p1k_00888","FlhDC-1",-8.41116441630896
"p1k_00888","FlhDC-2",-8
"p1k_00638","FlhDC-1",-7.73861673943477
"p1k_00638","FlhDC-2",-9
"p1k_00795","FlhDC-1",-7.51931951028994
"p1k_00795","FlhDC-2",-6
"p1k_00021","FlhDC-1",-7.85913421115114
"p1k_00021","FlhDC-2",-10
"p1k_00703","FlhDC-1",-7.65459130170982
"p1k_00703","FlhDC-2",-5
"p1k_01054","FlhDC-1",-7.55175877451742
"p1k_01054","FlhDC-2",-5
"p1k_00618","FlhDC-1",-7.7910321007012
"p1k_00618","FlhDC-2",-7
"p1k_01040","FlhDC-1",-7.39324648891577
"p1k_01040","FlhDC-2",-8
"p1k_00357","FlhDC-1",-7.88175628514189
"p1k_00357","FlhDC-2",-8
"p1k_00939","FlhDC-1",-7.7495873060253
"p1k_00939","FlhDC-2",-3
"p1k_00905","FlhDC-1",-7.8989289553476
"p1k_00905","FlhDC-2",-4
"p1k_01047","FlhDC-1",-7.53668942648871
"p1k_01047","FlhDC-2",-5
"p1k_00519","FlhDC-1",-7.4914090472192
"p1k_00519","FlhDC-2",-5
"p1k_00570","FlhDC-1",-8.03351026959834
"p1k_00570","FlhDC-2",-8
"p1k_00475","FlhDC-1",-7.84708631294202
"p1k_00475","FlhDC-2",-6
"p1k_00819","FlhDC-1",-7.45283037173399
"p1k_00819","FlhDC-2",-4
"p1k_00986","FlhDC-1",-7.63151239387537
"p1k_00986","FlhDC-2",-3
"p1k_00896","FlhDC-1",-7.59264769572312
"p1k_00896","FlhDC-2",-5
"p1k_00930","FlhDC-1",-7.53371253549185
"p1k_00930","FlhDC-2",-5
"p1k_00489","FlhDC-1",-7.88570635996458
"p1k_00489","FlhDC-2",-9
"p1k_00199","FlhDC-1",-7.66248947585959
"p1k_00199","FlhDC-2",-10
"p1k_00091","FlhDC-1",-7.58991807402749
"p1k_00091","FlhDC-2",-10
"p1k_00231","FlhDC-1",-7.73066762789859
"p1k_00231","FlhDC-2",-6
"p1k_00664","FlhDC-1",-7.72644849258634
"p1k_00664","FlhDC-2",-7
"p1k_00392","FlhDC-1",-8.01016684407831
"p1k_00392","FlhDC-2",-7
"p1k_00476","FlhDC-1",-7.87413772433094
"p1k_00476","FlhDC-2",-6
"p1k_00019","FlhDC-1",-7.8787270347711
"p1k_00019","FlhDC-2",-6
"p1k_00175","FlhDC-1",-7.98346769310312
"p1k_00175","FlhDC-2",-3
"p1k_00504","FlhDC-1",-8.03734999440972
"p1k_00504","FlhDC-2",-3
"p1k_00322","FlhDC-1",-7.75603372714749
"p1k_00322","FlhDC-2",-10
"p1k_00942","FlhDC-1",-7.60813326631059
"p1k_00942","FlhDC-2",-3
"p1k_00167","FlhDC-1",-8.2940335863199
"p1k_00167","FlhDC-2",-3
"p1k_00691","FlhDC-1",-7.89779000685894
"p1k_00691","FlhDC-2",-10
"p1k_00342","FlhDC-1",-7.63306487127985
"p1k_00342","FlhDC-2",-6
"p1k_00960","FlhDC-1",-7.7071376095217
"p1k_00960","FlhDC-2",-10
"p1k_00290","FlhDC-1",-8.25334132548724
"p1k_00290","FlhDC-2",-10
"p1k_00776","FlhDC-1",-7.85823091376709
"p1k_00776","FlhDC-2",-9
"p1k_00099","FlhDC-1",-7.89823230635884
"p1k_00099","FlhDC-2",-4
"p1k_00801","FlhDC-1",-7.47689080688688
"p1k_00801","FlhDC-2",-9
"p1k_00639","FlhDC-1",-7.70708469147397
"p1k_00639","FlhDC-2",-5
"p1k_00777","FlhDC-1",-8.02972859596221
"p1k_00777","FlhDC-2",-4
"p1k_00516","FlhDC-1",-7.67025634392867
"p1k_00516","FlhDC-2",-3
"p1k_00215","FlhDC-1",-7.5953633079814
"p1k_00215","FlhDC-2",-10
"p1k_00654","FlhDC-1",-7.71110553045623
"p1k_00654","FlhDC-2",-8
"p1k_00949","FlhDC-1",-7.5706002049538
"p1k_00949","FlhDC-2",-6
"p1k_00419","FlhDC-1",-8.49867724312459
"p1k_00419","FlhDC-2",-5
"p1k_00864","FlhDC-1",-8.86842832921117
"p1k_00864","FlhDC-2",-7
"p1k_00876","FlhDC-1",-8.63441647277659
"p1k_00876","FlhDC-2",-10
"p1k_00129","FlhDC-1",-7.60317887024735
"p1k_00129","FlhDC-2",-8
"p1k_00517","FlhDC-1",-7.82368265219085
"p1k_00517","FlhDC-2",-6
"p1k_00968","FlhDC-1",-7.79718946741446
"p1k_00968","FlhDC-2",-10
"p1k_00251","FlhDC-1",-7.75309544636607
"p1k_00251","FlhDC-2",-10
"p1k_00232","FlhDC-1",-7.67087824307557
"p1k_00232","FlhDC-2",-10
"starve_series__t21_growth2","FlhDC-1",-7.81765613103746
"starve_series__t21_growth2","FlhDC-2",-4
"p1k_00126","FlhDC-1",-8.03648101594979
"p1k_00126","FlhDC-2",-3
"p1k_00034","FlhDC-1",-7.96855926065604
"p1k_00034","FlhDC-2",-6
"p1k_00735","FlhDC-1",-7.52609720883578
"p1k_00735","FlhDC-2",-6
"p1k_00788","FlhDC-1",-8.13595072406145
"p1k_00788","FlhDC-2",-6
"p1k_00510","FlhDC-1",-7.97157878535776
"p1k_00510","FlhDC-2",-8
"p1k_00572","FlhDC-1",-8.05669480315449
"p1k_00572","FlhDC-2",-9
"p1k_00172","FlhDC-1",-8.42825702112619
"p1k_00172","FlhDC-2",-9
"p1k_00687","FlhDC-1",-7.81737700363516
"p1k_00687","FlhDC-2",-3
"p1k_00680","FlhDC-1",-7.77807811292348
"p1k_00680","FlhDC-2",-7
"p1k_00173","FlhDC-1",-8.39705655342472
"p1k_00173","FlhDC-2",-9
"p1k_00637","FlhDC-1",-7.79984360350079
"p1k_00637","FlhDC-2",-10
"p1k_00991","FlhDC-1",-7.58103726535263
"p1k_00991","FlhDC-2",-5
"p1k_00125","FlhDC-1",-7.35982316028432
"p1k_00125","FlhDC-2",-5
"p1k_00577","FlhDC-1",-7.69837423835095
"p1k_00577","FlhDC-2",-5
"p1k_00933","FlhDC-1",-7.76785333358859
"p1k_00933","FlhDC-2",-6
"p1k_00430","FlhDC-1",-8.39112186709343
"p1k_00430","FlhDC-2",-9
"p1k_00039","FlhDC-1",-8.15810654527165
"p1k_00039","FlhDC-2",-7
"p1k_00108","FlhDC-1",-7.86959869017846
"p1k_00108","FlhDC-2",-8
"p1k_01048","FlhDC-1",-7.74799387664501
"p1k_01048","FlhDC-2",-4
"p1k_00652","FlhDC-1",-7.79723592847388
"p1k_00652","FlhDC-2",-4
"p1k_00006","FlhDC-1",-7.68251498383199
"p1k_00006","FlhDC-2",-3
"p1k_00818","FlhDC-1",-7.47691819356874
"p1k_00818","FlhDC-2",-4
"p1k_00377","FlhDC-1",-8.06471620046569
"p1k_00377","FlhDC-2",-8
"p1k_00764","FlhDC-1",-8.05471899585456
"p1k_00764","FlhDC-2",-3
"p1k_00411","FlhDC-1",-8.5573563786122
"p1k_00411","FlhDC-2",-3
"p1k_00852","FlhDC-1",-7.47388228705697
"p1k_00852","FlhDC-2",-7
"p1k_00605","FlhDC-1",-7.67005786423627
"p1k_00605","FlhDC-2",-6
"p1k_00545","FlhDC-1",-8.00773845042373
"p1k_00545","FlhDC-2",-9
"p1k_00727","FlhDC-1",-7.56969965663935
"p1k_00727","FlhDC-2",-3
"p1k_00028","FlhDC-1",-7.87623736401462
"p1k_00028","FlhDC-2",-4
"p1k_00665","FlhDC-1",-7.72885899255563
"p1k_00665","FlhDC-2",-8
"p1k_00706","FlhDC-1",-7.83968052036292
"p1k_00706","FlhDC-2",-3
"p1k_00462","FlhDC-1",-7.71366596359388
"p1k_00462","FlhDC-2",-9
"p1k_01044","FlhDC-1",-7.80068128022098
"p1k_01044","FlhDC-2",-5
"p1k_00075","FlhDC-1",-8.02095885938097
"p1k_00075","FlhDC-2",-9
"p1k_00070","FlhDC-1",-8.10752483093005
"p1k_00070","FlhDC-2",-9
"p1k_00561","FlhDC-1",-8.10441586696579
"p1k_00561","FlhDC-2",-10
"p1k_01000","FlhDC-1",-7.7235087578715
"p1k_01000","FlhDC-2",-8
"p1k_00849","FlhDC-1",-7.46959944060039
"p1k_00849","FlhDC-2",-5
"p1k_00162","FlhDC-1",-8.42919135616301
"p1k_00162","FlhDC-2",-5
"p1k_00304","FlhDC-1",-7.64975235398084
"p1k_00304","FlhDC-2",-7
"p1k_00811","FlhDC-1",-7.42894148137257
"p1k_00811","FlhDC-2",-6
"p1k_00443","FlhDC-1",-7.79487042141863
"p1k_00443","FlhDC-2",-7
"p1k_00924","FlhDC-1",-8.07408519899504
"p1k_00924","FlhDC-2",-6
"p1k_00459","FlhDC-1",-7.69275116887776
"p1k_00459","FlhDC-2",-6
"p1k_00148","FlhDC-1",-7.56830833622475
"p1k_00148","FlhDC-2",-3
"p1k_00903","FlhDC-1",-7.69715064669304
"p1k_00903","FlhDC-2",-7
"p1k_00420","FlhDC-1",-8.48727080107541
"p1k_00420","FlhDC-2",-8
"p1k_01038","FlhDC-1",-7.76982971753141
"p1k_01038","FlhDC-2",-7
"p1k_00867","FlhDC-1",-8.94593049669991
"p1k_00867","FlhDC-2",-3
"p1k_00612","FlhDC-1",-8.01149509289791
"p1k_00612","FlhDC-2",-6
"p1k_00013","FlhDC-1",-7.84977508945651
"p1k_00013","FlhDC-2",-6
"starve_series__t23_growth2","FlhDC-1",-7.92085079032146
"starve_series__t23_growth2","FlhDC-2",-7
"p1k_00083","FlhDC-1",-7.69019108762651
"p1k_00083","FlhDC-2",-10
"p1k_01004","FlhDC-1",-7.68935541919866
"p1k_01004","FlhDC-2",-7
"p1k_00228","FlhDC-1",-7.96546178053178
"p1k_00228","FlhDC-2",-7
"p1k_00827","FlhDC-1",-7.47388282923671
"p1k_00827","FlhDC-2",-10
"p1k_00079","FlhDC-1",-8.37857826450826
"p1k_00079","FlhDC-2",-6
"p1k_00004","FlhDC-1",-7.91720129381032
"p1k_00004","FlhDC-2",-4
"p1k_00154","FlhDC-1",-7.45695475217236
"p1k_00154","FlhDC-2",-8
"p1k_00234","FlhDC-1",-7.88335637622158
"p1k_00234","FlhDC-2",-3
"p1k_00373","FlhDC-1",-7.83218180508019
"p1k_00373","FlhDC-2",-8
"p1k_00722","FlhDC-1",-7.65000195706258
"p1k_00722","FlhDC-2",-8
"p1k_00775","FlhDC-1",-7.89034486674764
"p1k_00775","FlhDC-2",-8
"p1k_00190","FlhDC-1",-8.43875400068696
"p1k_00190","FlhDC-2",-4
"p1k_00467","FlhDC-1",-7.38661606787456
"p1k_00467","FlhDC-2",-8
"p1k_00404","FlhDC-1",-7.8798438005773
"p1k_00404","FlhDC-2",-5
"p1k_00662","FlhDC-1",-7.95027701815764
"p1k_00662","FlhDC-2",-5
"p1k_00720","FlhDC-1",-7.7251972196366
"p1k_00720","FlhDC-2",-6
"p1k_00996","FlhDC-1",-7.50210289153084
"p1k_00996","FlhDC-2",-5
"p1k_01053","FlhDC-1",-7.6676423689483
"p1k_01053","FlhDC-2",-8
"p1k_00976","FlhDC-1",-7.61938752623682
"p1k_00976","FlhDC-2",-3
"p1k_00969","FlhDC-1",-7.67017265941217
"p1k_00969","FlhDC-2",-9
"p1k_00456","FlhDC-1",-7.31560542856387
"p1k_00456","FlhDC-2",-4
"p1k_00698","FlhDC-1",-7.76293929180109
"p1k_00698","FlhDC-2",-8
"p1k_00907","FlhDC-1",-7.65517771117424
"p1k_00907","FlhDC-2",-3
"p1k_00549","FlhDC-1",-8.40153919054536
"p1k_00549","FlhDC-2",-5
"p1k_00669","FlhDC-1",-7.88403636230494
"p1k_00669","FlhDC-2",-10
"p1k_00463","FlhDC-1",-7.8510417240673
"p1k_00463","FlhDC-2",-10
"p1k_00049","FlhDC-1",-7.85071346923087
"p1k_00049","FlhDC-2",-4
"p1k_00378","FlhDC-1",-8.06159526009356
"p1k_00378","FlhDC-2",-3
"p1k_00836","FlhDC-1",-7.46959943908105
"p1k_00836","FlhDC-2",-5
"p1k_01005","FlhDC-1",-7.69548049287455
"p1k_01005","FlhDC-2",-10
"p1k_00542","FlhDC-1",-8.23268311163424
"p1k_00542","FlhDC-2",-9
"p1k_00948","FlhDC-1",-8.00900358984899
"p1k_00948","FlhDC-2",-5
"p1k_00856","FlhDC-1",-8.12059492713901
"p1k_00856","FlhDC-2",-8
"p1k_00191","FlhDC-1",-7.46658745358068
"p1k_00191","FlhDC-2",-4
"p1k_00491","FlhDC-1",-7.64149037815671
"p1k_00491","FlhDC-2",-8
"p1k_00739","FlhDC-1",-7.76200024479821
"p1k_00739","FlhDC-2",-10
"p1k_00383","FlhDC-1",-8.11175475350693
"p1k_00383","FlhDC-2",-8
"p1k_00838","FlhDC-1",-7.46959944019267
"p1k_00838","FlhDC-2",-6
"p1k_00935","FlhDC-1",-7.61891406746153
"p1k_00935","FlhDC-2",-7
"p1k_00101","FlhDC-1",-7.5015293104171
"p1k_00101","FlhDC-2",-8
"p1k_00899","FlhDC-1",-7.61386520038738
"p1k_00899","FlhDC-2",-9
"p1k_00365","FlhDC-1",-8.14285936620695
"p1k_00365","FlhDC-2",-8
"p1k_00371","FlhDC-1",-7.79095032431127
"p1k_00371","FlhDC-2",-5
"p1k_00302","FlhDC-1",-7.52450115531474
"p1k_00302","FlhDC-2",-3
"p1k_00974","FlhDC-1",-7.89203115237422
"p1k_00974","FlhDC-2",-5
"p1k_00085","FlhDC-1",-7.84734388582782
"p1k_00085","FlhDC-2",-4
"p1k_00193","FlhDC-1",-7.64360277750333
"p1k_00193","FlhDC-2",-3
"p1k_00150","FlhDC-1",-7.5619806389617
"p1k_00150","FlhDC-2",-10
"p1k_00195","FlhDC-1",-7.59729563311968
"p1k_00195","FlhDC-2",-6
"p1k_00833","FlhDC-1",-7.47284407173241
"p1k_00833","FlhDC-2",-6
"p1k_00325","FlhDC-1",-7.56525475651732
"p1k_00325","FlhDC-2",-8
"p1k_00855","FlhDC-1",-10.0553666947591
"p1k_00855","FlhDC-2",-8
"p1k_00333","FlhDC-1",-8.15263332356615
"p1k_00333","FlhDC-2",-9
"p1k_01041","FlhDC-1",-7.54588715326294
"p1k_01041","FlhDC-2",-5
"p1k_00657","FlhDC-1",-7.82234938275907
"p1k_00657","FlhDC-2",-4
"p1k_00270","FlhDC-1",-7.82823451381923
"p1k_00270","FlhDC-2",-8
"p1k_01046","FlhDC-1",-7.62097412554935
"p1k_01046","FlhDC-2",-6
"p1k_00080","FlhDC-1",-7.83102415835841
"p1k_00080","FlhDC-2",-9
"p1k_00017","FlhDC-1",-7.75275181206895
"p1k_00017","FlhDC-2",-6
"p1k_00078","FlhDC-1",-7.59543008542656
"p1k_00078","FlhDC-2",-7
"starve_series__t11_starve","FlhDC-1",-7.72744289953396
"starve_series__t11_starve","FlhDC-2",-9
"p1k_00189","FlhDC-1",-8.61607931081664
"p1k_00189","FlhDC-2",-8
"p1k_00595","FlhDC-1",-8.151909467408
"p1k_00595","FlhDC-2",-5
"p1k_01030","FlhDC-1",-8.08795338065443
"p1k_01030","FlhDC-2",-10
"p1k_00389","FlhDC-1",-8.3937022466218
"p1k_00389","FlhDC-2",-5
"p1k_00434","FlhDC-1",-7.98652909574093
"p1k_00434","FlhDC-2",-9
"p1k_00502","FlhDC-1",-8.00846429076763
"p1k_00502","FlhDC-2",-7
"p1k_00590","FlhDC-1",-7.78481349229309
"p1k_00590","FlhDC-2",-3
"p1k_00390","FlhDC-1",-8.37185389601313
"p1k_00390","FlhDC-2",-3
"p1k_00756","FlhDC-1",-7.60430571868484
"p1k_00756","FlhDC-2",-5
"p1k_00714","FlhDC-1",-7.56472248703973
"p1k_00714","FlhDC-2",-8
"p1k_00846","FlhDC-1",-7.45795686865918
"p1k_00846","FlhDC-2",-8
"p1k_00650","FlhDC-1",-7.70788357422968
"p1k_00650","FlhDC-2",-4
"p1k_00712","FlhDC-1",-7.67124235209118
"p1k_00712","FlhDC-2",-3
"p1k_00521","FlhDC-1",-7.49593480189222
"p1k_00521","FlhDC-2",-4
"p1k_01028","FlhDC-1",-7.53785513132187
"p1k_01028","FlhDC-2",-7
"p1k_01007","FlhDC-1",-7.82992387178142
"p1k_01007","FlhDC-2",-3
"p1k_00627","FlhDC-1",-7.65715031633517
"p1k_00627","FlhDC-2",-7
"p1k_00238","FlhDC-1",-7.6427981055294
"p1k_00238","FlhDC-2",-3
"p1k_00880","FlhDC-1",-9.11144791350559
"p1k_00880","FlhDC-2",-3
"p1k_00374","FlhDC-1",-7.83222784100802
"p1k_00374","FlhDC-2",-5
"p1k_00724","FlhDC-1",-7.59253560948309
"p1k_00724","FlhDC-2",-4
"p1k_00667","FlhDC-1",-7.8570710983487
"p1k_00667","FlhDC-2",-6
"p1k_00311","FlhDC-1",-7.73132685355557
"p1k_00311","FlhDC-2",-8
"p1k_00763","FlhDC-1",-7.99421515478382
"p1k_00763","FlhDC-2",-3
"p1k_00613","FlhDC-1",-8.02211236154033
"p1k_00613","FlhDC-2",-8
"starve_series__t08_starve","FlhDC-1",-7.75046338547653
"starve_series__t08_starve","FlhDC-2",-7
"p1k_00265","FlhDC-1",-7.84122706980544
"p1k_00265","FlhDC-2",-8
"p1k_00303","FlhDC-1",-7.65997340599643
"p1k_00303","FlhDC-2",-10
"p1k_01015","FlhDC-1",-7.60339621216869
"p1k_01015","FlhDC-2",-6
"p1k_00340","FlhDC-1",-7.59271136076426
"p1k_00340","FlhDC-2",-3
"p1k_00313","FlhDC-1",-7.52844982867186
"p1k_00313","FlhDC-2",-8
"p1k_00324","FlhDC-1",-7.66237143083379
"p1k_00324","FlhDC-2",-9
"p1k_00598","FlhDC-1",-7.9521296452152
"p1k_00598","FlhDC-2",-7
"p1k_00041","FlhDC-1",-7.84295154944411
"p1k_00041","FlhDC-2",-6
"p1k_01025","FlhDC-1",-8.29788916289831
"p1k_01025","FlhDC-2",-10
"p1k_00796","FlhDC-1",-7.58665455268887
"p1k_00796","FlhDC-2",-4
"p1k_00678","FlhDC-1",-7.73724143155052
"p1k_00678","FlhDC-2",-6
"starve_series__t09_starve","FlhDC-1",-7.76833810614286
"starve_series__t09_starve","FlhDC-2",-6
"p1k_00564","FlhDC-1",-8.13548760084536
"p1k_00564","FlhDC-2",-5
"p1k_00247","FlhDC-1",-7.76945602581225
"p1k_00247","FlhDC-2",-5
"p1k_00894","FlhDC-1",-7.69405724130995
"p1k_00894","FlhDC-2",-6
"p1k_00966","FlhDC-1",-7.75353855421861
"p1k_00966","FlhDC-2",-4
