,b1002,b1620,b4118,b4357
starve_series__t00_growth1,25.42880967938929,2.0970784894493137,6.316595099211933,5.226440960252696
starve_series__t01_starve,374.58408699431135,4.525684023102989,76.89869293218023,76.4316841645385
starve_series__t02_starve,776.190969068489,4.917158671137405,125.39434253732198,112.7450145952332
starve_series__t03_starve,699.4804319360252,4.052715436821411,65.75632203079363,54.23169651951009
starve_series__t04_starve,748.9461582510519,3.016992739042819,46.0766135252318,38.6235857528916
starve_series__t05_starve,887.7947897530169,2.444033123119605,48.59588336250719,24.703843597825514
starve_series__t06_starve,798.9453292861722,2.6700178609561878,51.63695670457874,20.92589232693339
starve_series__t07_starve,715.8382603870699,2.324487179788417,50.88396455907415,16.917794536596542
starve_series__t08_starve,767.553958495777,2.4558117652864704,56.25405642666485,18.703120719098504
starve_series__t09_starve,718.7075889859118,2.0865543728707734,62.59178580270718,18.02727156045124
starve_series__t10_starve,768.4056492731293,2.6379865680086625,62.98977500759536,17.677009346408262
starve_series__t11_starve,893.9118263957079,2.7415577221402296,68.55870877062605,17.735587200607284
starve_series__t12_starve,712.8336135610023,2.7047821047488503,60.167501345055,25.096654716413788
starve_series__t14_starve,735.5037011908678,3.11278018197025,58.57119363195042,27.091321306896432
starve_series__t16_starve,543.7266764381866,3.449915153960884,43.14818030825452,27.87101165619378
starve_series__t17_starve,427.4542117865671,2.1555825418508494,36.26525848081942,26.90330361194204
starve_series__t18_starve,363.39734096023176,2.617240315604404,36.81860475724076,29.060381848065
starve_series__t21_growth2,5.959461726032144,1.667788817326603,1.185134567381355,1.0551841383366145
starve_series__t22_growth2,7.960871568782175,1.9231446108057249,1.420266333871634,1.2243552333726075
starve_series__t23_growth2,11.480889759819249,2.493291592711335,1.0327112161464416,0.9910138000471264
starve_series__t25_growth2,20.152142284408363,2.1202456073607605,2.980528155272381,1.949354585375051
starve_series__t26_growth2,18.399895695361558,2.134459961030974,6.308653959072935,3.8083496186851593
starve_series__t27_growth2,17.524278896069244,1.7316622780275088,7.671308323475021,7.418325096118688
starve_series__t28_growth2,25.634661727470107,2.7793408268662643,11.884316287157734,6.942837485615112
p1k_00001,23.123169276639786,1.3841875666266317,11.197100164274987,4.43032657856009
p1k_00002,22.878577679410277,1.4635408637301195,12.41109700132566,3.673164709885013
p1k_00003,56.1753724663789,2.046903375146853,21.25674428015297,1.6921365382421047
p1k_00004,58.05334473349482,1.7164273527836844,21.495786793274632,2.0324553108368457
p1k_00005,19.170788904327843,1.2888560225748422,7.925524709148552,3.716815122181599
p1k_00006,17.463026311333042,1.4871407950450506,8.149130436969799,4.3251507838245455
p1k_00007,67.6453584215947,1.947248426130033,18.057423233101925,2.470302150133545
p1k_00008,66.74017327373735,1.4995156653149382,14.227433784824845,2.215348811277947
p1k_00009,22.20306760690288,1.6171221572829129,9.097129396391336,4.184060979735542
p1k_00010,21.609707941905302,1.6580490561419836,10.845639897143426,4.361677911602111
p1k_00011,34.0938657892839,1.6337109667405338,10.269070716371642,4.048499423251895
p1k_00012,33.60119823470888,1.663502333520945,9.699516776641884,3.3643757106915686
p1k_00013,26.54714078041832,1.7891083711612237,7.467378769319983,4.832089685823774
p1k_00014,30.2789721223839,1.707914649244117,10.59593685357265,3.707473868179471
p1k_00015,30.15176719827108,1.6640526516959662,11.303887785449811,4.093944127003337
p1k_00016,32.05990368026199,1.9415618793668967,9.49177137331541,3.605748613259887
p1k_00017,34.216638810841026,1.8231616827211143,9.72433815065497,4.337515625872547
p1k_00018,32.54929209796724,1.8893767694831676,10.28148424283608,4.046297436855217
p1k_00019,34.952022560511075,2.3364432355407683,17.55021258708668,1.8071541573408856
p1k_00020,36.26532442450646,2.3953189822155205,14.727927797429173,2.0818246629872235
p1k_00021,23.15065899519486,2.1940680207004357,15.51679610818308,1.9485433728791317
p1k_00022,25.240056837796285,2.3596151333369204,15.506468951310795,2.2325787769458167
p1k_00023,35.86092041185759,1.5212548294536627,15.396249750092723,1.0604165472492657
p1k_00024,35.19138046000579,1.745947017966322,12.44184812768724,2.2030656925995347
p1k_00025,37.71368257338365,2.032463570593317,20.77294583791904,2.053410180684616
p1k_00026,38.51837578952027,1.6273545165151602,19.09740464664216,2.736859695196378
p1k_00027,21.199854336502284,1.9214090633580008,13.050894269585362,3.1356612229433893
p1k_00028,23.507808486152832,1.9352259136858376,13.846088428466718,2.2131276176307484
p1k_00029,26.569785099057164,1.8155175949819808,9.550860447611806,3.689405637176796
p1k_00030,28.841209892902445,1.4480124853745011,10.509432936763462,3.434161213726365
p1k_00031,48.17941292277367,2.1344425855496283,11.725033803891645,3.2532669477715146
p1k_00032,50.56877705739952,2.0080862092060867,12.408607779563171,2.5995302706276244
p1k_00033,23.823541044968117,2.093078937769124,15.00303781428249,3.989621456321194
p1k_00034,20.488554778284666,2.0946246009634475,14.269245511493237,1.9049323670394316
p1k_00035,29.853091780413667,2.0556046802185257,10.045220795735052,3.3332458727854943
p1k_00036,31.242107833870964,1.88873090255183,9.250077454969269,2.9654454575022675
p1k_00037,47.377425197181175,1.992392129375793,8.69900775771383,2.475382445221216
p1k_00038,51.37416466850944,1.8498763488437069,12.836195922042007,2.61044973242432
p1k_00039,20.80712311005176,1.4108085703923643,7.882758570424158,5.656389061631951
p1k_00040,22.608263728410485,1.2470936976779163,6.6463073953164855,2.7802651378227217
p1k_00041,46.313245390196414,1.876893730162509,11.111968888190493,3.7873301404380313
p1k_00042,32.39103810723309,1.624795542690699,9.822679651244435,3.920132247077973
p1k_00043,24.134295703656733,1.2895739882977608,9.891493434635825,4.228440356209042
p1k_00044,23.905376092137228,1.3958954447841587,10.201358235066865,3.795314652583137
p1k_00045,17.644273714005053,1.2600268853354082,7.621115785570051,4.740404920796515
p1k_00046,15.904531787694484,1.0853081175133683,8.074060812491874,3.751708445952733
p1k_00047,24.09699008574599,1.6236980977438709,8.324242009788476,4.341311252356991
p1k_00048,22.680750981813443,1.1807502148482516,8.051958452050394,3.8034039733842313
p1k_00049,28.046721055843182,2.159313201713937,10.27543592518592,1.9360517421198424
p1k_00050,18.12248565632956,1.5030807976804312,15.604602949139672,6.299756647476945
p1k_00051,18.122609073976967,1.3579968762420878,16.462838173744267,5.578737848384654
p1k_00052,15.935463931422897,1.1406224163483496,9.235180469866016,4.2955227114229295
p1k_00053,16.231788219638076,1.2592351128370711,9.29997248594306,3.048418899766274
p1k_00054,38.9311330144556,3.3956430435093923,83.08926799291005,43.51220259260492
p1k_00055,37.34737908736368,2.935889220099869,75.68039518530122,36.393108615065735
p1k_00056,146.25531066426802,2.0430372436605717,44.1760682553465,46.610311453826526
p1k_00057,144.61835009594577,2.1586942747102174,48.52207143037696,45.62794152855432
p1k_00058,56.760170423033706,1.5883558639538855,30.3204697499144,21.955513655373064
p1k_00059,55.38159173437169,1.1449280803272772,30.437265097741395,28.125972528402475
p1k_00060,13.21775628556723,1.6301846930732569,12.619651055788962,3.879114089707632
p1k_00061,14.542297753886444,1.5840895636540449,13.134124347140434,5.1847002643954765
p1k_00062,51.743737933041984,1.8844276803300195,24.877221639973623,24.70302270186224
p1k_00063,53.88531475650653,1.8886534615860284,28.23935398122749,22.352656089681624
p1k_00064,63.4595123103873,1.826863355164667,18.276452751500976,1.3670533386284989
p1k_00065,57.32686808828959,1.7861713463859377,17.220143535441842,1.0016007995174627
p1k_00066,61.48603364463499,1.6982833366334078,15.78732212263591,1.8148730053088489
p1k_00067,60.36375650108432,1.810258990674176,16.23507074354766,1.7392287911340447
p1k_00068,14.775620261087688,1.1850963138336117,5.676324670368242,3.758275462887649
p1k_00069,22.82849231117776,1.4246992958639044,6.49756920144727,3.0548338052494843
p1k_00070,20.397790089710654,1.4776558325138092,7.299204590095954,4.029803502149739
p1k_00071,19.63448770261208,1.786070501456347,7.03709004241153,3.8546553297675
p1k_00072,18.788852917066112,1.3021007867330163,6.643810365520822,3.907930434604056
p1k_00073,15.01077023978792,1.3066862251095726,6.424024655720905,4.8914104982754045
p1k_00074,9.85645268953452,2.3356434160606065,4.716813465044791,2.9478834705236387
p1k_00075,70.37702620978588,2.8049158026901098,28.22631503245231,26.987387946910484
p1k_00076,30.98213762991105,2.166613069786333,15.569499911075456,12.446308586445838
p1k_00077,33.37430984095815,1.974812420513398,17.863298747999455,12.14358634401868
p1k_00078,55.45809537803786,2.710434085987583,17.918687161269062,14.322113477490904
p1k_00079,28.515816001732624,2.029147377197948,14.023819603535486,14.486590365487618
p1k_00080,17.688703157560017,2.3679314097313977,6.83915658132859,4.433547360752073
p1k_00081,18.191007575092694,1.5244824056312567,6.792111398707324,3.950994017984333
p1k_00082,129.48689966566118,1.7927825418027843,46.72530136942272,59.56517611249035
p1k_00083,135.8767167463431,1.503961652354442,43.0344314602894,59.95633961021902
p1k_00084,50.84803226037224,1.9991235743925024,26.42618721430189,23.103191439829654
p1k_00085,54.03535224380761,2.097155486290849,26.48401264197225,22.113316345665503
p1k_00086,165.60585143690204,1.6958420744943172,34.59538442251548,35.33547971322837
p1k_00087,157.3169677711393,1.7427228790492717,30.98371124231029,34.67068986634119
p1k_00088,34.99409693693058,1.599516007936465,7.464959441742421,1.9700779501757548
p1k_00089,32.87099975909599,1.521307778702971,6.85766542448846,2.41944856278488
p1k_00090,25.106012996084004,1.2879331531242275,7.340386888754195,3.2218102916334352
p1k_00091,26.6408466853746,1.6148563966935383,7.89680196996284,3.706266241983469
p1k_00092,128.31338298421488,2.073762577149968,55.08561251854385,43.67826205855978
p1k_00093,24.70034245650484,1.2858168011732125,10.881601509170205,3.602099120385041
p1k_00094,184.8095842719716,2.2026970450071337,34.922575478519015,59.3793179069279
p1k_00095,183.7277812694912,2.2472359668623323,35.03889378173415,58.74657845867811
p1k_00096,60.39009301665623,2.192782438342856,19.200821083101992,15.705885004484765
p1k_00097,51.891480124370425,1.6458902417004155,15.21716896932911,9.513014538506535
p1k_00098,136.68633521084428,2.2372006754328577,17.23236756764794,22.84035009075648
p1k_00099,137.44140419554998,2.196176722254881,18.48032778621169,29.65530724802373
p1k_00100,11.3587779522309,1.2303901578183918,10.087342780628036,3.745652762542072
p1k_00101,9.433276026981725,1.5563841130053402,8.192550410478004,2.70809290973311
p1k_00102,8.671063759298113,1.480261560583401,7.015734683939001,2.3519888893691423
p1k_00103,38.30745219278989,1.0073487847417602,13.505634792968015,13.56571054509678
p1k_00104,37.69799990056982,0.8974642019627135,12.39798802920949,13.810032732892184
p1k_00105,41.9626832779953,1.5899393341779788,15.184351958357828,13.15402503462963
p1k_00106,59.70249418666436,1.3779250384263757,16.560449163634832,22.668646530275996
p1k_00107,58.61195048733455,1.5459301058269974,17.428384802896144,20.845422511305934
p1k_00108,53.65975777334141,2.931764547377249,20.912189203382933,3.8956286544109
p1k_00109,54.16283636816327,3.3228170815594837,28.2334225578526,6.562224596962366
p1k_00110,18.129528652537868,1.3859611771590734,6.82165776330911,1.2065656578290462
p1k_00111,17.8149992052735,1.9204285858661512,7.561979115873898,1.054889205257956
p1k_00112,17.7772835559817,1.4851686312745165,5.150421463052199,1.4179541771984034
p1k_00113,30.440528064990243,1.5220760474702126,5.692511528036948,1.599562538535318
p1k_00114,29.26889771785561,1.6926743454073832,6.073635500193978,2.2656360557010515
p1k_00115,29.924842999799377,1.6543259556033516,6.111146362019077,2.3401712876419927
p1k_00116,32.42428119481964,1.6818567335406076,7.963633581148561,1.3092120671194347
p1k_00117,31.42691615720614,1.31445412119808,7.232730579421172,1.1626599024577442
p1k_00118,35.195072456084056,1.6744150662305,8.309072516201693,2.1035822521282546
p1k_00119,25.53875671591653,1.4079637985546594,6.401021666861294,1.5370538115441494
p1k_00120,28.10982402543012,1.4123194391141811,5.887901718612786,1.305324493383875
p1k_00121,30.505135799232743,1.4451657241125169,8.416245538876513,2.117061881809969
p1k_00122,34.08370204184545,1.3684963359534406,7.697366244060953,0.9930569216674742
p1k_00123,36.5918550787901,1.456864773142028,7.319961446501058,1.131612322566896
p1k_00124,37.1334737974975,1.806773022860064,9.449186473268291,1.3837522223282026
p1k_00125,9.199611178737866,2.155970089149553,4.986607946739234,1.7806756518209648
p1k_00126,6.531036966011843,1.7663948071524564,10.425712227937543,3.3457786622329246
p1k_00127,12.652707954956748,1.325213242437856,11.564455582484063,7.419341336254575
p1k_00128,4.993885404886351,0.8790401147691094,5.013843610518816,1.721983612274194
p1k_00129,13.270887618899229,3.2050754757235227,16.006838764707872,3.75421360212832
p1k_00130,9.612458849661897,2.4980591949584925,13.203013732440786,3.5639868456154
p1k_00131,5.849070332675741,1.8778721249730568,4.6771109543987945,2.409321403587511
p1k_00132,14.416444867432928,2.0258226129456096,10.223270458633252,5.870976903028521
p1k_00133,68.83120935411307,3.5072153435427884,55.983728225761766,20.03289834227447
p1k_00134,7.242683379740227,1.6890345354241112,14.139600620230365,6.733016839211581
p1k_00135,6.401894086468844,1.7939672659257977,6.204013432496896,4.196122098568132
p1k_00136,7.979682650196269,2.66630888018732,10.414141534773934,6.2197990183228615
p1k_00137,5.057948536587426,1.672978402656493,4.391040469645337,3.26877450762283
p1k_00138,20.885365511670564,2.504815748051872,34.0704192886212,11.392657386259572
p1k_00139,10.1134254122211,1.8713033598011228,16.79793947426562,7.573525837751654
p1k_00140,7.588115297903342,1.6013506262407595,10.452083368428909,2.1250120630257485
p1k_00141,10.483499037780437,1.9389696182404152,17.096256389505776,8.22240977860454
p1k_00142,71.44707755759397,1.8714197174585965,21.25450871154866,16.646277711889745
p1k_00143,16.6865741226034,1.140716267500285,4.614094446385596,6.1019989387273625
p1k_00144,320.86024040005844,7.802609393282726,98.4779979410946,103.11152695374628
p1k_00145,104.91582083260478,4.854544878596984,16.84390087047148,15.865663294077406
p1k_00146,51.37624133492394,2.5691383864608888,37.11719152867495,34.11727845641938
p1k_00147,14.591070409686932,2.7959171912913154,14.159912712767817,4.713126896236846
p1k_00148,19.403513814547257,3.7741113491818177,16.72559755727197,5.970116374573857
p1k_00149,45.16995144961434,2.82718711326342,51.60478467324624,36.02834995820632
p1k_00150,19.888494245519336,3.390252434826908,14.75677988067376,5.025565506337646
p1k_00151,15.28508535039258,2.9087586764312534,37.068556894879045,13.85623651559263
p1k_00152,23.1252545340982,2.499164639241904,32.90136244344587,22.254643173822497
p1k_00153,10.745996692504631,2.7896336657320804,20.92217257719458,4.445951748453665
p1k_00154,27.204889398138224,2.8043802213627567,15.698924756652984,5.734346974617574
p1k_00155,5.610297514152155,1.278026746257916,10.346780750741228,1.6917743773749387
p1k_00156,48.8457581367385,4.3143517215252425,124.04492983112569,114.63253010402622
p1k_00157,19.15864930797011,2.433771530690989,13.129441744972755,6.109379631457698
p1k_00158,49.90919104709471,4.5898621118534,75.21083125439654,50.9271475691783
p1k_00159,10.320400286304604,1.8974391436648903,13.14211802912068,5.624981739947865
p1k_00160,17.852617531019995,1.3123436670900657,9.749683918983386,9.220462708968668
p1k_00161,11.95064303426356,0.9465502065870242,5.865581204226473,4.5313426143521305
p1k_00162,11.264320920952448,1.0145309769733506,6.547269674055248,5.317652877859077
p1k_00163,12.132100297996478,1.0878172669264967,6.369460125301719,4.450653231719123
p1k_00164,11.473607096313168,1.0739807613668384,6.308899355613495,4.369127114892915
p1k_00165,73.37393927270116,2.252309690045041,45.636953991659325,55.624351376584784
p1k_00166,67.70923161086668,2.1822119122092145,38.43375376627635,54.69795353369898
p1k_00167,329.3193631407482,2.3417321903064297,51.04054302372173,81.87723839620969
p1k_00168,326.8494793880617,2.3608832444052053,47.3521191508007,74.12526899567867
p1k_00169,21.057471231553023,1.449665603473201,12.821530260538626,1.4052785467138826
p1k_00170,19.44740430855855,1.361925766914685,11.734671137578314,1.4822964104780638
p1k_00171,22.736657655643445,1.246512845419924,10.040020465796124,13.90452444362372
p1k_00172,20.431610084410945,1.0609953894187958,8.06013655427663,12.647358674484774
p1k_00173,11.311085059932529,0.7072618760116481,5.660916320731111,5.843506079688414
p1k_00174,10.446687028765291,1.0123000939894398,6.055855763212598,4.55304495172186
p1k_00175,13.11654938414089,1.3410220265628123,5.303703033842138,4.062956239632027
p1k_00176,13.068950461268829,1.4454148354292216,6.140147471248489,3.886080563025245
p1k_00177,13.635796699201617,1.1499060074032497,6.075667119487942,7.060756376277807
p1k_00178,12.61146682945546,0.9211301916743329,6.026798084225288,6.559459415653098
p1k_00179,71.35583538063977,1.5891387830738604,16.382775468006315,26.12514017657838
p1k_00180,71.18946356399252,1.6703267848501535,19.96473077218919,27.697894470319543
p1k_00181,12.748316481686558,1.031997437869521,6.409670515279068,8.616226330476652
p1k_00182,13.321292548506474,0.9611400167223416,6.783421631527954,8.400475596516419
p1k_00183,37.401647565477,1.1212716627493706,11.2367415121718,12.536156201351789
p1k_00184,59.20865617518866,1.2053351061825064,17.66061295473462,18.89924429634872
p1k_00185,10.61044727434884,1.0053343027236,6.268020012297195,3.959846237677264
p1k_00186,11.856396386079515,1.060947092888806,6.3617634455005225,3.2694896630294137
p1k_00187,7.151772476726373,1.2795380554431544,6.585997941459627,5.169787371255929
p1k_00188,5.158563776271839,0.8939652410026545,5.558901913341719,4.829998466457256
p1k_00189,5.925112386258745,1.305714423077916,6.377833672313004,4.480196867005755
p1k_00190,6.691761869077268,1.1830878379075729,8.316723998111433,6.27509974321785
p1k_00191,26.08258527916449,1.7872101086584655,14.416219163675729,7.326474330436132
p1k_00192,26.198686584287003,1.923945902516988,15.233570558184706,7.699393074778056
p1k_00193,66.48921151614476,1.9593979595269169,16.969006083040423,9.130246608411396
p1k_00194,52.92660439358586,2.458419214677374,19.036662856411528,9.857799192459078
p1k_00195,36.78189030699086,1.3107210197587906,8.186553681897545,2.336177400180381
p1k_00196,41.77736740705095,1.1069964909872971,5.520203957876474,2.8546637639046684
p1k_00197,46.9942989926848,2.2955183280969957,14.229946710142212,8.735839382187468
p1k_00198,48.467195302675975,1.97483469022634,16.928715594875314,7.295497045729363
p1k_00199,29.027665696102773,1.9354923413946636,18.20579236499102,8.714963360640326
p1k_00200,27.921245808756204,1.6987954444252156,15.9009251617146,8.354504085611113
p1k_00201,24.500120129755334,1.4431968832069026,10.875935587070996,1.7444672328910382
p1k_00202,21.57873353775743,1.529681335737261,9.193133135809443,3.5463409584786367
p1k_00203,21.830769124359996,1.4733440207223565,8.581863194924852,2.527988173014003
p1k_00204,20.148826846188093,1.3935233088814654,7.694710634931296,3.57718323803902
p1k_00205,82.14053142239673,2.349976780545643,25.46020465696092,15.182884603476904
p1k_00206,60.95874972139169,2.4615491699666845,22.992296207278876,14.58912825216066
p1k_00207,19.711489886203687,1.513137598223039,7.366941503055655,3.8475546246920898
p1k_00208,20.60539555908901,1.2643298077834206,6.798892877577145,3.946221463646793
p1k_00209,33.32485010542686,2.2054913512992464,15.455214016703858,7.835148177211878
p1k_00210,33.90663719021748,2.2119131932877867,17.276045521764733,7.4446275577718914
p1k_00211,21.91644279754745,1.057212561582428,8.771100631734086,3.4570316550341667
p1k_00212,21.767362514393213,1.0823729643077358,9.110821347818751,4.472638612994033
p1k_00213,23.61687207106901,1.2994661461201709,8.009659537292919,3.4078224214825994
p1k_00214,17.885783872790963,1.1961110124917615,7.213956601346001,4.404949421710222
p1k_00215,26.8095320733338,1.582037916376942,6.641601182877603,2.444638596650084
p1k_00216,24.907714211869603,1.5375522747341923,7.632191190056123,2.273521258457305
p1k_00217,81.68445706111885,2.0611221184986848,18.789221236594827,10.056916064721063
p1k_00218,56.91703232252674,2.5637693882791943,25.946375883968432,14.388541559406375
p1k_00219,14.142073035491125,1.2360497879407248,9.631086912271575,4.537068410519784
p1k_00220,14.84854336333701,1.0702553631254437,8.898862438931836,5.2353790303441645
p1k_00221,16.22151673727476,1.2990195407813108,6.352809032897812,2.668753150767154
p1k_00222,14.023497185621734,1.4531329751562274,7.135912850425544,4.358426876635024
p1k_00223,10.940786411104815,1.3798716130138842,5.590883972277721,2.332513016493218
p1k_00224,12.098387109249677,1.1281526229574508,6.09420306972726,3.4814794797158246
p1k_00225,18.06346349379241,1.1169214216397485,7.887863718705344,3.8735020789955534
p1k_00226,19.42027022113868,0.9218339248036294,8.904202012880212,3.182846424091591
p1k_00227,16.750059392651803,1.026725397696708,7.878144822523807,3.0957977230062954
p1k_00228,21.57350682546744,1.1425771734658188,10.394652689813483,2.6671175031541314
p1k_00229,81.19371053999888,1.179852876655374,14.63818795552568,25.12257234849972
p1k_00230,92.03086618714153,1.2119286874848776,18.215674362861428,27.87409374236248
p1k_00231,75.13977740417404,1.3640881149185595,13.175404711700498,19.659631541518934
p1k_00232,72.66821430886442,1.2877041916210858,11.536870936471468,18.669636729256396
p1k_00233,118.4950575429754,2.358570504756324,24.66270802959709,37.09995168697245
p1k_00234,75.8775963670115,2.297128812917516,17.70200360280393,26.24549104380895
p1k_00235,69.46594957901269,2.713612692480249,19.61097280121874,32.572127305698224
p1k_00236,50.56272803792852,2.037600008862898,14.7655156102731,26.045249151331184
p1k_00237,53.798758300345874,1.7895408975679068,15.366165998824716,21.52177010101357
p1k_00238,137.2705821685666,2.5468743428785183,33.463997912825825,68.16867885454592
p1k_00239,135.5418450483877,2.4539656165654646,29.336914766031526,75.56596468202758
p1k_00240,134.32093465447127,2.4417647201356862,34.62603041564502,86.30894871111057
p1k_00241,37.00367784131248,2.1952370456787063,10.86094885484296,10.0951299931668
p1k_00242,42.01549540649874,2.204156894031032,13.718894809953593,9.617542141233727
p1k_00243,36.89948577093941,1.5694698787531292,8.711676591110457,12.063737033967572
p1k_00244,34.61929336055179,1.0511659486274083,10.195089547089168,11.04016075395276
p1k_00245,28.101028693624887,2.452451037961556,15.82282144856519,24.47587548780007
p1k_00246,32.07015534564011,2.723250842141186,17.711851152533583,24.349301724567876
p1k_00247,196.588466697287,1.7926738295569116,29.819363309086288,46.89069755780989
p1k_00248,243.45709246189628,2.51843945492758,37.9858633406847,59.72632808735849
p1k_00249,163.67244468657296,1.5867573353423812,26.89495446061245,44.6071576814001
p1k_00250,158.55549686404242,1.9592688742266529,28.764363113238076,51.31297511562064
p1k_00251,139.07722488166067,1.8781781763031191,21.827891507299476,29.937089385648022
p1k_00252,121.19636340479956,2.408655488902853,27.74957858048189,33.887959919398334
p1k_00253,84.53331730605457,1.6598315093171223,19.952861176146858,25.304570144575663
p1k_00254,74.79011843288247,1.840372128708569,19.980546907435567,26.02823353163801
p1k_00255,22.767852476454824,1.7287368952291258,12.965143445045763,6.942977051827803
p1k_00256,21.94251163182668,1.5594710686041668,14.299436812064632,6.696104987853536
p1k_00257,41.8680970089111,1.4455677652672525,11.936443143423698,2.5165024545262966
p1k_00258,38.52780972064416,1.375748906541694,12.471637687224312,3.091155674567955
p1k_00259,23.81789815519463,2.2589482444169784,20.707878235136235,9.346553080932498
p1k_00260,28.378898961587343,2.588355282591081,22.370620899049275,7.801009522037936
p1k_00261,11.04246012794942,1.9241865549905572,5.533020047380602,2.6173144583430625
p1k_00262,11.064987712988176,2.112620041038696,8.422330941936353,4.52955230426164
p1k_00263,8.84380268258261,1.4122415240752044,7.012442703720127,4.550398706599763
p1k_00264,9.008696328173883,1.2239314332247655,6.380466731174779,3.653474014131682
p1k_00265,22.991407495124204,1.6144552238007988,6.538751106323631,2.9324148508071857
p1k_00266,18.86900398421976,1.5683087868745096,7.331061716950623,2.77062057645508
p1k_00267,20.04146836117042,1.2326291940912286,7.745391647156619,3.2691077472594623
p1k_00268,22.454791154825397,1.302075775577212,6.177906544740526,3.101787002636734
p1k_00269,9.510133959540545,0.8246994822759602,4.88559671754593,3.2293642675186973
p1k_00270,7.80036272846895,0.989917620963917,4.003247331223774,3.240856639690986
p1k_00271,13.350412585437898,1.8053560642219424,2.337103164455134,3.5834659968709217
p1k_00272,9.576429844016474,2.0206191548520938,1.5984884612424934,3.829487515106176
p1k_00273,10.98275928201184,1.235140555701138,6.777522549205687,4.594635902296623
p1k_00274,13.29460648940023,1.1641807212750614,5.476478246970482,4.70541552879215
p1k_00275,13.182121537406776,1.542425397263731,6.163986136190275,5.2782346801491205
p1k_00276,13.06867960876122,1.3551910791974344,6.613021417416265,3.958368316830311
p1k_00277,6.181215990154972,1.2352621652760845,5.277620602663484,3.050396316385416
p1k_00278,5.734100148176075,1.217799438617362,4.850562676593876,3.7095284161824007
p1k_00279,72.36450085783916,1.820834868190464,15.900711706242808,15.843043847879912
p1k_00280,60.4641746160448,1.4949899189062792,14.97754070230253,16.051880156696775
p1k_00281,27.883907678944663,2.7819758942140047,8.919076226807261,5.489157754726987
p1k_00282,28.082353779268807,2.8582349551535677,8.427486814525926,3.834383548046573
p1k_00283,10.497462097317763,1.336139386422543,5.238907349303358,3.6797366354001424
p1k_00284,11.424239985999815,1.4913113622498888,4.698467189270888,4.1701190765506455
p1k_00285,20.440720081167186,1.4097893773848311,7.924796505952488,3.9546934559775258
p1k_00286,20.73684694901126,1.3589930094331208,7.54970839555947,3.868387676521461
p1k_00287,22.980593410876637,1.486366680838333,7.044440910200527,3.525696811534421
p1k_00288,23.694203889221328,1.596752677850558,6.746486658205552,2.864179092863134
p1k_00289,10.256291996141467,1.4719407532744508,3.880661661179959,3.4311849450208225
p1k_00290,12.877111162868957,1.2105801178248743,4.443899105250737,3.918480433236653
p1k_00291,21.51146513166585,1.471560949051228,6.422169533187827,2.6672629965066976
p1k_00292,28.95320734176177,1.4203189096982505,7.571879626151183,3.61333614882882
p1k_00293,9.242374157047015,0.943078496659842,5.155604721534153,3.987934125932376
p1k_00294,8.70988233464675,0.9926161604693932,6.37652604316076,4.499422800344521
p1k_00295,5.287008286853731,1.2844091572776326,4.451391572702195,2.0610732017270337
p1k_00296,7.686673144676265,2.241490006088259,10.921321564629675,2.879581921527325
p1k_00297,21.650961303863564,1.094930977678166,8.383085867729946,3.940795911003083
p1k_00298,21.58987550241968,1.1749976985431934,7.962834953273091,4.173998632971473
p1k_00299,25.38195895202959,2.8676451317490472,15.4899209016699,8.65450096231304
p1k_00300,23.102375977780262,2.3104806625620866,16.594098835876824,9.287110477406811
p1k_00301,31.127104352995485,2.806768166472469,17.919567917920116,10.984220859379825
p1k_00302,33.85026490599757,3.041681806234537,21.487859311957312,11.507954651719414
p1k_00303,50.01186144004083,3.6906942151096978,39.48939998317433,24.05152265527089
p1k_00304,50.09617072116408,3.612477642873315,32.22860519523587,20.98906224735608
p1k_00305,33.33513145058846,3.968636658514999,27.756059993108348,8.690685151929062
p1k_00306,28.432600646152945,2.8699853129934265,17.461036828744774,7.645045516386373
p1k_00307,19.46618387996428,1.080697002466374,5.505774165369289,2.545059415453144
p1k_00308,21.6722669775082,1.2278318644709088,6.961833389900284,1.909068652770627
p1k_00309,33.653013934140645,2.0018000296994414,14.612665374405925,8.470775333129717
p1k_00310,33.421461758656754,1.769430997399302,15.107759712171529,6.953604161322046
p1k_00311,27.328634765509182,1.871066497869855,12.752371780236194,6.354758215861693
p1k_00312,28.801524955308675,1.6975741561978837,11.395000209382388,5.858857435307119
p1k_00313,10.708847294936984,1.0640697257287324,6.176357606536837,2.978190244268462
p1k_00314,11.107107526454897,1.256550930767009,5.529085449279506,3.305576552821525
p1k_00315,19.31218897066626,2.528763309393921,14.580322473080132,8.164364091001733
p1k_00316,24.34763543433866,2.4816110784422016,15.746838074030515,7.073640266846704
p1k_00317,11.386738954564796,1.2158286784703525,5.881193271347115,5.248999852470504
p1k_00318,12.035234891231744,1.3138504607692962,5.711331299440023,4.084770240006523
p1k_00319,11.855111420754906,1.118224408159917,6.691519931127073,3.636313033820711
p1k_00320,16.611767951405945,1.5992676606764555,6.332697480412189,2.238921813499167
p1k_00321,9.682405696909743,1.7492820031143863,3.958829529351026,1.1981977387909877
p1k_00322,9.043784047330597,1.640510766336761,4.916204772841894,1.2999715922763364
p1k_00323,8.568287262222483,1.859265523965429,5.666456820013193,2.148191725215161
p1k_00324,8.384404613827273,2.0119278954611843,5.019287570765345,1.772197621702953
p1k_00325,8.053649954209602,1.6097758799531992,4.960143667538592,3.025243731286735
p1k_00326,6.969504100491835,1.8001961441675225,3.801571327267486,2.589985289911749
p1k_00327,10.950690998900573,1.8887049301365375,5.131863936184298,3.794046940256828
p1k_00328,7.448352523973906,1.6460622009993506,4.168860248768544,1.9494176477016296
p1k_00329,7.581114811855185,1.1205935401139449,4.351292656452506,4.156497624444908
p1k_00330,8.821681438976645,1.2412600794749842,4.623756351074616,4.407978899785844
p1k_00331,7.931743137951699,1.6435528017073275,3.4615687698789253,2.98941338710383
p1k_00332,8.343517984714671,1.6795321706697024,3.425790996570188,3.5932364553879563
p1k_00333,7.262549416160106,1.1139730805521018,4.804227046363785,3.205499045214944
p1k_00334,9.010426741967038,1.0615373241727335,4.866763045724543,3.8009639839452607
p1k_00335,6.049063305251123,1.227426183041071,3.7272494935423817,3.430669683461725
p1k_00336,6.161942367721855,1.0956377030604088,4.997297886542317,4.316768958066309
p1k_00337,5.9274686853081855,1.3544734870631767,3.506434865057121,3.0789029522283644
p1k_00338,5.299539044190112,1.0970315626059337,3.78541947779439,2.802372375699113
p1k_00339,5.570581596553914,1.3911026665555186,3.133266725081112,2.3305226446988283
p1k_00340,6.8517854404516365,1.3918298126254418,4.008834592374445,3.254481384288034
p1k_00341,18.32029705330596,1.3728839285874346,5.968546282368669,4.407794991245679
p1k_00342,17.63810501147124,1.5142639960456743,7.088942489888411,4.572294125826302
p1k_00343,10.229879916595287,1.5354125112454282,6.672002632447809,5.0168210705519085
p1k_00344,10.8650980967617,1.438701128480137,6.24907610407767,4.9974274955826905
p1k_00345,16.330131213869826,2.350045714120065,5.34450896054111,2.65062759823321
p1k_00346,9.149063440410984,1.5271976194221228,7.12744670722759,5.293858744278621
p1k_00347,14.462341990263477,1.4810280850309996,5.872281062764444,5.060170694133888
p1k_00348,12.425184265473815,1.444051790506479,6.15615856570864,5.118843201824595
p1k_00349,17.445945986114673,2.5736881893955528,9.875171997133853,3.82131325091146
p1k_00350,16.459842386649395,2.451851486874645,11.668292402338016,3.5152527106097367
p1k_00351,13.918824115114472,2.8732954473704067,9.458459678003058,3.264984151886933
p1k_00352,14.821353121725084,2.9030618941836,9.990210078790962,3.547168854601031
p1k_00353,11.650085825048247,2.106479209677488,6.480507600919056,3.9624638048348735
p1k_00354,11.948188728292516,2.129990968192947,8.51605111999824,2.9035140777595205
p1k_00355,9.617201109010283,2.285454629401391,7.671343647023652,2.8021333433108304
p1k_00356,9.094506151528895,2.1249269888338,9.056375229080109,4.0015382867228215
p1k_00357,23.97158343890831,2.3804210868194726,4.81570723202105,2.1678597885480637
p1k_00358,27.72801127232576,2.770650756457272,4.0736382223178165,2.123117151614727
p1k_00359,5.609267044118459,2.626768731649462,8.717381362143254,2.847827639517164
p1k_00360,6.379239068496856,2.98855680488964,10.889336752665304,4.243391131127237
p1k_00361,2.539078718084034,2.0223966697983458,3.794396734680881,4.886582984959705
p1k_00362,2.303669445960977,1.9805815333757453,3.234936654277468,2.8387531247976368
p1k_00363,17.310005200194695,2.215686908112508,3.2129548488836366,1.7348896389911863
p1k_00364,17.416395471987233,1.967761746496132,3.623812289747469,1.6386103233082083
p1k_00365,2.961531686228647,3.070780762079937,7.084356871123215,2.418377470405777
p1k_00366,4.596108512796574,3.0715937258232717,10.119225149961206,3.2096343142052093
p1k_00368,1.0686396293073832,1.237105140557041,1.9627388317498355,1.552977283977803
p1k_00369,18.91316390692752,2.747662314529886,2.4318117887138158,1.5341980853940935
p1k_00370,18.614985909009786,3.1448988627162557,3.286358166077959,1.4074013587961864
p1k_00371,2.243966762510494,2.113109183983142,1.0875583500482997,0.939417566224332
p1k_00372,2.4771721267651263,1.899070835321012,0.9423697450232238,1.2277861884904866
p1k_00373,2.317385128455998,2.584783012169541,5.77635571150296,2.4126528064276678
p1k_00374,2.302783787077708,2.736159065207619,5.414924058777082,2.0133090541771312
p1k_00375,21.53879040704689,2.9353388012652077,3.635022222486728,1.7249776111887047
p1k_00376,21.57689550606836,2.81821565006467,4.775649504824615,1.513848505975065
p1k_00377,2.5070341808864205,3.624052155347565,2.293140630178892,1.5633569900014288
p1k_00378,2.514550533962984,4.273928734435084,2.16964661151464,1.899643456535837
p1k_00379,2.0214389919479467,2.455002492038233,2.467869446390593,1.2574943875434967
p1k_00380,1.5155747307118237,2.075475083214519,2.7675020544707096,1.7259061477436943
p1k_00381,27.99326671461641,1.9917406384491312,4.4228912754352345,1.6750966223359764
p1k_00382,27.82718502303103,2.2859086382783094,2.863546666712558,1.5302387353766325
p1k_00383,1.858233030119629,2.9583016732939225,2.204755112434759,1.400725934285464
p1k_00384,1.8657481983585944,2.2585103168415825,1.567857967063368,1.2484695789360805
p1k_00385,1.3166614047668297,1.3499930536969509,1.2151653865448897,1.189593054270241
p1k_00386,1.2967005381232624,1.510961748809303,1.8146151527739405,1.4615416777050687
p1k_00387,7.553395640429513,1.056370507501498,4.096511060278241,2.95000379824125
p1k_00388,8.671186148377181,1.0182038691987396,8.382491528467039,3.5398797925120324
p1k_00389,6.289778045526704,1.1010110422203034,5.986119104049154,3.385987480596445
p1k_00390,6.508247753401315,0.8844084411534204,7.386305514775245,4.2314844998893
p1k_00391,5.478951394122212,2.0197326884867794,5.910806662406936,5.208096123766531
p1k_00392,5.572249497255639,2.1709929605222618,4.546527193950702,4.066094420488825
p1k_00393,5.574682734780268,1.5374922059732354,3.421615514740707,3.65498599718217
p1k_00394,8.162851252228654,1.1068595136430797,5.438148297577045,3.766584368718733
p1k_00395,6.641555358730272,0.9538578462206762,5.96769939095594,3.596618586636274
p1k_00396,7.012235025594013,1.102051072906954,6.088288862530056,5.113234749760479
p1k_00397,5.115121805414647,1.4435944381763466,2.9942574884932367,4.846824259761246
p1k_00398,5.493408098996571,1.2590908292142229,9.957636705042413,4.230401574762379
p1k_00399,8.311632398095261,1.052725365614929,6.619320476338327,2.4475299433051494
p1k_00400,7.752758492592507,1.0554559585465664,5.074374442321703,3.4330012200194404
p1k_00401,7.784141237534137,1.00252645812921,6.6344099171661295,5.885471268119856
p1k_00402,9.449897755657712,1.0019241434715067,7.16174619043459,4.631238352291068
p1k_00403,7.398543052216992,1.1864336075238606,10.8460638468398,6.121002405028951
p1k_00404,6.772173251696667,1.3249116567481043,5.8149116862950105,3.4723445522917
p1k_00405,6.758695537881018,0.9865551505058796,3.796200127128396,3.8086301265349145
p1k_00406,6.054847038182346,0.8675581428655919,5.608053307539535,3.9927851824401945
p1k_00407,6.051538359398618,0.908480417316966,5.747419976917834,2.434129705798325
p1k_00408,7.3994329852652285,0.9778325801220727,6.370314828763724,3.412439340683177
p1k_00409,7.05643949588359,1.9325494670833,7.690740397575038,3.925149733933708
p1k_00410,4.973824295338104,1.7993013340306678,6.404791330441588,4.577231839035568
p1k_00411,6.162203023395861,0.8085232434235244,7.6761951166033375,3.377238125878731
p1k_00412,5.2109613671313175,0.8785356777104596,4.199092817165115,2.8028868844740344
p1k_00413,6.29049307076127,1.1190282610295228,5.514244804071751,3.184042070003956
p1k_00414,5.758304464687438,0.8591887754440519,5.224101881892777,3.125113587714307
p1k_00415,5.236567894736872,2.205787736946814,8.347542468017682,4.946319803651153
p1k_00416,5.943148583759064,1.654537792875486,7.492435992909949,4.807400993020225
p1k_00417,6.808435789622289,1.1420273470740527,4.065018395588511,2.689003423543577
p1k_00418,7.27115271740621,0.9197090622300004,2.791358007317544,3.533027336493809
p1k_00419,7.996117488303802,0.970729171285544,5.438780936394665,3.6631674887222
p1k_00420,6.923653444150345,0.8396950150277726,4.958044729836812,2.7116309563513794
p1k_00421,6.040982921800615,1.063932977448086,4.4532566050902185,3.9307380807699377
p1k_00422,5.832825973645655,1.1854753765629065,5.664659779027483,4.385915372305919
p1k_00423,6.572149926514181,1.1658375567082693,5.559408053658412,3.869682347447761
p1k_00424,5.660811586344174,1.1154943853176411,5.243602184480998,3.040075507765964
p1k_00425,5.157546587993482,1.9427638934151108,6.365936326977342,4.3866389752307775
p1k_00426,6.375379119064754,1.775296450135381,5.142091470876239,5.937106243012772
p1k_00427,6.282024854726402,1.893262833414705,6.270638408103414,4.053257546400254
p1k_00428,5.698627031264226,1.826075725935115,5.8082306734584455,3.5225482501398746
p1k_00429,7.665382767383717,1.2739756278730432,3.751279403277826,3.0446221923876244
p1k_00430,7.093239011501116,1.163299019368494,2.8862975725667424,3.4102536620004087
p1k_00431,6.803154942497137,1.0363299852257877,5.07229331685669,3.1742722431759653
p1k_00432,6.972740989258068,1.1982584402529388,5.839792637407695,3.929190603318869
p1k_00433,6.669374320401549,1.8906394477526571,8.689509704844388,6.340552791360013
p1k_00434,7.886766543313733,1.603665056326969,8.674036535971846,6.643424728606356
p1k_00435,4.9760535769976295,1.1726803742498018,3.274369428318133,2.6554506885888776
p1k_00436,6.293273750824838,1.0635529433372504,3.950825369125964,3.1162397491741776
p1k_00437,5.412851343626734,0.9308552015144506,4.2051064500322894,3.723532699151316
p1k_00438,5.791297109671274,1.1902432861061836,6.013748323016088,3.697253562918316
p1k_00439,4.4730883067508325,1.6064848895327564,7.170445383702045,4.014145330963
p1k_00440,4.969701750092155,1.4480319138503208,8.34593040896995,4.002075532602618
p1k_00441,11.665358808717697,1.288314905931767,5.015363189674596,2.981860905557353
p1k_00442,11.18866235416472,1.231697868494711,5.157058192245282,3.5878861358059213
p1k_00443,22.138147536033035,1.3532606650688983,6.842774372385412,2.1894428768769227
p1k_00444,26.613261061180125,1.306219485598248,7.707451959226033,2.550219016247381
p1k_00445,9.371431236821818,1.1614348835763495,4.75566921309957,2.355809325435547
p1k_00446,11.693209430196177,1.3488316787297476,5.266213038105813,2.6366696511781957
p1k_00447,25.108341704792927,1.595775881828941,6.947742710446621,3.0179945550251146
p1k_00448,24.587233718750845,1.4308348462854086,4.73406025245486,2.26278171803261
p1k_00449,30.612299764115107,2.776564356935291,22.183846842026192,13.001842473592266
p1k_00450,33.84772616395137,3.0269469629171555,21.68849314471275,14.97228335565264
p1k_00451,34.52581604468162,2.7439150343848606,20.8284992224169,14.197184791245393
p1k_00452,37.43312093874846,3.03604533583552,19.72101181424446,15.043393605879906
p1k_00453,29.95703768092738,2.779125114033484,18.83921409515681,12.502971599816302
p1k_00454,30.932360328917923,3.0567017907965512,20.298610838664736,11.317462553629792
p1k_00455,572.770154338058,5.804040256935207,100.10488690966272,44.435809983855606
p1k_00456,648.9457864889671,6.401959370637266,118.20341044347096,42.62102098119195
p1k_00457,336.1232736219002,1.8203424860406856,28.364453841052807,15.79558035631777
p1k_00458,317.4800104816246,2.2514399220794323,25.913493968611007,13.189874815600602
p1k_00459,135.7382711465881,1.7382158888172767,13.255676926905668,9.482862899203866
p1k_00460,130.07878113377035,1.8108027541817664,16.934568949510137,7.641869764627955
p1k_00461,138.95533117825104,5.722866472814531,41.4683409075213,39.12586069916654
p1k_00462,134.75934321392236,5.764685624275072,44.87604436735083,35.12937830810113
p1k_00463,133.96820901537097,1.7385267844708194,17.97516253815429,7.370074107669019
p1k_00464,123.9549660895457,1.3900642758881836,16.731628169242914,6.664010029514636
p1k_00465,475.1349028191594,3.1053830277854337,53.21405384282571,19.76139707660108
p1k_00466,469.834299627466,2.99573155314741,60.61897786418604,24.05326658074497
p1k_00467,328.4447372831974,1.859474571388644,26.16772168015142,12.524082413313351
p1k_00468,377.4050399738177,1.7774329263822832,28.74472740126586,16.185075361769805
p1k_00469,180.9911127723373,0.9548583458870618,18.231352852204328,16.60994965080302
p1k_00470,185.2567287887377,1.1798227202345208,22.55798768729989,16.221078366079894
p1k_00471,164.07293119886936,4.551956468953124,43.05116778849265,62.69929442924949
p1k_00472,162.1379920007407,5.096475012529865,46.03997139500342,59.782553904403954
p1k_00473,24.047727128998,1.5994229785152745,11.034341967388697,2.317683144739904
p1k_00474,27.629984524742493,1.5749623610053545,11.294703346724788,2.088882736235403
p1k_00475,26.26645621942809,1.3795604724458046,7.458185038503684,3.7382609831837503
p1k_00476,24.82322810517283,1.314675409304986,7.649290008459083,3.899163537311918
p1k_00477,24.631288358967662,2.3069199588778693,13.136738468121838,8.291223806321593
p1k_00478,25.04225037369198,2.296076132196076,13.29371178674286,7.1560900007578
p1k_00479,6.0238922975945455,0.9714196366760992,1.9042116688161088,1.6954819539963335
p1k_00480,6.066071954433013,1.170078431250588,1.7110292892897752,1.8490609748420743
p1k_00481,418.3361868701666,3.4514376420452124,101.97210986251557,141.62735840052972
p1k_00482,432.8342246981914,3.926893533554633,108.35684752083198,142.78216939896024
p1k_00483,238.2359184154793,1.9691444902461717,48.6208946552312,23.31203492851849
p1k_00484,246.66591218441224,1.8773315034203928,50.779914086198765,27.401552239774805
p1k_00485,62.02600757911494,3.4154865974614173,29.114731823049333,51.103052852935065
p1k_00486,64.84482664624203,3.334923181634132,30.909966939176964,52.1377989422761
p1k_00487,83.55360309050869,2.743300184236681,25.733821132124696,48.32319433582096
p1k_00488,85.64909896407939,2.9046650307466244,26.804970737039348,47.90855227752969
p1k_00489,44.24872416253277,1.7636102378364986,14.179979964296331,2.750587572751167
p1k_00490,43.08385705767494,1.8015371533862543,13.345736626094574,1.9634210325988823
p1k_00491,130.00040305621488,1.9818883453901464,18.20980732043019,11.063446570456398
p1k_00492,129.82720065306393,1.937393628221893,16.878515622501677,10.562614804915343
p1k_00493,26.846618033828776,1.4652243073924576,5.953533644443628,3.269146695032265
p1k_00494,26.00265478409993,1.3821437038491708,6.760102403823658,2.241127151166825
p1k_00495,116.79560235841836,3.353367570516108,55.33748280797798,68.24355899375169
p1k_00496,129.05819043180276,2.7437166010646377,58.726432383031366,68.63864192329416
p1k_00497,410.1566954029143,2.851363735384556,67.8519190157385,82.14713739908403
p1k_00498,399.466606623185,2.77051683772532,72.9385573594793,78.39545635985343
p1k_00499,131.16207278076325,1.423254577735453,17.61668608483414,15.418025669791746
p1k_00500,122.56377378834198,1.3850707522754933,16.216981627625703,14.925486291507172
p1k_00501,31.005966716514923,1.9736951726990792,21.65555031797365,11.77611413358377
p1k_00502,26.979669849362185,2.576992018737928,17.314608727252402,12.923648164738175
p1k_00503,28.21341541742063,2.875954451522301,22.417926700590492,13.134732318401891
p1k_00504,26.304721872407654,2.7709014196961506,22.416055193171044,12.98634552173004
p1k_00505,7.7530054711242675,1.206241172913516,1.5933639794907326,1.6771996102017772
p1k_00506,7.297465200759261,1.293144296172531,2.246020908443465,1.7372438986255512
p1k_00507,154.601039671175,2.101848612996233,21.396042479500423,9.023424826351787
p1k_00508,153.35772592979234,1.940535518950046,21.32632997351256,9.143078148148158
p1k_00509,61.42327356688974,2.062084663506975,20.98479179235768,30.670168593731148
p1k_00510,66.86933708527455,2.282593830120227,20.886739056269853,28.934734697711413
p1k_00511,4.452433901526334,3.2429161602569634,4.833339462862453,1.6881401733133234
p1k_00512,4.34063599950891,4.133622632579903,5.917690994732954,1.843632734893967
p1k_00513,3.943899891299177,4.096017212727141,2.432856950875085,1.3382680692464428
p1k_00514,3.1805558715737843,2.9891300362408817,2.4816461347705108,1.4635925132947836
p1k_00515,3.467238996934391,3.326325962267675,2.9257376474585346,1.5464259690851718
p1k_00516,3.6158034750447783,3.773192656503681,2.513223182533156,1.4019644121054338
p1k_00517,3.825200811686565,4.029902415030884,2.33689994975151,1.1878330512182649
p1k_00518,18.84064174009931,1.195069461513586,13.576498551468765,2.569738431732504
p1k_00519,17.70785596918419,1.4000728132351712,13.012898514386617,2.033901449982858
p1k_00520,18.12771034336603,1.4975283508173634,13.00139043898947,2.8123744929147247
p1k_00521,18.53405011941976,1.4863018339133098,11.92665372432319,3.27622060177044
p1k_00522,10.173828056238431,3.4765399522123595,7.708073497568421,1.7465505016736071
p1k_00523,6.613373852051178,3.5704901543514884,7.381884071420819,1.2433944255175082
p1k_00524,5.3373800626334384,2.8400319205545284,4.23806745652714,1.2327610425956868
p1k_00525,3.66254395058008,1.4840127324843753,3.5321203064258926,1.1304104729271094
p1k_00526,8.799812346403646,3.28437688709454,5.26141753918755,3.8439288007215513
p1k_00527,12.75891089231596,2.9805502327560185,15.622613214523213,5.728440071898938
p1k_00528,9.518881684333406,3.649526657456703,5.089532382338713,4.349141370750062
p1k_00529,12.058627813664602,3.594509039950295,14.85455645499218,6.675279740540315
p1k_00530,4.963874920635411,3.8623658812148105,6.914015577296744,1.9667042000563555
p1k_00531,7.824680214519557,5.317188159435106,9.570491040051303,1.834977645965832
p1k_00532,5.393443351304189,4.3471960295258345,8.932586738838648,1.6206806608274622
p1k_00533,5.629992439827987,4.913107084676477,10.439856677207382,1.802917005424232
p1k_00534,9.476802139821682,4.417798348427936,13.405771709396664,1.070165821790625
p1k_00535,10.02966205716236,4.237136432180604,18.30699102297475,1.7442499955965476
p1k_00536,8.302217661696343,7.08130932287623,13.6229242270679,1.1284774164363318
p1k_00537,9.966581862750688,5.582990797068885,9.012313608309649,2.171126532245716
p1k_00538,7.843242430209078,4.82575969345958,16.687984489984434,1.4758364562012598
p1k_00539,8.323923596804091,5.803643026117259,16.23081271816469,1.285127553355917
p1k_00540,4.411045787626399,5.43123719669599,6.803882365497254,1.7867627696818862
p1k_00541,5.194217640581398,6.21138057379406,10.172822094484244,4.0239036888389865
p1k_00542,3.8282214754912056,5.472333686030191,5.102694713344012,2.263543344563891
p1k_00543,4.247306387554152,5.48159031291032,5.109021432854848,2.580066362450397
p1k_00544,4.819946633470113,5.548706594809783,4.4653717771472365,2.360856143485127
p1k_00545,4.834839885406622,5.767362216375735,5.760779874640013,1.9764860696183475
p1k_00546,5.484929206460727,4.454223036300267,5.509405388503011,3.090254407575762
p1k_00547,4.922381890603881,3.6976227928701126,4.88642717309354,1.4151534843617266
p1k_00548,5.684072097398312,4.232240649825767,4.73568353436356,1.9993411570847808
p1k_00549,7.31504088574664,4.359849633898626,7.099549973911556,2.8193076870518654
p1k_00550,9.032861529749717,4.984402543394926,6.403953720691511,2.747992178734697
p1k_00551,6.878906260341001,5.2157672509446735,6.415899903397292,3.4712229652038937
p1k_00552,6.30928657003601,3.359024382846649,5.791228061462947,1.445779815186711
p1k_00553,7.051087198284013,3.2273468394018168,7.3731027642961315,2.230866119460799
p1k_00554,17.235629364217353,4.717340120451561,9.339280327109956,1.9261448782311312
p1k_00555,10.159204517398592,3.8572066540597856,13.354502457110591,2.815318647967091
p1k_00556,14.64760069823706,2.9001793324959597,20.57545985969152,1.5272042111687016
p1k_00557,11.374535418745095,3.1288348966524504,13.957100570378058,1.6183331225316528
p1k_00558,7.73237682663744,1.4085504250119203,3.593504005100317,2.0703132455698263
p1k_00559,7.535933285280894,1.5683433919178396,3.852571045998016,1.813293600736735
p1k_00560,5.574730568377587,3.2991048124400963,5.378492102776913,2.6931203344141883
p1k_00561,6.9393179138709,3.205537986166366,6.478851299879056,2.309909352114094
p1k_00562,5.190529336923755,1.0826597086898582,6.004285209371118,2.3064930272428747
p1k_00563,5.842579508511788,1.0780057452658955,5.907564762374008,2.2345946146966087
p1k_00564,4.178076580531033,0.9028287668537496,5.10325802345713,1.7687148950156926
p1k_00565,4.678415943665157,1.133166892872895,4.87731830824635,1.93548086420273
p1k_00566,4.819759762037869,1.7971395809370987,5.580568253133216,2.4012858969890303
p1k_00567,6.686617133731695,2.737243175879531,5.62740475121098,1.740554801331669
p1k_00568,10.558258703171358,4.141942914386527,9.266015341463234,4.5639756262960045
p1k_00569,9.968718734779156,4.219522174302282,5.69857525901639,4.3771780180780695
p1k_00570,9.184596061440097,6.008985143564363,11.102493818900909,3.4171457720033245
p1k_00571,9.407857135061256,7.448509376790532,10.266849414546249,2.9526218263065047
p1k_00572,10.53834234958463,8.607842543206916,11.516645761634686,3.650173991385804
p1k_00573,8.775503479793697,7.360225557432005,21.885270127475568,3.653654451746124
p1k_00574,12.54177216770403,7.7762576908988015,18.26607203774248,6.682141067933481
p1k_00575,9.511362984252209,5.949741988174177,10.267838447764811,5.061146779888575
p1k_00576,17.658514205031228,1.9586586332670275,6.201052509318398,1.6461061743151182
p1k_00577,14.172201158111545,1.6731524521570895,5.3179305967734765,1.774843869056046
p1k_00578,5.218891250942161,3.618664584715007,3.6652107249521295,2.268209012703215
p1k_00579,4.778729317363723,4.064545755631585,2.741286717771596,2.640373396217628
p1k_00580,4.7116941512849655,0.9514689811085958,4.462938781009929,2.216125509139903
p1k_00581,5.18244637777935,1.187355499543548,5.055811586468866,1.5799083450371971
p1k_00582,4.329745930236442,1.305527040021854,5.710897744908015,1.7428638492533333
p1k_00583,4.901800246272629,1.3575611544553738,4.026212250337759,1.476783084351305
p1k_00584,14.337483322772888,2.231871504034224,6.904573581246535,1.2040593528518173
p1k_00585,14.38994673721042,2.002171567456867,8.278981076122898,1.1844380722795191
p1k_00586,6.919549889986032,4.538381404955342,4.151329329332073,2.0537157451278114
p1k_00587,8.397777154692072,4.440763985395472,6.423173645013433,2.774924449556376
p1k_00588,7.094911659279417,4.235214921925862,4.576431916983046,3.214068077041618
p1k_00589,9.179597125659892,5.2132996227810775,6.044392899245164,2.7570640016055963
p1k_00590,9.11984832066998,3.3941728176763872,4.198635018060377,2.004184221618093
p1k_00591,10.974715090532111,4.941578308572163,5.129035333655638,2.9753963904375715
p1k_00592,14.517610309165043,5.011560660345346,5.026666855606212,2.0310276748807623
p1k_00593,16.311016474353913,8.853664272260227,4.129199559491298,2.1689909944203345
p1k_00594,4.338194554994545,2.9221400639011974,2.813656065878763,1.3460486696267138
p1k_00595,6.575998053586954,3.107696373055276,6.940950272494336,1.404441234901315
p1k_00596,5.074109586870268,2.552640523477928,6.28945426454787,1.530143591036235
p1k_00597,6.378590532209666,2.9405749954802256,7.994627679316479,2.0478279369647105
p1k_00598,5.498758094994949,2.553917438109137,6.902116461457588,1.4411121269602842
p1k_00599,5.678479052433226,2.9273438079469734,6.238972891943313,1.430535768859661
p1k_00600,3.3695386354725074,3.2588537350182203,7.359521900682896,2.925229771035422
p1k_00601,5.634092968870521,4.135700964245869,5.448846544640374,2.4142580215413205
p1k_00602,4.090932216181892,4.024538026717662,10.741574738618604,4.44084248387289
p1k_00603,6.111264439537689,4.274085975904652,5.410624657329445,2.869167052337885
p1k_00604,5.72228148467556,3.851408988978964,6.580496861500148,3.059934325294401
p1k_00605,10.504719331361752,4.777891634629939,7.710374110547986,2.9376909541815195
p1k_00606,6.500337813767349,4.320669759352013,3.299676855181344,2.2475017966052677
p1k_00607,5.477273283116425,4.275964406531833,3.244113524263989,1.939206801518877
p1k_00608,4.475736642582037,4.218182211134838,3.867381025802139,3.2242902793954817
p1k_00609,3.111603021619814,2.884013562337416,2.813502587105005,2.1582000653624256
p1k_00610,4.528087782994443,4.672095610310777,4.46724125184425,2.741006660804075
p1k_00611,3.4125114908844685,4.463003834136862,3.186099817841968,2.3134233238794346
p1k_00612,5.3506168673758605,1.2623488595599204,5.720984838458158,1.8055167144486963
p1k_00613,5.821486511115474,1.2545338158581092,5.640780373460181,2.3920315379484256
p1k_00614,27.7205971526114,2.3568208474191863,18.03135475307209,2.2408033541080665
p1k_00615,28.27936775695592,2.405352693731639,16.797772543032913,1.504894193327753
p1k_00616,11.403682172063192,1.3110350273244948,9.132018523840832,5.820241341455929
p1k_00617,12.260031919184437,1.802987386661351,9.36176679213362,6.58802743045056
p1k_00618,21.36453774065804,3.3366412205394624,33.62155039074447,14.761148792579489
p1k_00619,24.609174992028898,3.6900855327442783,39.32751963347666,19.80205114745299
p1k_00620,10.208027849055044,2.5200079900397965,11.182566510762546,6.96560225740147
p1k_00621,9.848854326363602,2.8559586570142788,10.462574227463456,5.556036430539207
p1k_00622,45.25767909249935,9.165972707718172,125.58724881215636,54.56122417652596
p1k_00623,77.412614301283,12.9108668326521,187.22532334130784,83.30430771381138
p1k_00624,19.827772875181665,2.1860724332342105,10.628507966806117,6.111778750396087
p1k_00625,20.510316749114324,2.2327214398627806,9.570105221778045,5.67967476852759
p1k_00626,16.609688396689982,1.5588000565958746,11.219621277913047,6.896611513613395
p1k_00627,21.177843620778077,1.9657274030052092,15.893856930700672,7.96531745492655
p1k_00628,19.973737997658777,1.65370084370664,12.277147035985136,6.07777117016952
p1k_00629,19.337052004672703,1.7220692698663822,11.798891676995783,5.974638216798517
p1k_00630,28.610458503980563,1.9901125236482495,12.693571605291115,5.146060160028164
p1k_00631,28.450127600380394,1.5383026658718704,13.470240882401171,5.560887523608655
p1k_00632,13.678433828948076,1.9332363772717007,9.93376607559793,4.840429935828751
p1k_00633,12.469190661491703,1.6058097620583716,8.313045425662484,6.87664120675055
p1k_00634,37.555445654775845,2.159750180942096,40.68065285330838,21.68909797359076
p1k_00635,60.24287074174112,3.9334551477754425,86.00249464073521,45.85012274689685
p1k_00636,19.187772775124547,1.6313786628463147,12.006408314166546,5.362553593440638
p1k_00637,22.99615570262497,1.704136247295316,13.075430264968825,5.864235974058129
p1k_00638,16.307749262016767,1.7953615371744065,10.915854025459929,5.469908678262547
p1k_00639,17.06040643861305,1.4767472178842684,9.945408714636558,6.607142429127928
p1k_00640,12.900669237575125,1.8149612367254444,8.824810488170565,7.018518314157052
p1k_00641,13.574058258117123,1.9005841128769192,14.849071713864667,8.98343714578224
p1k_00642,14.111069538369282,1.9056886274737432,11.713676908641355,6.93089376813119
p1k_00643,13.150086961718394,1.8911197501198111,11.904052160673054,7.016659855427245
p1k_00644,14.452311235104425,1.7713786320387197,10.719498021837346,5.358923922131495
p1k_00645,13.93374880604554,1.7602898132251052,11.075033787341525,7.331144947389543
p1k_00646,51.01336929950568,2.2534501115219703,33.333512464913326,7.582756335184802
p1k_00647,42.66477841201976,1.839395160803718,21.22341338446044,5.4649166525754
p1k_00648,16.948435969039657,2.991430702783421,17.722953076356752,9.05493943765732
p1k_00649,17.464082952621546,3.37514676797323,33.273744185672854,11.716869341672291
p1k_00650,12.488717074058725,1.598551813914613,8.15387992112785,5.932783344880957
p1k_00651,14.002242137179884,1.6865153567110711,8.896076504456637,4.582404733561981
p1k_00652,9.85347136715329,1.7536489594249212,11.23753704859809,6.572159725331416
p1k_00653,12.039773121716037,1.7432459900147224,20.711815976239613,11.735927006796183
p1k_00654,24.77396197711897,2.0085224346707564,35.46657760296176,15.395599270846686
p1k_00655,33.94115001781891,2.5361307246651803,56.11315120862764,29.67948781135672
p1k_00656,10.772701285352326,1.5677404931053316,10.473808592772023,5.917715166871396
p1k_00657,11.02103625617828,2.16347631692918,8.820894747600816,5.724355438001957
p1k_00658,45.50719896735146,5.20209457871224,83.80343167016089,62.1845475683492
p1k_00659,50.15724455085365,5.892615844176369,95.15930592971286,86.71860591168586
p1k_00660,18.867639122546056,1.7556909936528782,14.006993861043716,7.475758399382458
p1k_00661,26.412037476185105,2.988966998177264,50.12697810351468,23.88148107630212
p1k_00662,54.71644957599588,7.840383781399569,153.56110154052237,60.73468579502197
p1k_00663,28.34895837255596,3.336123872490108,15.67866943818757,7.318836669107407
p1k_00664,21.502409423382225,1.9472007340131388,12.013653008783493,5.9064283894108085
p1k_00665,21.54041323581701,1.8833551278187557,12.611855836773968,6.242075689318938
p1k_00666,10.49753571904026,2.373681466270953,7.791299313930978,6.53136369918008
p1k_00667,24.875718787012826,2.781559522297182,44.02097399157999,27.588028229149565
p1k_00668,11.682169520941722,2.8669966940507217,12.044452609149312,6.195355070450459
p1k_00669,12.760211094899631,2.231452286755901,13.397733380129075,6.440603666694617
p1k_00670,13.608850965763432,1.622209494131009,10.45271590488085,5.498434828855705
p1k_00671,14.225683538361048,1.555924511440497,9.016153065032343,6.929977205641504
p1k_00672,29.129902064601943,2.181973470837784,10.985585902209422,5.206417780151091
p1k_00673,34.09208886958077,2.222969260910789,12.139164409153953,4.708656308095652
p1k_00674,13.198146812702031,4.086512388119397,27.443555908977917,14.947101986357268
p1k_00675,14.172236050946877,4.171339459190174,33.51294602260763,14.14318972589666
p1k_00676,18.38189819256977,1.9371233067557057,10.58460529172046,6.180033356313892
p1k_00677,20.42925660425891,1.8006152893419396,10.55424808143076,5.6433757538881295
p1k_00678,12.653348475600566,2.5546887244942127,15.180657020589354,8.610235156493077
p1k_00679,16.406329358708394,3.381845585408384,34.84415711055779,17.82646793074216
p1k_00680,12.45968717498312,1.6928744975744183,16.19080601564161,7.412854647200338
p1k_00681,17.20713841676807,2.163901395438866,56.81673040573722,21.56613940563009
p1k_00682,10.788681091034322,1.5319670885617864,8.779281513157823,4.870944898168423
p1k_00683,9.063260041882575,1.6293931599406497,9.599157880854952,4.668628692290649
p1k_00684,42.172867927392815,2.2104531024161216,14.675018032586422,2.665516458165268
p1k_00685,39.9485541274732,2.248368874370556,13.23070936748872,2.5202764934535407
p1k_00686,44.64622266971694,2.383785179920595,19.868622661340083,4.432565447831963
p1k_00687,49.73545400225083,2.618509825031444,39.27593730023924,10.175200065293945
p1k_00688,87.06845510111191,4.5697805694928455,122.9657548293779,60.36798635269336
p1k_00689,143.80146905589703,7.553993136724761,199.96408949791868,100.71709830556892
p1k_00690,49.63966361799581,2.0455184244966937,17.1789564700634,4.781336539840953
p1k_00691,48.21259177554161,2.016486263501786,14.829063438101985,4.153874485469566
p1k_00692,17.76924545966399,2.8866633147245784,46.671429137779846,17.051721081073474
p1k_00693,19.240157287279143,4.2684430209562665,74.73098417566763,25.377073532302205
p1k_00694,13.256764185141565,2.4625989366079053,14.034201845719924,7.425621526878205
p1k_00695,12.97926439299385,2.0837426710983817,13.046115915430793,6.645575588361862
p1k_00696,13.35916835724512,2.2678998585441685,15.08711338978183,7.106352119848394
p1k_00697,17.33749844450791,2.93118851544208,47.91746475208355,21.26727473641905
p1k_00698,10.332717849990258,1.7537593360738024,9.139603647344092,6.642663066725018
p1k_00699,10.515709313604976,1.82180944109346,8.38025811417925,6.507769487329773
p1k_00700,12.999611264728152,1.331466948097017,10.075882764219555,5.852432025901732
p1k_00701,11.649680342799725,1.7920444468308434,9.133203102293391,5.639913570310572
p1k_00702,13.02850317260223,1.8368485350985757,11.834348717757738,7.220408970601107
p1k_00703,13.630449731599606,1.1994108543643405,11.11763563081118,6.605591051804296
p1k_00704,16.299182415211472,2.547692172451522,13.475706658801483,7.825051439970122
p1k_00705,18.4199733624064,3.0196093025602933,24.943708839784588,10.591446440553842
p1k_00706,15.431935366852642,2.058916625288245,10.886050155244696,6.761989696763183
p1k_00707,15.67368765174003,2.46185036279199,12.327216703681843,6.400327798859973
p1k_00708,44.61433825230712,3.7606605820666026,32.67879641974372,11.168584949379316
p1k_00709,44.823945051278464,3.6671738509445104,32.45016576856294,13.0623728422096
p1k_00710,7.451282258478552,2.298083202574553,6.765114344715407,1.9962607227847744
p1k_00711,5.21141606811742,1.4847550730748047,3.5928988473298054,2.036217535105931
p1k_00712,4.402191923043915,1.114125701287069,3.1211050884370106,1.531841636981506
p1k_00713,4.695890758114492,1.44143718161519,3.261788707450409,1.547127871770059
p1k_00714,4.611607964978968,1.380060221438641,3.812197390478131,1.3919787624292017
p1k_00715,5.8477299795084114,1.4415990184818073,3.388816291227024,1.5646674951069657
p1k_00716,26.58136882609504,2.4466289597253272,15.703202258194764,5.702386830052543
p1k_00717,33.66020453347331,2.3807144222210583,23.34307841882537,6.645330483754554
p1k_00718,16.079676959825207,1.951186360066343,17.58340143927383,4.339205547452675
p1k_00719,15.234093844812111,1.6044602269291028,7.868287192774447,3.45599955562838
p1k_00720,13.403457572705651,0.1133632132605016,199.4733645962268,0.6835602268786802
p1k_00721,24.692349556941625,1.7847223326292478,8.513346450030292,4.302699773899235
p1k_00722,14.86830332906594,1.7820032672491142,9.333534847853048,4.360994705786276
p1k_00723,12.807371084689953,1.387443097349872,5.475750536545518,2.9571493393262185
p1k_00724,8.751646788791478,1.8231138995900984,9.202054653346952,3.5544449497636084
p1k_00725,6.887020927811017,1.283262294868548,4.507210207164541,2.1337114438502427
p1k_00726,7.517952087493469,1.1621867227592109,4.835210478105815,2.4220874822437346
p1k_00727,18.96826747934775,1.8959950503923155,9.002259939355879,3.705602852504093
p1k_00728,13.503222352887724,1.7353809195695882,7.199336459712672,3.413247276803405
p1k_00729,15.069788435557786,2.076775888837069,11.187502960202316,4.112073526298093
p1k_00730,12.051049449678956,1.7572484129986272,7.316147883446222,2.335014796466995
p1k_00731,13.328384929873463,2.356237180205202,9.905522795858342,3.54241540712729
p1k_00732,10.283696457767526,1.8165887918250336,6.965262819945422,2.4239275247786787
p1k_00733,12.099368742802218,1.7504722790008895,11.384107647702102,3.300956131961561
p1k_00734,10.634308032404178,1.7323759689713027,5.192975687411686,1.2147855317170535
p1k_00735,30.18107041687096,3.0509830797721813,15.552310171603336,3.5609278876998838
p1k_00736,14.82979278286408,3.269339995062996,17.349934798306183,4.293356243098836
p1k_00737,9.677549816466058,2.0716510856524786,6.148416632236331,2.25907137786407
p1k_00738,9.944055538482743,1.8395264901134432,5.620101383124968,1.730371437907672
p1k_00739,6.710311167614202,1.69252802236548,4.780246202844213,1.719861273798087
p1k_00740,9.19710990084907,1.6496768269463384,4.7561286153276825,1.351372197308702
p1k_00741,6.734294123808341,1.5740860224004205,4.926467664870023,1.8304873124384813
p1k_00742,8.108617110300276,1.4141187618448414,4.324301426523628,1.28495989496806
p1k_00743,26.035197792801423,2.3129356881880336,9.94748467280388,4.069282374572104
p1k_00744,26.762963976170784,2.4324696035195936,12.761762541505272,5.134328467663642
p1k_00745,7.48827667371958,1.9139955744218584,4.57038710948016,1.408920633620965
p1k_00746,6.339240247660885,1.9848058685226788,4.410409961301922,0.7911060219688357
p1k_00747,6.353381813074974,1.4319705754626149,3.5693978793790517,2.489072189853355
p1k_00748,5.976037288102098,1.395344724847528,4.732748015251999,1.552882246760661
p1k_00749,1.486659605405281,1.5302704299038097,1.9078542020452385,0.8738208663191672
p1k_00750,2.101821721884514,1.5073333945919754,2.401210322409116,1.1854694882114467
p1k_00751,5.261410963764728,1.5199831789243732,4.391591180346288,1.4466325173677872
p1k_00752,5.531745769599705,1.4458966521854724,5.692558281400737,2.1049561446195586
p1k_00753,20.4292103844992,2.8282394448675032,17.88813458958782,6.880916978276683
p1k_00754,27.431090759630383,2.637264004375756,13.850955345795702,4.197189566017734
p1k_00755,5.412985520832226,1.2878559604209685,4.747065111047009,1.5471622979308923
p1k_00756,5.036292583906382,1.155042477706233,4.4051876846172,1.6926618336762174
p1k_00757,4.86179191752935,0.98568479399565,3.5729984324933723,1.7430139186554017
p1k_00758,5.428034916126315,1.4090242828626187,4.676768360178428,1.7008845036536813
p1k_00759,5.624023953257099,1.3793057387433936,3.879608504938734,1.4264460614752834
p1k_00760,4.960456459421379,1.2340409156235683,3.9535709193036017,1.4269803820927052
p1k_00761,99.88945261885246,2.340607399369779,20.76246787718796,24.372704829919687
p1k_00762,88.76130484069148,3.388389103153822,21.25931769395702,22.008494097994085
p1k_00763,11.44420404902386,2.021204533509778,10.436808271386685,3.720995926248452
p1k_00764,11.868738019642404,2.169443527442861,9.84694598283723,3.2696592137210327
p1k_00765,26.65321315119682,2.473870262749644,11.275208869014664,4.7934114590817085
p1k_00766,23.05594247553501,2.0683591986686647,9.64168667253638,3.897374947874865
p1k_00767,10.606781969624745,2.371689947841592,7.750438227662794,2.556482763470789
p1k_00768,10.470754235840849,1.918551184873942,4.533323596583174,3.665372842327833
p1k_00769,8.038692048996689,2.0823579295725585,7.696260826965435,2.260557735335899
p1k_00770,8.211087128173775,2.2328383102806115,6.575767949308421,3.246069007133056
p1k_00771,4.028221776243991,1.1087755641702168,3.0576189526490998,1.302823673341469
p1k_00772,4.543328781769367,1.036014895647751,3.8164919782957143,1.8008058692563322
p1k_00773,8.90006729132688,1.5696478932570452,8.708949849812564,4.734917792883064
p1k_00774,9.259023319466586,1.853831500924288,8.130108433215142,2.923404445283131
p1k_00775,5.096167367047134,1.3733984580716707,4.94496872661315,2.12856918370593
p1k_00776,4.40968615398479,1.3459555472698832,4.73623220748936,1.2577951415025168
p1k_00777,6.625503379585923,1.1327222732286744,5.1419568197374526,1.8817019576264475
p1k_00778,8.69316482017235,1.6020623494569228,9.994639965145732,4.469181144127096
p1k_00779,3.885063152155355,1.275919949441076,5.727393872826604,2.1820560646230684
p1k_00780,3.7919424638309054,1.3565237297590529,6.497456594617428,2.7360751228114397
p1k_00781,6.143417701732302,1.355291025633001,5.256244821455322,2.745996022914386
p1k_00782,6.282889739604297,1.400384289696123,5.839945736660217,1.7654685607647362
p1k_00783,5.25563132783549,1.1388315405826306,5.236668950531317,1.626446135361581
p1k_00784,5.586518587944061,1.4193642743295982,5.1244125958190745,2.360851648241525
p1k_00785,8.229354808375954,1.3063207433841977,5.71744218055438,2.631042412521666
p1k_00786,9.292678740855791,1.6415167383786615,6.362544131682882,2.433078702986339
p1k_00787,6.577733828810775,1.3113931998625157,4.954263326432145,2.3895872333259787
p1k_00788,5.804662350995094,1.398822220735998,5.097381213919902,2.2300895048385256
p1k_00789,7.088975057837576,1.35951813310448,6.833487584608221,3.2631185253642307
p1k_00790,6.165973999741965,1.2544097099410008,7.636086905524129,3.765457163799544
p1k_00791,11.19927946819086,1.1483393347517812,5.832608383074117,1.6515956330139112
p1k_00792,15.58430345915997,1.406741378916116,4.853023640804579,3.4644510518662543
p1k_00793,8.41346839908001,0.8878597890130022,1.830070263202586,2.354626907868988
p1k_00794,12.246730013091002,1.796446075314862,5.915214114060588,3.317357348937364
p1k_00795,23.29403175191335,1.5315870351806349,8.17129335675492,4.034030400056967
p1k_00796,19.797121751272517,1.432650015275907,7.145743739727739,4.165969906802864
p1k_00797,20.56135633077499,2.2548768657765423,10.634874762909975,6.545561987050401
p1k_00798,22.862939810366942,2.4797635507673976,12.1937663993666,5.385156316850106
p1k_00799,22.93292923873263,1.7738489882546118,7.217676148069902,2.595616711958065
p1k_00800,22.96316214381063,1.717890063433326,6.656969576934701,2.291971055628204
p1k_00801,20.553824819988616,1.5080309113326635,5.226448193064291,3.047898809440596
p1k_00802,23.69599227004351,1.4602735717859228,6.833790739278848,2.307294974272072
p1k_00803,14.341820856284055,1.443028275423493,7.32573882276085,3.7149919716364592
p1k_00804,15.535113933326608,1.4777294121698556,6.046933653771944,3.871181859979292
p1k_00805,13.903970989631969,1.2871936008656304,6.435349221288125,4.461110792033624
p1k_00806,14.361930559066238,1.398856704617953,7.50377022827522,3.933980138786131
p1k_00807,19.841575515348648,1.8809307652410103,7.286670777074995,3.680064820313458
p1k_00808,20.296914217332823,1.6905122025369472,6.306897081852476,4.1558896778451215
p1k_00809,20.95022910863821,1.4343566828392258,7.674894988552749,3.527294651756086
p1k_00810,20.29951703240319,1.3908472419125093,7.351121684310919,2.748845039176404
p1k_00811,19.337104492548704,1.2489986408345006,7.200895222519954,3.850258971782379
p1k_00812,20.51313488537981,1.3542734470952498,7.104857514499964,4.339132072773789
p1k_00813,21.58407623654217,1.386262283512144,6.491922458501696,3.3135104285755625
p1k_00814,22.652950210370086,1.448463202388369,7.032804200710722,2.403204417688157
p1k_00815,26.8143233721682,1.7812292908236529,7.486902838745831,2.498734917828432
p1k_00816,24.044642199749248,1.3815618668375165,7.862080027951466,3.388322674521825
p1k_00817,18.58240785503416,1.5507699804296575,4.708029995460397,3.744655383081018
p1k_00818,18.922635438114668,1.486652417867106,7.035631622740597,4.783352384321931
p1k_00819,17.262997957047034,1.3495044845078386,7.039770797375615,3.935343174947039
p1k_00820,21.43572283427729,1.3296217149130136,7.481831515573427,3.629112784081866
p1k_00821,0.3945224680070862,1.4625631966424215,0.5885895628241732,0.6835602268786802
p1k_00822,0.3945224680070862,15.69568954934673,0.5885895628241732,0.9971062617849882
p1k_00823,0.3945224680070862,10.6059348553174,0.5885895628241732,0.6835602268786802
p1k_00824,0.3945224680070862,15.359067686655372,0.5885895628241732,0.6835602268786802
p1k_00825,0.3945224680070862,8.829801536053413,37.51167374745415,0.6835602268786802
p1k_00826,0.3945224680070862,1.90023848953361,0.5885895628241732,0.6835602268786802
p1k_00827,0.3945224680070862,2.441161077245122,0.5885895628241732,0.6835602268786802
p1k_00828,8.36220164198824,1.3802604040821984,5.486074187794459,2.297963593724777
p1k_00829,9.363366080819866,1.5955917112208844,4.699078825440709,2.665469476049642
p1k_00830,0.3945224680070862,4.648128449429311,0.5885895628241732,0.6835602268786802
p1k_00831,0.3945224680070862,3.9082407725341017,0.5885895628241732,0.6835602268786802
p1k_00832,0.3945224680070862,1.3210836923477756,0.5885895628241732,0.6835602268786802
p1k_00833,0.3945224680070862,1.8035883155302128,0.5885895628241732,0.6835602268786802
p1k_00834,0.3945224680070862,1.9780932364862016,0.5885895628241732,0.6835602268786802
p1k_00835,0.3945224680070862,1.7317631356693544,0.5885895628241732,0.6835602268786802
p1k_00836,0.3945224680070862,3.4717900250712126,0.5885895628241732,0.6835602268786802
p1k_00837,0.3945224680070862,3.5759477952364627,0.5885895628241732,0.6835602268786802
p1k_00838,0.3945224680070862,3.3219024736748466,0.5885895628241732,0.6835602268786802
p1k_00839,0.3945224680070862,2.83955641107608,0.5885895628241732,0.6835602268786802
p1k_00840,0.3945224680070862,1.26124762292989,0.5885895628241732,0.6835602268786802
p1k_00841,0.3945224680070862,1.0730077626139138,0.5885895628241732,0.6835602268786802
p1k_00842,0.3945224680070862,2.824401968866261,0.736127555849225,0.6835602268786802
p1k_00843,0.3945224680070862,2.2757995050952355,0.5885895628241732,0.6835602268786802
p1k_00844,0.3945224680070862,3.445839461413855,0.5885895628241732,0.8196914959491285
p1k_00845,0.3945224680070862,3.534457715966291,0.5885895628241732,0.6835602268786802
p1k_00846,0.3945224680070862,2.907510911034522,0.5885895628241732,0.6835602268786802
p1k_00847,0.3945224680070862,2.3924748336236275,0.5885895628241732,0.6835602268786802
p1k_00848,0.3945224680070862,2.8175889583298863,0.5885895628241732,0.7265053632923529
p1k_00849,0.3945224680070862,2.31045477781798,0.5885895628241732,0.6835602268786802
p1k_00850,0.3945224680070862,2.03168424069043,0.5885895628241732,0.6835602268786802
p1k_00851,0.3945224680070862,2.1414370150278863,0.5885895628241732,0.6835602268786802
p1k_00852,0.3945224680070862,2.0528947129208155,0.5885895628241732,0.6835602268786802
p1k_00853,0.3945224680070862,1.6850001093116511,0.5885895628241732,0.6835602268786802
p1k_00854,6.49101990830376,1.5081025640947097,5.267565946198679,2.3246466572973525
p1k_00855,6.33572621146524,1.743342704862824,5.107546263200512,2.769036192302249
p1k_00856,0.8592959795097551,1.6385033660460544,0.8072236124961052,0.8517244316002646
p1k_00857,8.770646650665178,1.0979022788752473,6.532498161794299,3.0331378808935296
p1k_00858,7.658036320547,0.986533457542306,4.18692305153936,2.3850079190930527
p1k_00859,3.7866620336638688,0.9398080964044684,5.160280440828853,2.134056337974139
p1k_00860,12.701658885215767,2.322178117062141,6.553424390817402,3.4666628521076563
p1k_00861,12.32388744591282,2.9116647762300825,5.532776598441195,2.604393956980612
p1k_00862,23.87593723591935,2.3495281698669586,6.183260815873219,1.5032151040663748
p1k_00863,19.65142994963027,2.0198557093732865,6.156047800829327,1.0901036117686669
p1k_00864,7.161393663909421,1.8409421899331704,13.807724395567387,12.398412836837034
p1k_00865,8.882509294091326,1.8974968446075424,15.044603358276742,10.275826844338376
p1k_00866,4.473114941383304,1.6586004854827552,2.3959759619473,1.4133975549016446
p1k_00867,4.855709164882224,1.5906252940340526,2.553597485300389,1.3162402384186211
p1k_00868,7.831076847397004,1.7646550589132708,5.672397414481561,3.0297121797354483
p1k_00869,7.955240972673459,1.7224548734133862,5.755143181743706,2.704186253579078
p1k_00870,9.859738904940974,1.4208973227865078,3.613543727112371,1.626804315271199
p1k_00871,10.465500573147668,1.4942521328924858,4.089678557986837,2.152410316991623
p1k_00872,15.969564188667425,1.0128248753081566,5.375878687623729,3.1571742289264013
p1k_00873,20.28090121240457,1.0120675748328634,6.17781582874667,3.659791029288849
p1k_00874,10.501418754499896,0.8464415036431655,5.541072712416641,3.3119384238410903
p1k_00875,11.088108427500623,0.8888334661753401,4.997783717863404,3.484297132143846
p1k_00876,28.110120511966496,1.2714811529006589,5.081095144824547,3.510745099101941
p1k_00877,28.648906056313837,1.385409298081364,4.537061202217925,2.6077244411670537
p1k_00878,5.753929583507184,1.7922434364326263,5.421700632313019,1.9614260096306868
p1k_00879,5.192756950756284,1.6875433025265507,4.20136421747222,1.3952030509808395
p1k_00880,8.21398209356157,1.3494268684503858,4.329497581879943,2.0596844442849
p1k_00881,9.290919584284795,1.4096875381692229,6.255713497808034,2.790369477270824
p1k_00882,11.386738957560258,1.2158286783629564,5.8811932724742615,5.248999851789207
p1k_00883,12.03523488854681,1.3138504612096278,5.711331299797574,4.0847702397204655
p1k_00884,9.682405694730123,1.7492820035581698,3.958829528843136,1.1981977388850993
p1k_00885,9.04378404615747,1.6405107664586336,4.916204774185314,1.2999715920424149
p1k_00886,25.69539569183829,1.5122601917746006,22.26477939263387,17.930893729788195
p1k_00887,31.99676056185633,4.859082263538828,31.137974175123144,2.2159937640778566
p1k_00888,15.966721698540574,3.283386927884783,11.629646016460477,4.664335580856144
p1k_00889,27.69389958455888,2.0576896378054914,5.0603214111461305,17.307664678098316
p1k_00890,38.38513793291094,1.705092449485038,6.602757733741236,2.7394925211326866
p1k_00891,36.88762269904966,1.786452375987165,6.780093367886551,1.9441549801476128
p1k_00892,12.71578790889378,2.731798147985478,4.405266215670762,6.223375702696945
p1k_00893,24.96949607062709,3.560347914771681,10.164031002329336,9.28901718548662
p1k_00894,30.72244299890524,2.6148126359120023,5.770528033355307,2.491042998315596
p1k_00895,41.61387265254512,2.851609076494828,9.053622243247332,5.627059727871008
p1k_00896,32.95778748913176,2.3257399358344317,8.019002203463055,4.969933167213939
p1k_00897,34.275639355584275,2.586189344210763,13.319932462771476,10.04268605243301
p1k_00898,14.7019843712528,1.343813164255815,6.160753395468957,2.324959674292098
p1k_00899,14.301954461580248,1.2855847215791034,6.348847454716436,3.420076681917579
p1k_00900,42.49222359135425,2.4713410991352083,10.387876486414786,3.752278735029179
p1k_00901,37.36496985171485,3.599573749225031,6.666181663691712,4.490045231419743
p1k_00902,32.524892701947785,4.904642774844524,16.134314160034535,5.68203004059077
p1k_00903,23.04430723252035,4.294813732255924,10.84865412572241,6.464626532342259
p1k_00904,52.69942643259631,5.105951628589041,17.185811630696758,7.1175697579877655
p1k_00905,53.40432420248839,4.736939794541264,15.73682998479264,12.22903404477172
p1k_00906,23.510231690542103,4.751066490013495,11.742323127197531,7.909177868926325
p1k_00907,19.17174561197004,3.9022006993973535,10.552404672907008,8.096041264886473
p1k_00908,34.72873514525539,4.068950876587294,11.941312376649105,6.396544850309202
p1k_00909,27.22363967372176,4.569933920170886,10.734953390318063,6.993306975141745
p1k_00910,15.06432081294929,1.852563116271253,8.064475743300152,3.9400172183789626
p1k_00911,13.212708664980669,1.697118494468748,7.937409985906675,5.079876459722487
p1k_00912,5.889661405649825,2.20013194633965,5.338603908770262,7.308961017059572
p1k_00913,8.390332605979122,2.6637452194561093,9.294481960143084,11.407565434561562
p1k_00914,12.92103774052109,3.776149041719562,10.874183435258614,12.205468517764308
p1k_00915,17.852189182622684,4.699574609853524,14.796614470908189,17.688689140455942
p1k_00916,10.70092071865349,3.117831144687597,11.407179272917238,11.232705325466316
p1k_00917,14.15739897755189,4.020371657252003,9.940201710174286,10.51381666091037
p1k_00918,15.06243681217684,3.488495067520607,11.110985497096058,11.69587598035452
p1k_00919,20.31197386945988,4.041850666867158,11.048664014477277,13.913861698486862
p1k_00920,15.33830764494052,1.5988196279570754,8.873247840377271,5.609771884384259
p1k_00921,16.412207771117483,1.5067084389324386,6.650852446140154,4.732868744903421
p1k_00922,33.909017477370725,2.9949709745198807,16.19311666225641,4.47088785927494
p1k_00923,34.8711616740794,3.4016087939302824,21.67218658544824,4.539952681466602
p1k_00924,37.50203130339404,2.6453823860740853,22.714354225153496,5.061297464873679
p1k_00925,41.90600930938168,2.6249339966092107,25.56998256611801,6.081129248571036
p1k_00926,63.1085185294894,4.697797332062595,29.030497916784704,16.630254342130687
p1k_00927,62.23455774955467,4.088580080835129,27.94678406099528,15.486467385413674
p1k_00928,52.959258343309074,3.189640702624296,25.557299924011133,6.196688718453208
p1k_00929,61.229046245342566,3.5077116720555432,25.22660225087286,7.978676976764973
p1k_00930,21.348486789901045,2.9712884603144736,9.707192864776571,7.328070623039968
p1k_00931,18.730989089524105,1.5265831830372674,9.48807485980805,6.159650962587564
p1k_00932,26.357357196697222,2.189396571567167,13.966538328274986,5.771903572560031
p1k_00933,28.08203072237043,1.47327419699027,10.21264938649432,5.57668925554543
p1k_00934,26.25360468977168,0.8657540173705764,8.19472101159381,3.336612097161982
p1k_00935,25.535341855409385,0.6979032605424661,7.030392621222237,2.995784643096425
p1k_00936,23.609026544491584,0.8402167330539244,8.14687488598662,4.095842684916881
p1k_00937,25.508944215595758,0.8238227366390731,9.775170840707029,2.899694602492337
p1k_00938,157.8146914598106,1.13386370772843,23.7236609778284,24.409604677375235
p1k_00939,171.16178069326966,0.6409876276729346,21.262637784737212,19.76550038851683
p1k_00940,149.9465624872765,1.1688154053566933,19.64191945449785,16.531439090091972
p1k_00941,170.91126910378117,1.4393488094382505,21.63095077714528,19.56595267723321
p1k_00942,150.83640455874155,0.7299858616313918,23.421008396903684,18.663442604714614
p1k_00943,158.9221002216802,0.9129462142870072,23.862507458994223,23.66266910950867
p1k_00944,155.8999974292719,1.1998402168454063,22.300165920516203,26.6171191715377
p1k_00945,181.09139384625087,1.3798293869261469,19.07763657657003,23.4002303584618
p1k_00946,169.70757975286136,1.0499101295625368,25.54252761981576,33.07264176710143
p1k_00947,21.73013626624591,0.9986498569506452,6.773600796270978,3.741794317603784
p1k_00948,20.757252650833987,1.0601131306329874,10.664870216234348,5.3684160989572
p1k_00949,141.09368995201444,0.888983008722998,21.688847080999945,23.825538402557488
p1k_00950,157.72056896800822,1.277636869644945,20.525426691270624,24.216833828120656
p1k_00951,147.48156651130412,0.8986263718061458,17.68257616390473,41.90248541171812
p1k_00952,142.26598707241297,0.9544596891387568,22.34014861421623,41.74907093681821
p1k_00953,22.63880435242816,0.9886969862078124,8.087739303973702,4.305348788518171
p1k_00954,22.05416042272306,0.7514514479255371,7.407420899328195,4.027095398909137
p1k_00955,143.30650524462337,0.9821499295312044,18.503861575926937,20.35455418502328
p1k_00956,159.34217212089152,0.9581100004518472,23.01112873356736,17.49888135968488
p1k_00957,180.97977779989048,0.7957568156928028,22.64777832012378,28.158546730014635
p1k_00958,173.18560480833523,1.0727610480561869,22.91146443688483,27.712621600518677
p1k_00959,25.702627361444456,1.3812109388368488,9.186776903375518,3.328907259219975
p1k_00960,23.96466635113557,0.7739405250026032,9.809613895902258,4.603059830315074
p1k_00961,24.20199903081227,0.656337672069354,8.897044250503773,3.349802540703162
p1k_00962,21.64570980309452,0.6593172210730122,8.878090921664564,7.162337136343829
p1k_00963,17.419162725640327,0.6644517122895562,8.45477408598342,5.488243184530483
p1k_00964,149.68115005131511,1.0320734743365738,27.97283514476577,29.607856842908497
p1k_00965,159.59611389964218,1.021356064916673,22.189594753524187,30.29662980601368
p1k_00966,109.33478056919252,0.6077186162575502,21.757734773694462,15.05040562459508
p1k_00967,157.21570213741435,0.7567117586662687,20.77242051284133,21.081655737428544
p1k_00968,163.7037016335652,1.0928129604044698,21.034821644201948,24.0441203003091
p1k_00969,159.774939098399,1.47114078146041,20.273389046216018,24.82688305411821
p1k_00970,193.63785784583345,1.2203173001005396,20.501234171638163,33.21105562738351
p1k_00971,204.3643541603984,0.9206042534852652,24.46949708153463,30.06051490307263
p1k_00972,25.41019212942206,0.7435445097859112,8.513179195898362,2.969284331936586
p1k_00973,225.76787364202428,0.980073574188477,23.32328663636643,14.288266194464496
p1k_00974,224.18726913493504,1.4915370728223185,24.52100785400937,10.45386434070206
p1k_00975,203.85209755558157,0.9299327908532568,24.351371227297516,21.88707757408112
p1k_00976,189.1366061366328,1.5061271551394066,22.94254681605561,24.29467225111847
p1k_00977,24.99163046799224,1.021737349235801,9.29341552627506,2.0226381404791103
p1k_00978,21.604797520484272,1.056464473023614,7.945752873741282,2.311440984759548
p1k_00979,211.37816504743688,0.8416415612637627,17.175328378725386,12.65945743975864
p1k_00980,171.98122658223485,1.1877038012265877,20.64617832091152,19.2536532038947
p1k_00981,203.6365850272527,1.0303903184450858,24.064239834757267,25.695487212120824
p1k_00982,190.62820953502884,0.4065953293890309,26.440622131414,32.001343269247755
p1k_00983,24.4311513402682,0.95364012692564,8.776466096943729,3.082712073859576
p1k_00984,27.3051262465223,1.0466821317627315,5.854739292191428,5.493532577863342
p1k_00985,28.764297505075707,0.6765532864166368,10.71373603147508,3.8286498385141248
p1k_00986,25.068662976872652,0.4818694853501878,11.658703916680931,2.071821783680254
p1k_00987,164.64264147553712,0.7726787187447209,22.095507270006056,23.93209310867852
p1k_00988,162.26198044329533,0.9947014188830864,23.35674493502857,18.126383706345845
p1k_00989,198.07034299111592,1.8273212550711884,24.094055920302047,18.11729215223779
p1k_00990,141.51799716655688,0.6605713131529762,26.675627441064314,21.298350969606428
p1k_00991,193.62033241306543,1.0902063617692546,22.46792487674712,19.063813478141544
p1k_00992,163.64055241555965,1.5412121194749402,17.19048654483294,21.942652346884856
p1k_00993,145.94238324146482,0.988130166301377,21.759200322947493,21.27062242804668
p1k_00994,189.02820930187417,1.0714305271427529,22.844569552669157,32.23911495895698
p1k_00995,198.1022724570309,1.2504334379418245,21.5926775488662,27.945915246924127
p1k_00996,29.84246554763185,1.0678673491119002,9.003722370469326,5.861615953688311
p1k_00997,25.769021198732347,0.8958193985398852,7.874453134881318,3.724018978703078
p1k_00998,29.89350804351909,0.8255692967532656,9.757888182203502,2.446720874198246
p1k_00999,136.46684485372825,1.245295610383356,22.338524825346216,20.168093001486465
p1k_01000,152.4437488733115,0.8961893535725584,21.08418854142228,16.608782130147873
p1k_01001,180.70233879141708,0.8699268835685937,23.65582208737061,29.862251645333437
p1k_01002,156.60443684110348,1.061494685075942,19.50414756081782,27.034864841999568
p1k_01003,17.90258400687563,0.8953864934426974,4.9145510023766334,2.2432552391395584
p1k_01004,18.19243430843288,0.7992195713142636,6.131371180637979,2.1369500311029914
p1k_01005,113.64624113392816,0.9402724041406662,15.610872994363328,20.05436432502781
p1k_01006,113.27162011506562,0.522435938016259,25.35309441815724,20.656037631519776
p1k_01007,135.68622125635497,1.0484057855994378,17.57530914116126,26.430235863956398
p1k_01008,129.8586031129457,0.7395650398057614,17.491603590540297,20.735651335469484
p1k_01009,22.40331840679528,0.9051821375242916,6.173278958721257,3.2608665127586285
p1k_01010,23.45641000599744,0.8835765970928766,11.035331443250335,5.303799501875118
p1k_01011,23.18492385074688,1.101389761542209,7.153155682899204,1.2661591699603796
p1k_01012,21.358629703266555,1.1651160969934702,7.5765610492706035,4.71470268638587
p1k_01013,19.012644771234044,1.3079404492033389,8.368744897440445,3.310757441624033
p1k_01014,18.24589476288517,0.9388630110930092,7.56314812863187,2.432866733219983
p1k_01015,131.51417811856547,0.9607268166624204,26.91340837991056,25.30945045063728
p1k_01016,151.23478569992628,0.6130262546829637,23.78902944793928,29.14490601607359
p1k_01017,131.07625175569626,1.178876515898102,15.633969201597171,34.254918894785646
p1k_01018,25.70997465498472,1.2290481706054173,10.567283141999637,3.643992769316669
p1k_01019,23.42459657172045,1.1000341502475317,7.216187952857807,5.144023784033377
p1k_01020,111.70295882237755,0.6381939107463961,14.869548775394582,20.4553344498069
p1k_01021,176.70473997847907,1.1761950909057086,18.49603634259058,17.98071741237691
p1k_01022,163.36223773146313,1.1629600098782222,28.349065729243154,24.8827225171064
p1k_01023,167.1023921103269,0.9019785402145264,24.49583769074305,27.140425431121205
p1k_01024,148.31290751381238,1.1119296137778607,27.36619433445687,24.80652821389581
p1k_01025,21.21978345148694,1.006887973688816,8.028473625225235,3.460631037730795
p1k_01026,23.45215063673683,1.2368935662218667,5.638354255034527,4.268854387900137
p1k_01027,170.86306062424933,1.0609670251485457,20.20302818046744,20.519657544337456
p1k_01028,79.05338446671585,0.7552602282852046,15.99395805274113,15.19274528358672
p1k_01029,158.0966485094019,0.6346775772896076,29.441444328294136,24.545315254291797
p1k_01030,175.00038800466868,1.3733796573382842,26.17203457651676,25.02179327061171
p1k_01031,178.8161595714548,0.8553623714340021,29.32049409108552,27.61718478880148
p1k_01032,22.44036964616331,0.7272743866886697,7.477079815068746,3.9004093855802178
p1k_01033,19.180880071218912,1.2035089091847797,9.678044161630435,3.606123543315696
p1k_01034,171.683262378322,0.7129463968913475,22.437663489150697,21.17530314641421
p1k_01035,156.51741461318423,1.370872078500459,19.71822578548764,19.24291085584485
p1k_01036,168.76288898173948,1.5164191565966103,17.277828172778687,30.13238502205298
p1k_01037,166.27911740786,0.926132090366189,24.98562022486787,26.862954463931896
p1k_01038,165.36397282972592,1.4137048780414576,23.03915348618109,26.585618255265626
p1k_01039,19.88098758398416,0.991069009577722,4.715555213855773,3.064277792350783
p1k_01040,20.457702421720214,0.503551176997779,4.793020315705233,2.888473647665648
p1k_01041,97.138470493186,1.082400864785102,11.267669185033409,11.361634455840807
p1k_01042,173.33650862368236,1.146183537047085,23.74600766084702,18.062958365782816
p1k_01043,133.9437926657698,0.6183862142406616,17.974157234494722,21.96501408256416
p1k_01044,140.1947235438119,0.835491912588395,18.17213564996314,20.62058478799555
p1k_01045,12.765682370900205,1.0054661490302472,4.333822496629523,5.868779152109848
p1k_01046,12.149139215483292,0.6467710094745648,5.291238066039762,6.10918226618395
p1k_01047,66.7911814079663,0.6819513974099468,10.614203706879165,17.292481387599565
p1k_01048,64.70181421336662,0.7764308149944933,11.925820736309872,14.172505154385856
p1k_01049,61.792485493123706,0.6688631381597524,11.10896876019114,19.9365528903961
p1k_01050,62.75045142000736,0.4972639370120306,8.86195603745498,21.509654808174936
p1k_01051,60.82356809626054,1.1173451019782192,6.489483100244696,21.95881740797227
p1k_01052,26.986803151728783,0.9249685339812268,10.996303405175258,3.18517897618694
p1k_01053,159.46174809430616,1.2400926548028246,22.908331636703217,25.019787258168943
p1k_01054,181.00125307235777,0.9663703089689604,27.28230624845643,26.94745441475292
p1k_01055,171.43938849844386,1.8347640461266137,18.48881057851014,21.560196860423343
