,b2421,b2422,b2762,b2763
p1k_00783,1.9567741780013277,1.7621732458714183,2.7605656465843103,2.3236548721163928
p1k_00479,0.285089830574183,0.3452301236579975,0.3468574451806078,0.4590625726186303
p1k_00590,0.3426020411903774,0.0276165300485322,0.0611447363163506,0.034117742383841
p1k_00256,0.6042483845153644,0.7936911433928305,0.9467064162145402,1.057420438913785
p1k_00540,1.8292747695489704,1.0572007297967654,1.5857639119179063,0.8885993160336452
p1k_00597,0.2848207500643559,0.0230097727427024,0.0222518411970667,0.0151306581586783
p1k_00876,0.8859877819219052,0.5685298395400775,0.7636358151305067,0.6285704282531591
p1k_00939,0.5241644388141852,0.4714270018415134,0.2159573873657625,0.3120686180106004
p1k_00774,1.5451018416316542,1.46892618310954,2.0180035228858197,0.964989324292066
p1k_00231,0.6353352822240802,0.6655285713826475,0.7592849728924864,0.6145525568471005
p1k_00342,1.1227987353477595,0.7839833340997192,1.1442180768641648,1.172333568790524
p1k_00818,1.1891518241906032,0.8719980585217644,1.256171182208787,1.5823588875966357
p1k_00029,0.8162263530728837,0.8275363490729879,0.4496776142541593,0.6992620692897761
p1k_00092,0.8123217971160758,1.0920260902790266,0.5277218069155827,0.8218169325947124
p1k_01011,0.8538647227965472,0.7197584521863479,0.7624014359785858,0.9976291974999126
p1k_00449,0.7497066582020115,0.8539361472384471,0.7148047012068389,0.593746237794697
p1k_00050,0.8508899777941511,1.3114437396879286,0.7369888664095139,1.009743389386766
p1k_00265,0.8185248613653736,1.203658624229106,0.7373659625338256,0.785093126792681
p1k_00729,2.133286894247196,1.7261074273623136,1.615572652237123,2.312566982066416
p1k_00488,0.7861568562875848,1.6319860043031948,2.051491034035863,1.9368549428176176
p1k_00703,0.9370573325580084,1.3436766634730788,1.48715601602574,1.7788475466765332
p1k_00026,0.1877028414502637,0.0802675043643186,0.0165436420941147,0.0165239051128554
p1k_00483,0.0811777543493979,0.0186770256010722,0.0125771407352527,0.0088397485590027
p1k_00979,0.3003951524468795,0.2719335830230471,0.2076729701140582,0.2689565193956467
p1k_01055,0.5968327401265896,0.5253597090678535,0.3438942404720503,0.4131890483901783
p1k_00627,1.1661142358906884,1.1336204977988489,0.9212462916742978,1.0991096984324282
p1k_00228,0.555999654667146,0.7746317265112131,0.7378867299343024,0.6630075921707089
p1k_00052,1.0572474406924974,1.3354109980480549,0.7878723940977719,1.1510833501046136
p1k_00773,1.51338745574834,1.5515214753111108,2.104179380380417,1.051604615440885
p1k_00387,1.146274381835941,0.8445653956695237,1.2445766002982803,1.1113974867672554
p1k_00172,0.6287933377444794,0.6015590872263924,0.7544570657175224,0.5664508078566535
p1k_00938,0.5600585622945619,0.4506599400287211,0.3295549130685242,0.4124077755735461
p1k_00290,0.6510521483724656,0.7617052381058893,0.4997234321207614,0.5788121065514376
p1k_00530,1.7994518899993963,1.4011274637636908,0.9506475802759524,0.7744652712957557
p1k_00425,1.6422866651033077,1.9146037444801625,2.43824353085899,2.4583894298316986
p1k_00759,1.9646799269418265,1.3903743902028691,1.4876013496797296,1.7327989898167269
p1k_00988,0.5215641954664664,0.4326237813300769,0.3449681463397251,0.4354894653204819
p1k_00154,0.2255726476464429,0.1019773178685176,0.1057999957051685,0.0402708067643823
p1k_00171,0.5896302600067944,0.6498591651080928,0.7723189309397028,0.6020265725924137
p1k_01010,0.9670690683417978,0.7527077434226437,0.788926034344515,0.9182045722869648
p1k_00544,1.2819787303338497,0.704142840571972,1.044826246794574,0.5835423144103614
p1k_01052,1.147642327571216,0.8420612377487895,0.9343554694794668,1.159281476101794
p1k_00482,0.0378770404129035,0.0340691848098891,0.0292650934753721,0.0125458547740077
p1k_00370,0.8600414173332208,0.2570540685878864,0.3820248298666056,0.2954766751401315
p1k_00951,0.4607962821586833,0.3905445111944773,0.2410038234240168,0.3001439687864947
p1k_00664,1.1164633130308392,1.2543608994299582,1.0006872710713313,1.121697792647379
p1k_00913,0.6327684412567114,0.4276637325749971,0.472040102878289,0.5743258676568803
p1k_00870,1.5835688475746204,0.9903192887180904,1.2828322304909827,1.072318159821227
p1k_00589,0.2802554360427303,0.027709950982646,0.0790071083994731,0.0403222651665914
p1k_00138,0.3735505201634982,0.8335260140353765,0.0977867123132396,0.1112979529317261
p1k_00499,0.0738660150012735,0.0583388528415794,0.0395031674887897,0.0308466967200518
p1k_00626,0.8971123968226719,0.7351109001274252,0.6120453280846356,0.7539328255235098
p1k_00907,0.7431393204652732,0.2823478644754648,0.4854275056167171,0.4347941375498134
p1k_00510,1.0424871263706394,1.3046513653398513,1.9638653480377968,1.904192102734606
p1k_00207,1.047553022054356,1.1913681113989638,1.0843118965932133,1.1577457844882837
starve_series__t01_starve,0.5582802138877905,4.851603785284176,1.8813521929299128,2.770358370852473
p1k_00575,0.4705174571612441,0.0492883751548597,0.1266255868177822,0.0470265098694921
p1k_00381,0.9908863296128638,0.637205993546663,0.7333322760389677,0.8041207312368904
p1k_00070,1.105155061732952,1.0821018084136094,1.1009813723806414,1.2803366434301375
p1k_00255,0.8111960424208117,0.7525360904320633,0.9396628582417434,1.0257191956981189
p1k_00054,0.4533836926107137,2.750257263556454,0.537532997443623,0.9441269790370588
p1k_00634,1.535273629638281,1.5516867480125922,1.8944943233875349,2.15355099757608
p1k_00757,1.7256971332712456,1.2843448126806696,1.496938387789826,1.6712478333827356
p1k_00536,0.306493891066224,0.0308945887818236,0.0209051720780196,0.0151178177347899
p1k_00281,1.1661498229644631,1.4081151835716583,0.7288467357620264,1.2431684848150175
p1k_00522,0.4086404624683774,0.0454440260411311,0.0246527562951763,0.024129314145065
p1k_00880,1.5692141723325124,1.2757237781711075,1.3746593893675163,1.2697533631523898
p1k_00701,1.0108018164664625,0.9457515914081552,0.9856585147935756,1.239000411817606
p1k_00306,0.4658493647153568,0.8406388651026705,0.3821834901107677,0.1471601673332121
p1k_00341,1.1719043501449071,0.7865104978103052,1.0696964617799385,1.0965637012089746
starve_series__t10_starve,0.0208709657697587,0.0498254536298258,0.0313109707849981,0.0137898110008386
p1k_00781,1.611931092212746,1.4101738344703831,1.2799693703808634,0.9495799391485592
p1k_00196,2.1623803530353056,2.898103570714881,2.240214721118376,3.0231426571757107
p1k_00652,1.3692411294691902,1.2664293122517922,1.241494701209864,1.5004980208195038
p1k_00742,1.3774565751542702,0.9357826742695418,1.0265650549016945,1.0501723874558069
p1k_00641,1.6289852288541156,1.4540871509390323,1.5498351911001147,1.964856254146384
p1k_00252,1.0176591755473814,2.0875803799258,0.8795473404405175,1.0372411925420384
p1k_01015,0.5521375985362366,0.3952097957465962,0.3215669761945416,0.3871397709539942
p1k_00258,0.7784350322907588,0.956033987645048,0.7522112200396088,0.6450138150749658
p1k_00180,0.7723973544431468,0.8689928958815434,0.7407759381922114,0.9225391004060528
p1k_00276,0.9423271291984436,0.8173047379417168,0.6164005285306129,0.5672497680152512
p1k_00417,0.7404202419897461,0.5437060776279569,0.8769928404320213,0.7060374065385038
p1k_00448,0.7230091864100517,0.5018680071903678,0.8386958572604282,0.794832190134827
p1k_00770,1.743742493003588,1.6940168994331788,2.240522491396078,2.2490700885165857
p1k_00344,1.7490253881581457,0.9622384685375426,1.3766909111412269,1.361751496847046
p1k_00772,1.6822970679698506,1.385080987490442,2.7490642951213284,2.1266084182828124
p1k_00297,0.8324773078424398,0.7843688927496384,0.8958639793358162,0.9175228274797582
p1k_01044,0.5952648681608931,0.4891596826270781,0.290131876203416,0.2721459859527076
p1k_00305,0.5877920298294472,1.05501224889761,0.4680377401172943,0.1909633618418532
p1k_00465,0.0560080555941043,0.0485166878580331,0.0430304893447294,0.0218867870400577
p1k_00978,0.8510464580555759,0.5757166047072163,0.6184220784458637,0.6384600675456299
p1k_00841,0.3097675168621572,0.1749429782265305,0.2422936854336596,0.2511804613864618
p1k_00811,1.0222431057361814,0.8192695057515365,1.1616238197313629,1.470692344054404
p1k_00372,0.1624481403047536,0.0225051622182688,0.0177007855269968,0.0189131766319295
p1k_00933,0.8247699893711833,0.8690781549099926,0.535298640215139,0.5210627000376277
p1k_00166,0.6813602040220569,1.0748180592201,0.8132100523380895,0.931130004344498
p1k_00948,1.0237343770280294,0.6526514162137369,0.7109421398375768,0.8764552999981765
p1k_00814,1.1616289970263491,0.8442382820445109,1.0363624879771214,1.352987181530868
p1k_00747,1.8176713866302008,1.3736393678520142,1.6073209407959663,1.5654618329551324
p1k_00365,0.0529314739649157,0.0070517515875903,0.006837230038825,0.0063682773695684
p1k_00412,1.1570639506005944,0.852561512046067,1.6180226459918865,1.4163514277363485
p1k_00614,0.2461845127294558,0.042593659092283,0.0491545741461864,0.0259744951703986
p1k_00667,0.5089885907502405,0.8942602700952048,0.3580844938422631,0.4781122283181582
p1k_00653,1.439423030997508,1.370545179651734,1.242381056353137,1.5464905996225613
starve_series__t23_growth2,5.117792208069737,10.982280406122708,6.632954272902756,7.749937351153466
p1k_00668,1.8091972347369845,1.4327138451644996,1.0064331634274586,1.1946310840477898
p1k_00798,0.998780068176176,1.0326007213183068,0.4697511494689981,0.7719937956396846
p1k_00128,2.170893468773532,2.548317197832468,3.1558696094784287,4.511538849306167
p1k_00941,0.4637984432613191,0.4420359229742307,0.3871616105458084,0.4881906749851243
p1k_00165,0.7449795837458995,1.2400460129345836,0.8997069796074587,1.1116531507954317
p1k_00259,0.7609684434200542,2.4099413926667674,1.3487123212997458,1.4438645707314055
p1k_00393,1.4982316746992643,1.3890201238958848,2.7901936596205448,2.534274834657517
p1k_00532,1.707874658540838,1.4268594144362663,1.139496964167825,0.8244296200683094
p1k_00424,0.8914483923443833,0.8202367199054436,1.1083191687317504,1.0265074421622498
p1k_00807,0.8530881791422829,0.5050577279425366,0.3337207585749068,0.367450484773107
p1k_00404,0.8300976462433518,1.1627893886968272,1.451820345416499,1.5605359349170795
starve_series__t02_starve,0.099807720409199,0.6673320581777232,0.0449232383656247,0.0411984189978899
p1k_00316,0.9487848358442468,2.204429323104743,1.137260130544367,1.4087524681329355
p1k_00760,1.7663633533266054,1.304247377964159,1.41246192296982,1.6378622689221392
p1k_00775,1.6165382763915075,1.2313788915330055,2.228296680232737,1.7456944823785834
p1k_00433,0.7038387952321451,0.8482867972012138,0.8547482138476884,0.9532304223569852
p1k_00035,1.0887666262620883,1.7438166054000364,0.8967553671734292,1.2402652849315097
p1k_00126,1.889371498285392,2.696502067476944,2.0400680519952763,3.4575561221121616
p1k_00629,0.9796583712059967,1.2781044926378615,0.7909599350516034,0.9363254324027188
p1k_00755,1.862524244144526,1.446972400281076,1.6074544367687988,1.7863440433193027
p1k_00884,1.9198196949774229,1.0593749885066837,2.010694871632702,1.8834830032890848
p1k_00193,0.347304436482085,0.7085075362548487,0.3399483774566531,0.514544094112549
p1k_00298,0.7716965488977094,0.8433371953752701,0.9444418738062476,0.9975504859669388
p1k_00007,1.1497093845908508,2.2843971534669745,0.9133559328095942,1.236565587179721
p1k_00268,0.8124503422946127,0.7971982288328683,0.5823034126600127,0.5812129108754709
p1k_00516,1.9120285626007816,1.7998974204681828,1.3400275260754786,1.0093410902899824
p1k_00619,1.1369026694517816,1.359610518206856,1.0882219381502762,1.50365995207754
p1k_00822,0.1417689723639178,0.0488863880458343,0.6436938929019521,0.2419188390373211
p1k_00267,0.8609325721884414,0.8918027954182044,0.6823312307380418,0.5988317703036394
p1k_00471,0.4311006225445032,0.3445124251326226,0.4850959772924004,0.286482464123617
p1k_00669,1.494139993682884,1.5042371494306164,1.048903537174505,1.2501554185552486
p1k_00408,1.2101901479660293,1.1197770870904786,1.2767384873589696,1.3750087887002294
p1k_00927,1.4671281102326923,1.4975560096177434,1.0135698067383816,1.379310646966185
p1k_00998,0.9806790445837604,0.6147791194054782,0.4869810995171955,0.684340291839106
p1k_01008,0.5749782730598054,0.4098865681110334,0.2421109308269004,0.2953289030330164
p1k_00727,1.6884870868534754,1.6005822385155364,1.3283377533124563,1.96001698715124
p1k_00074,0.996902407535572,1.067390127698247,0.6629107865621067,0.841168889314436
p1k_00218,0.293251240253678,0.6454513958103798,0.2627636164662951,0.2702753373625858
p1k_00195,0.6139012259531901,1.4078304992103352,0.5015582661737173,1.3007036171554074
p1k_00574,0.5290623173300348,0.0471986050586235,0.1790725487695255,0.0514394197496942
p1k_00817,1.212005842189309,0.8566880538665447,1.3167540884603612,1.6106662380229002
p1k_00740,1.1657359090000214,0.8069513756653988,0.851859341325903,0.9677607021416752
p1k_00967,0.5171960072745609,0.4255074738369412,0.3559792428747181,0.4490608727817044
p1k_00513,2.2467380084148334,2.1953479793171176,1.1267697540552484,1.036842551475986
p1k_00945,0.5806323603731713,0.4240836738620202,0.31439468498538,0.3364951981713823
p1k_00995,0.717975552990887,0.4806353644519359,0.2716971257880253,0.2974237700058933
p1k_00031,0.7532069650470702,0.9525419239287316,0.5470396454688276,0.7790392819050039
p1k_00508,0.0914710497371491,0.0546819921594644,0.0451817749552485,0.0340428985649438
p1k_00591,0.4498079387919321,0.065937582865202,0.1909978317936045,0.0746027118280339
p1k_00902,1.2217141115067334,1.3310984409800422,1.052092392441859,1.816853959666364
p1k_00930,0.6735139826717893,0.5719987197130373,0.3364928525032383,0.3136140893173572
p1k_00270,0.9976612809674036,0.9482111290304516,1.05642310638738,1.027168294686536
p1k_00686,1.7295754939038006,1.6565432205634036,1.7250010272190306,1.7474521049158975
p1k_00263,1.1153185537602983,0.9006948746454471,1.046857808708349,1.1615694426191898
p1k_00502,0.732350830496064,1.0341634605543666,0.8970351121638986,0.8876774927546738
p1k_00578,1.5599844539946766,1.1058589005080823,1.565632589632949,1.157854636700705
p1k_00038,0.9145394067706868,1.7398573161046391,0.8015173427514283,1.0766334952539198
p1k_00426,1.624301890785505,3.155323490575183,3.6895860898710193,4.100749959565952
p1k_00441,0.6025117480257273,0.3383053492094073,0.5349118694886643,0.483658582233866
p1k_00856,1.4252095614289175,0.931448863303082,1.7076981106889473,1.524437319092631
p1k_00863,1.665408206663888,1.210592955568785,1.045366840580657,1.0613585583272018
p1k_00248,0.7230460681124399,1.3998902803220643,0.6368846411270647,0.8019700191030367
p1k_00093,1.289194589668767,1.3475217543589528,0.865282186843771,1.3894883370132858
p1k_00691,1.6612269997054931,1.79091786745592,1.4757969751297075,1.3875075761768585
p1k_00304,0.8768666246027814,2.154648777034025,1.1714008732065824,0.6580329770732268
p1k_00103,0.6163659285784715,0.6384623955362937,0.6484130216726297,0.9742866805444156
p1k_00324,1.3347436246100095,0.9025963002151064,1.171170305248413,1.4051278318959
p1k_00558,0.4762904856786108,0.3846645887499717,0.757918798449293,0.6025233076985489
p1k_00637,0.6328575250545015,1.167370465842815,0.5406156479709556,0.7082096853412703
p1k_00191,0.8614115883316557,0.9359750312152908,1.0270955515397906,1.1912158233506585
p1k_00519,1.9864854466208937,1.7144810412211218,1.5786675921321784,1.9592317343074044
p1k_00146,1.1698371646395782,1.2373851060685044,1.0539268074982968,1.3079170219674063
p1k_00014,1.4227709144922842,1.6780262260641106,1.382164343780303,1.7416654347208824
p1k_00189,1.2000203131269245,0.9484591655031284,0.8146306194919595,0.5730888398281457
p1k_00351,1.2612017124364814,0.7884156837827248,1.2127213467135811,1.1628779987504194
p1k_00678,1.3057235442265596,1.2632354202045353,1.259376678963527,1.615620942252067
p1k_00157,0.7699326668504091,1.044593747151511,0.8455806933522237,1.1474257207609493
p1k_00631,1.3076105951851738,2.4960921514240613,2.466169840724402,2.433868696573655
p1k_00955,0.3332215039910504,0.3502331410495828,0.2747238256645749,0.3336912837468646
p1k_01000,0.5949419467981955,0.4620070953472425,0.3373034608854007,0.4176185952037375
p1k_00192,0.8037605019738397,0.8971588264085472,1.0536151438208563,1.1837742909666928
p1k_00399,1.124027047815552,1.1838117971580313,2.5633302977887533,2.0685822751221417
p1k_00394,1.222484465069561,1.2062578382270184,2.525318102758985,2.198409296404141
p1k_00601,1.024668075574919,0.6522179111927932,0.5560478477973361,0.4358503466153221
p1k_00897,0.6389567334225495,0.7434913587394123,0.6206730316353444,1.2443998697622725
p1k_00141,0.5935747854830656,2.610141941898294,1.063893326322434,1.093247367904668
p1k_00675,1.3743606865196412,1.7532722478980705,0.8656287247452369,1.2270879907616543
p1k_00991,0.8081184157952197,0.6345413905451815,0.4905280835095179,0.5647338956905016
p1k_00924,0.8165985912339212,1.3034715252456834,1.0510630538259222,1.6006447965206336
p1k_00356,1.523035356865346,1.063493684531566,1.0615286527862569,0.9145260960167364
p1k_00208,1.0233980659411337,1.118853498725,1.040975905279924,1.137493696863378
p1k_00427,1.1932721421199315,1.5992373260989887,2.059321940768242,2.3558480129552555
p1k_00436,0.7534927946048324,0.6845446174209573,0.9674911442568698,0.8222009192500089
p1k_00438,0.8978808560975758,0.7577573611018978,0.937722145366874,0.8723326212522595
p1k_00470,0.2715413272653265,0.3625197240918899,1.2073201632696942,0.5185842659375828
p1k_00511,3.100025139476839,2.99318330216012,1.5696878145510542,1.6250926166476982
p1k_00983,0.8374490923590916,0.5001232687110984,0.6580248525652738,0.6657969815843876
p1k_00421,0.995223106770374,0.811401593529364,1.0577480866354063,0.9713825190217824
p1k_00291,0.6995337363969232,0.7139558663582123,0.7897290447150954,0.7700297551593743
p1k_00549,0.6920238634016012,0.1985842038444519,0.7370073064950277,0.2729872164947998
p1k_00800,1.3687299534321735,1.0059933260057812,0.6636007831466383,0.9309923336963222
p1k_00966,0.84230529643775,0.5969261454610955,0.3351309456860118,0.7298496525601497
p1k_00164,0.8768906596816024,0.6262705427182509,0.8228935660053627,0.6725544313141346
p1k_00477,0.6228590576139715,0.5812680239580473,0.845058234691811,0.9455885078291004
p1k_00512,3.234707168805149,3.3274572361200883,1.6787672372079456,1.8087838475691569
p1k_00143,0.6256474265957237,0.9651378631202604,0.6856877621655908,0.9113860661482464
p1k_00606,0.3854982406373851,0.1073054784155482,0.1243319642757795,0.0762218138717563
p1k_00824,0.1717190251075508,0.0439158079001594,0.1501149856501927,0.0522129840596886
p1k_00906,1.050043863074717,0.5955385056543788,0.7696650661023469,0.8004791370060257
p1k_00976,0.5503101670766567,0.4707110515980922,0.3850143494950557,0.4563524084833487
p1k_00643,1.524773663742596,1.3021583976136943,1.2629983995779188,1.5827901672362776
p1k_00161,1.339096352340214,1.0151568079462927,1.902862942018235,1.854627546090678
p1k_00505,0.4117452366272722,0.3807642744630655,0.3092512389114384,0.3540940225603942
p1k_00548,0.5177954255658787,0.112446148425614,0.4727785549400198,0.1479198063236757
p1k_00568,0.5143052807184532,0.2347502474929764,0.4097358359059331,0.1923802452096946
p1k_00923,0.9753257634667156,1.5768082888621364,1.0337480077594678,1.737661967777458
p1k_00649,1.1908376250442565,1.0657684443377191,0.9762000880699389,1.2415186467865302
p1k_00910,1.173483292239327,1.160152346377322,1.1304220299009384,1.146430890329513
p1k_00235,1.2846588912445347,1.0810668111418809,0.791077392433175,0.9183119126857526
p1k_00500,0.0936891759479891,0.0356247505882223,0.0450621795749984,0.0282394833005161
p1k_00719,1.4161252872567,1.6152135784621553,1.202407671535436,1.3308475117489844
starve_series__t25_growth2,0.7979779468357392,1.4866497328748105,0.9162534525908014,1.3991183850576083
p1k_00893,0.6748764548152935,0.6810446363657526,0.3902901462588168,0.7102533142788782
p1k_01026,1.1389394527585517,0.7228590729673926,0.8552007238450834,1.085137642338253
p1k_00858,1.1101670145699818,0.5772330941859891,1.350987704732371,1.1199453930022802
p1k_00476,0.5344734196669387,0.3752982101660828,0.2858593635940466,0.1964297620191991
p1k_00367,0.0662727401337538,0.0067569005377544,0.0070304535838012,0.0063582933262673
p1k_00109,0.8278817321765001,3.74736666090997,1.2544186892020868,1.3164993973810954
p1k_00204,0.7553899673594723,0.8782249326410473,0.7559322585792563,0.736440211626133
p1k_00302,0.6789567265309847,2.339224435742595,1.3925728861066782,1.5214435081907611
p1k_00712,1.6248997137229433,1.0370583869848826,1.4350796342896843,1.4300809090234028
p1k_00820,1.1810834896030094,0.8962463235949348,1.2802582456859133,1.6646982774593213
p1k_00145,0.7386602934304755,1.0348153409596812,0.6412115118739762,0.6680934829620149
p1k_00314,1.315131331532177,1.0737432901851782,1.199011349535571,1.4054471918118097
p1k_00975,0.4151313331209543,0.461402127369158,0.3219147790032625,0.3708971271633328
p1k_00639,1.3523364511822522,1.2756417394779669,1.6396555726451596,1.9250910009009763
p1k_00241,0.886768643539215,0.9779421605496532,0.9023432468724656,0.993562757497715
p1k_00599,0.2973604084311276,0.0328937757655396,0.0780854302433322,0.0369214730928307
p1k_01025,1.0366726730963995,0.6709235670170106,0.7913427533629389,1.0146649731639896
p1k_00746,1.7396290986838114,1.924832978787138,2.436458397941148,2.157575334762205
p1k_00563,1.1458986298864342,1.080770735632571,1.959097984553905,1.6371858807441286
p1k_00850,1.5211689364999303,0.8247434900920522,1.6140353749244056,1.4092638105628048
p1k_00859,0.926106937536025,0.4715948253893166,1.1842907197822663,0.8815876018480192
p1k_00879,1.601284014465461,1.1312701674195078,1.4379430116090428,1.320677714264187
p1k_00932,0.8651232452808804,0.8583325024374308,0.5198901469522119,0.504395444837867
p1k_00045,1.9419398457610748,1.618924903045289,1.3168589815385512,2.392294711616939
p1k_00736,0.8250204886705421,1.6894446378831014,0.9283686066447432,0.9618125105735305
p1k_00075,0.2862951076130431,0.2812594840816348,0.1961827263878861,0.0804608113445711
p1k_00167,0.0889050008348879,0.0271002088294146,0.0277230588767331,0.0172358568651254
p1k_00239,0.8339104387963031,1.4559552865512504,0.8341437052967929,0.934523361846888
p1k_00147,1.228406461399,1.5012148348797547,1.308240461345457,1.2779641271895417
p1k_00151,1.1403790849700766,1.007209136452973,0.928891778609982,1.083130415743158
p1k_00662,1.2863728405154118,1.647562713943378,0.5015851655569488,0.6201292918471195
p1k_00834,1.4830778156226214,0.895311116253241,1.6498189028880583,1.5637572391982588
p1k_01001,0.5740000001562089,0.5458630837595612,0.2614428476066586,0.3888104028740412
p1k_00660,1.027642303525702,0.9265525371387648,0.7269530321985104,0.841856750647489
p1k_00176,0.2624115739286235,0.0290825474476469,0.0164405873462974,0.0141307501367845
p1k_00782,1.7168506312208178,1.47763030065481,1.4371910049674643,1.252645109105563
p1k_00793,0.7292105135465455,0.420379466945383,0.6059333409964857,0.4796514807827244
p1k_00681,1.4343987111350762,1.257712073857723,0.9501699809393188,1.2357659487781727
p1k_00257,0.7939395159492524,0.991002348870856,0.7320197168819561,0.622121967632449
p1k_00378,0.0545676666254963,0.0099287746687062,0.0131406634958071,0.0107357472564399
p1k_00720,0.0040979705135864,0.0634332222685054,0.0020102537255826,0.0858227273339339
p1k_00376,0.6097321142286982,0.1773081802824503,0.373411482602032,0.3060951794868856
p1k_00780,1.9630459321956264,1.53255703855988,2.3306683546699976,1.8725295321734177
p1k_00743,0.9914916178787024,2.523447342816718,1.2850975637300577,1.7940134581965743
p1k_00833,1.4165595102644004,0.9396532773749416,1.678578437692123,1.423291794025107
p1k_00903,1.3270793593175447,1.1034579428738074,1.0703327321807847,1.5226588045077971
p1k_00659,1.4789324919482405,1.7611378279876042,1.377770021212389,1.367256335332761
p1k_00185,0.9373574192424806,0.7229927392968883,0.85486469473646,0.7717235805066156
p1k_00837,0.1322674495335037,0.018292525820317,0.0381938255910626,0.0171914750715789
p1k_00401,1.4888674734816223,1.6252340391236366,2.3310724252923767,2.2767378514639423
p1k_00357,0.9185500976060686,0.5853080439391923,0.9168835498802234,0.8072636776133846
p1k_00364,0.7671453817809388,0.4658650790146772,0.6715907211859439,0.6216314062607928
p1k_00766,1.1921074712805604,1.3033784248755562,1.3766707375019744,1.3644571809200117
p1k_00222,0.7218458109967382,0.6898158159045712,0.7546833543954842,0.7091778274599129
p1k_00012,1.7637859260944877,1.8382188747425032,1.3765776616609655,1.843536910834713
p1k_00803,1.0728518706429813,0.7762704703515189,0.4857813908941255,0.5916138441705081
p1k_00480,0.2601003527520856,0.3530283685666636,0.3103389218173066,0.4378880584448442
p1k_00921,1.1347891184267658,1.038141333078567,0.9256399396077934,0.8975496045804005
p1k_00144,0.4962179184285113,0.446091464497884,0.2857092852076505,0.1905566013978256
p1k_00422,0.9632749486322718,0.8202705456054263,1.023778799998535,0.8863264841891687
p1k_00462,0.155113950699944,0.0261115807538765,0.0184591880897178,0.0132272922138223
p1k_01020,0.5622407904734854,0.5142100254687101,0.3663522054984998,0.4462229324622545
p1k_00808,0.8566329826439449,0.5083169863425114,0.3200753948524236,0.3832689526416235
p1k_00300,0.6036208371295123,1.892392491826544,1.1632177740330656,1.3765447288454318
p1k_00142,0.5631546844694411,1.0306695739068783,0.6922011478583707,0.7864612407402514
p1k_00559,0.5168996351210541,0.3974595918921616,0.7495289560326804,0.6482700867431738
p1k_00789,1.5492201907226972,1.3559212488650607,1.6898701865958183,1.329680669713157
p1k_01019,0.9603465544787356,0.5762656306456274,0.7345301899151795,0.8671765112858952
p1k_00177,0.9123541326022072,0.9540330079183929,1.0507664635452425,1.197293712918421
p1k_00567,1.3370681953390346,0.957242192987926,1.9955658791644135,1.9279481333932504
p1k_00885,1.419276063582154,0.6596957329118768,1.45714600711371,1.4213311288441255
p1k_00868,1.4498894704165868,1.1918440022353505,1.28378639624241,1.1524949317920432
p1k_00587,0.269044290648648,0.0379521701964481,0.0785765288068893,0.0360971831057057
p1k_00123,1.0461359482753996,1.3275186331995557,0.5006764649226983,0.7484795948557763
p1k_00751,2.23411683231722,1.629446822447168,2.0029691323139773,2.040880253158534
p1k_00674,1.5030710115568415,1.6873109131375958,0.8987403031720713,1.223157296860052
p1k_00243,0.7228128041858468,0.6678063899021045,0.5362847299176715,0.5878439142029326
p1k_00944,0.5961286527318232,0.4880370887395717,0.286843854808293,0.3594142480110351
p1k_01050,0.5938824475070574,0.553069432887535,0.2593396842842873,0.2517721180872845
starve_series__t00_growth1,1.3444469553988128,2.139619341365105,1.1269854594023876,1.5460687757486982
p1k_00830,2.167915544231178,1.910456151648372,1.5954514580724155,1.497353229102826
p1k_00954,0.8936945716683977,0.6480159818890429,0.6893014055232152,0.816927045347553
p1k_00212,0.9592752400298736,1.261346401446671,1.3584884964418198,1.415188811282711
p1k_00269,1.0562210470294466,0.987498014803434,1.2879750441382027,1.1484399415759268
p1k_00068,0.6732327235604263,0.6577799720175084,0.8820828769060585,0.6746277770225177
p1k_00878,2.024831949981491,1.3611157180023703,1.671119392072813,1.5693111905450234
p1k_00418,0.7591342645031346,0.5988071055987316,0.9042454151320384,0.7970539925475795
p1k_00236,1.3593118936757462,1.310940784353673,0.841032321788015,1.0682775045214867
p1k_00842,1.6043491898737785,0.9558604696826396,1.424124131713311,1.5108380971086073
p1k_00083,0.5565002095783925,1.2400900614166432,0.4159961189877355,0.6781939915516674
p1k_00550,0.8600286744398027,0.4421548291348897,1.1767680743475206,0.569476578920751
p1k_00474,0.66251706369405,0.4750959129443719,0.3386003827140705,0.2917838521084315
p1k_00625,1.1204157841411253,1.00530696100237,0.6643293481347494,0.7837093406432841
p1k_00553,2.030215541687902,1.602651829405921,1.507179007648543,1.4377029658155724
p1k_00246,1.1304702868825,1.312043684233415,0.951304102557414,1.052159310631499
p1k_00943,0.5895655167752755,0.4676089661787574,0.2893691224983377,0.3447724768034303
p1k_00835,1.5736942154731142,0.82937679533333,1.7178165915730943,1.5097387866364973
p1k_00786,1.2393284921894512,1.1840855933118144,1.153697734880792,0.8388471157147628
p1k_01032,1.1137956831508526,0.6042222024391871,0.7502027983933345,0.8389076823256086
p1k_00184,0.6383161217223646,0.8699229182228038,0.5946194427132636,0.5513090162722403
p1k_00688,1.6396534712161466,2.545924022812488,1.5352533253977343,1.4310736757226687
p1k_00561,1.6380579642181756,2.0338553685992826,2.718177500443164,2.6265713747776163
p1k_00692,1.127900621867452,1.576927484637318,0.9718595544562796,1.2627872330544132
p1k_00159,0.7143384781870056,0.6503649149643439,0.5996331914514655,0.8157894980311517
p1k_00440,1.6317511929091923,1.9607147150965647,2.1255626597399946,1.942770122895304
p1k_00704,1.5708756871439888,1.5642798042581003,1.3840778919355994,1.6624448921805866
p1k_00670,1.2987556866165788,1.246794919219438,1.3228772748362156,1.6030191785223589
p1k_00764,1.8334735504617476,1.9357094213827457,2.3829775979317662,2.32723681661715
p1k_00043,1.7204870153694043,1.454944038667627,1.1678716276364984,2.040345080953998
p1k_00017,1.6951102026213127,1.78532058226451,1.31042099089947,1.7753912880584306
p1k_00174,0.5645874264660399,0.4671875238627704,0.698689014480289,0.7155856962768071
p1k_00968,0.5592429606132384,0.432275216395474,0.3239852514845702,0.3194214155121396
p1k_00224,0.6404090226159954,0.7686824348756603,0.7777381842695742,0.7415409640243009
p1k_00178,0.9843926233761392,0.9023748773964726,1.054278575931351,1.1834349307445862
p1k_00937,1.1626068000899064,0.7161484012013694,0.6574334527647534,0.7301830228694514
p1k_00556,0.3014528911421539,0.0355456292553878,0.046898464417378,0.0213609472959076
p1k_00969,0.5689647308648149,0.3977999397711934,0.3420884060777999,0.3336303476961753
p1k_00219,0.713568654328937,0.7267574552211482,0.9689214614881464,0.8060198350152938
p1k_00865,0.2431951175489027,0.0957368534554813,0.1060985754102836,0.0845561409273758
p1k_00303,0.799670785631487,2.019511937563805,1.085393645894266,0.6206146878095605
p1k_00994,0.5697736807095789,0.4488552898055916,0.2998888107614857,0.3006402089140634
p1k_00295,1.3619304369649228,1.1222664778495486,1.7852155707202118,1.8110637958319256
p1k_00420,0.910958802057364,0.7512318399047571,1.2192705083763469,1.0626698895176292
p1k_00725,1.7270110251649091,1.8154528516394184,1.864880745940465,1.925375065493783
p1k_00458,0.0686694800444766,0.0149888905724408,0.0174074748711029,0.0093758123311204
p1k_00099,0.4364758906770619,0.4137082397900294,0.2777858789678908,0.3887591587207784
p1k_00677,1.0455094557901072,1.1990514096382845,0.9204449700853752,1.054512198360022
p1k_00682,0.8944611228594995,0.75440522225687,1.1706350157747676,1.378782171494469
p1k_00732,1.7075094109961164,1.5764223338375771,1.7255290699146624,1.8851599775632613
p1k_00495,0.0966020429585071,0.0300336101546918,0.1130124175072602,0.0411017966532386
p1k_00055,0.4723116072975838,3.488240992032185,0.5814044464358645,1.0578218627534797
p1k_00478,0.6398708626423171,0.5887444488385113,0.8353908315148901,0.9389432553864934
p1k_00980,0.4414254910349424,0.4198133561797036,0.386394792295864,0.4878031007530649
p1k_00707,1.1969294626504847,0.9305129496109706,1.3103517410064165,1.549086195544292
p1k_00557,0.2606215483745785,0.0294406287923387,0.058049884546886,0.019760339498225
p1k_00064,0.7476101846084956,1.0042847945472948,0.3759276162252552,0.6400771038041797
p1k_00702,1.755815127171751,1.1932806407385423,1.741058056235885,2.001325596501004
p1k_00829,1.7564421034313211,1.146217188347536,1.4246859842711612,1.4182527543233447
p1k_00739,1.3303635706908676,0.8859974293279922,0.998137901907599,1.00871650304468
p1k_00987,0.5473006168434968,0.5047062274724421,0.42103533466672,0.4745147556790756
p1k_00706,1.2193122933582277,0.9946518498868264,1.5038717391551573,1.7623212998253166
p1k_00278,1.247645239706909,1.1858024051123266,1.3114625457015685,1.285896332570969
p1k_00379,0.1444824030165542,0.0125144494937689,0.014850995149897,0.0121900961875295
p1k_00072,1.051363862841466,1.190795430027877,1.0988580487721031,1.2738480799573753
p1k_00284,0.8563518738242788,0.79305633007095,0.6545330533646364,0.6457939130665591
p1k_00262,1.442953101021392,4.700059156038088,1.4237826973616503,1.6718725798467169
p1k_00594,3.2282256070485187,2.038561523758761,2.8897705957098783,3.8294771470397695
p1k_00748,1.678870847940377,1.3546551243669325,1.5981079227183366,1.5466137088988618
p1k_00317,1.4783579788601915,0.8690565595255061,1.2911073388187686,1.3814668717176024
p1k_00266,0.9261851481558734,1.032580153179821,0.7327553467067238,0.7874687823823386
p1k_00640,1.6851771709568804,1.323144466726469,1.5490195657481345,1.8963656065972363
p1k_00361,0.0890393517241806,0.0078599290828935,0.0081652752842866,0.0069163557847249
p1k_00896,1.0963743700151358,0.9214967059430916,0.7861223941782102,1.5628009451711138
p1k_00518,1.866553886313522,1.6957425281937493,1.526191547867973,1.951119062850948
p1k_00616,2.05241289513469,1.8535477802032887,2.761117414916044,3.2224784684467536
p1k_00543,1.5465818023713584,0.9449306168635138,1.3941296182217402,0.7503050835017259
p1k_00779,1.959547226025887,1.564792186944422,2.139917932170788,1.648187601948676
p1k_01047,0.5597843440838806,0.5337486395404846,0.4026809752794808,0.46962249042267
p1k_00615,0.2583244883483643,0.04052602627435,0.0501216112959852,0.0230186245375869
p1k_00175,0.2376020312755852,0.0447504541851254,0.0496884879596396,0.0365190592132983
p1k_00127,1.42290197921579,1.7321826211066695,1.4737283344121372,2.3368723110011764
p1k_00416,0.9615969411893824,0.9776910803457374,1.3932702587730206,1.658793630901416
p1k_00827,0.7674579539140138,0.703761490365074,1.1962866908013703,0.8703083541446204
p1k_00377,0.0635525216878317,0.0119865281032475,0.0086417163741285,0.0105199218758378
p1k_00657,1.5130353473326277,1.1680748477440586,1.1926295464983423,1.445462458823814
p1k_00685,1.5140186302140122,1.526983914894067,1.4963968032731778,1.5468593993080568
p1k_00078,0.2557708750157703,0.1746799692043658,0.1173863608330569,0.1447045585354272
p1k_00525,2.5391337489612824,2.118519587946915,1.4809084441053153,1.5523604524898218
starve_series__t05_starve,0.0288007180265159,0.1100305559120283,0.0417365215098011,0.0339549163431999
p1k_01009,0.9626307998259356,0.7149523393186934,0.789104449468572,0.8256478542299435
p1k_00812,1.0785759460963578,0.8398456095812844,1.113834101164068,1.4774274195861312
p1k_00464,0.090428298474498,0.0359557418407441,0.0480936702713713,0.0280272125051055
p1k_00650,1.477740847320404,1.380656686251167,1.834625261642571,2.1904430817657743
p1k_00577,0.7023862826749251,0.5747795139924038,0.937516704817054,0.8013915100299885
p1k_00152,1.2677003378978469,0.8992491364174507,1.0355292269506764,1.136185105807011
p1k_00734,1.4211659279578674,1.2123547928529967,1.6045684561141675,1.727192800662148
p1k_00096,0.796234554446402,1.3641311742980184,0.7787270689136641,1.006031632989577
p1k_00413,1.1288925653629145,0.947962627818367,1.5313557319966389,1.5453619099659004
p1k_00690,1.5974059062183212,2.068377889604688,1.5809959565935991,1.5047751913381269
p1k_00501,0.8191169423428115,1.0173798232748008,1.1876804823617466,1.127538647402633
p1k_00133,0.944849431492152,1.417807953227045,0.2794639856602321,0.2004810225020572
p1k_00018,1.7120238631822302,1.8175865460151703,1.3510899345005003,1.8852606753467955
p1k_00113,0.8517791335335793,1.0723832153946045,0.5299543885267765,0.4806251934942918
p1k_00555,2.0352217406820925,0.9932272922118214,1.5795862198055906,1.1910702246671945
p1k_00843,1.130058929578705,0.8261691333791099,1.2934629468439518,1.1995114020831106
p1k_00040,1.1948032408400648,1.2423832367942584,0.8271996182692345,1.2951819130920244
p1k_00003,1.5293502787653084,3.442702783305085,1.2015344953582985,1.5549711675603142
p1k_00486,0.1920636511668395,0.0122372218482133,0.0246009776832659,0.0156370080364848
p1k_00572,0.9921801036269384,0.3286830646999024,0.5966486879784401,0.3331405000700222
p1k_00496,0.0932487163646767,0.0269573594203873,0.0815672948137991,0.0363792793338146
p1k_00110,1.0823045097296249,1.7482014789796865,0.9124779995010982,1.4034653502406302
p1k_00118,1.0507699246027178,1.6579879148481302,0.829091720684435,1.2893980064166866
p1k_00886,4.10695844925743,2.046392246499404,1.4353715180632522,3.1951561349731263
p1k_00694,1.3624065281418585,1.133635975134489,1.1981599611874052,1.4238021412201571
p1k_00986,0.9743749447798296,0.6577783669099009,0.757272806798319,0.8676503386254771
p1k_00405,0.908805373995326,0.7476494986621846,1.0777742390733582,0.9370164897669788
p1k_00039,1.2028136380065455,1.2324525130629418,0.7771600359722157,1.2487782913802616
p1k_00762,0.549031752861862,0.907059093950495,0.354489354415414,0.4607848117507262
p1k_00411,1.083255307325695,0.8202880736136601,1.663008880885544,1.4330045943242011
p1k_00711,1.5422932683475137,1.1045407597570602,1.37252356573779,1.4999843567327729
p1k_00633,1.649453109860162,1.671638006060108,1.9444478725380496,2.27794222860022
p1k_01012,0.7053771393026735,0.5377602381269434,0.7251663833025022,0.8271332797425658
p1k_00535,0.2824889965125609,0.046491159961773,0.0263688709297525,0.0277662556035547
p1k_00134,1.1315923353279234,1.690536255708178,0.9589537324768532,1.7990467887485233
p1k_00085,0.6984365921323417,1.1532030159472826,0.5663766351615782,0.8209441466681064
p1k_00329,1.5244606358452786,0.9595475470150668,1.2815290168237623,1.501926154162917
p1k_00030,0.7587271770306447,0.7707812509511147,0.4694595820371647,0.6619324293174511
p1k_00717,1.934801402931246,2.935735259854562,1.2449690765269847,1.9547195835895688
p1k_00234,1.3390623642786006,1.2409849299210884,0.906870506610142,1.049203507012343
p1k_00323,1.5358335929421012,0.9586534405704352,1.6892894619545646,1.7018484884381817
p1k_00571,1.005419971575313,0.3597311628446468,0.5802343833664547,0.3275904765914497
p1k_00216,0.6919424271570224,0.7253907818502229,0.895850405751783,0.7579696340009119
p1k_01003,1.081058709071325,0.7398350360000885,0.8493965368236589,1.031260111709149
p1k_00136,0.7419647918660696,2.561833932658642,1.4607023363595737,2.2433623628947226
p1k_00838,2.2077673426894027,1.8101687804587423,1.8412643951315255,1.5420885461710483
p1k_00663,1.0933736147431847,1.0686325154125216,0.3590387496487365,0.4147687807291734
p1k_00871,1.5181585134097375,1.063292966733446,1.39210968949811,1.0843041007233776
p1k_00661,1.096071299693781,1.2919931633902115,0.9418931288509214,1.0627240580063433
p1k_00676,1.1916001588309313,1.315640643035595,1.1504565671926323,1.3372489241495271
p1k_00920,1.0747574191046687,1.1274295046489953,1.0189800715583817,1.0910789461385006
p1k_00437,0.8728007055422636,0.7255387873321304,0.9680985977652832,0.8436621417705336
p1k_00644,1.785776243357322,1.8321088221013997,1.887917731847805,2.3207684116029283
p1k_00037,1.032739066776276,1.63223044578934,0.8125326887926274,1.169760927567464
p1k_00972,0.8965278031943029,0.5856069232883347,0.6514547461958018,0.78684958176205
p1k_00150,0.5847975685375795,0.2500069984584636,0.2544821461535478,0.2263074131750017
p1k_00769,1.707650929837419,1.5862959466954758,2.2606018032391133,2.1547491313588814
p1k_00247,0.7430355766624771,1.2469055726976586,0.6506192606314073,0.7864271357542415
starve_series__t21_growth2,3.1367354433470944,8.34723651299604,3.625698193267007,5.75366550564423
p1k_00285,0.979490119058926,0.9137408712687192,0.901246332733768,0.9993324601594084
p1k_00452,0.9149189062254984,0.882714659320747,0.9159433238222106,0.7230531026718539
p1k_00005,1.2714403974566737,1.1631365722644116,1.0234077410227052,1.5911684769907737
p1k_00201,0.9297564304124558,1.314285754267352,1.2038819462032382,1.2913225375726949
p1k_00648,1.1749298294319068,1.049384905271363,1.0012151662346171,1.23921565593759
p1k_00698,1.2107979326645948,0.7677912297942403,1.172838919672911,1.4213948960632
p1k_00320,0.8354840027668035,0.4668528631194878,0.7316214903728736,0.7375752419405865
p1k_00521,1.9491237225601232,1.535648072853348,1.7722509126833577,1.8644664178479848
p1k_00569,0.4753382682298949,0.1608958985018944,0.3697206124037513,0.1521073485742125
p1k_01039,1.1818722952768772,0.8160440620485377,0.7973425069243142,1.111163372442603
p1k_01034,0.5880820188735564,0.5300006167407818,0.43665962841864,0.594696214556764
p1k_00112,1.2791973294023644,1.866512344261949,0.9587274162142692,1.4858762395032428
p1k_00211,1.0329137401058843,1.3743666805073207,1.3376345169565624,1.4806941690490742
p1k_00537,0.2480624961591624,0.0426487083717131,0.0165331391199558,0.0153190876999429
p1k_00094,0.3014870969349808,0.3980989934916571,0.3037019664494675,0.3505755904297802
p1k_00990,0.6389422218993323,0.5419466451195718,0.4488054373260912,0.702185886027963
p1k_00547,1.2127295870883057,0.6030790586669954,1.0951003478171648,0.5538196009430252
p1k_00010,1.248756904636052,1.4907665797835028,1.0101918775949832,1.2040932268466575
p1k_00752,1.9277029003702053,1.3054536555936092,1.5222713478695276,1.5040750123790572
p1k_00940,0.7143945587419552,0.4116607502303445,0.3520028851430173,0.4459848722573465
p1k_00892,0.8448038607657099,0.4085346905700215,0.3884015644355472,0.5716585878244735
p1k_00564,1.0897464629009708,1.11362905712631,1.805408169828778,1.611768819579715
p1k_00795,1.460286350671263,1.0591031363338328,0.7011893849781405,0.8240085030762107
p1k_00469,0.3191404665555153,0.4198689169513338,1.2794767928392723,0.6167096400572583
p1k_00105,1.4347031179779182,1.260300438832486,0.93344349162803,1.396416049984646
p1k_00935,0.8037777730440767,0.558332576243984,0.6731806172566802,0.6913376348883136
p1k_00790,1.5978744138367038,1.4042822339736625,1.5456255435845605,1.1818444755431263
p1k_00608,0.5831114758797886,0.2276589308221568,0.3346007998039499,0.2090057230185726
p1k_00137,1.2183681354879408,1.6336081976834638,1.2226628265252757,1.7783759780861432
p1k_00432,1.0507857879286873,1.0527936532882258,1.3435416669353266,1.223772687351982
p1k_00179,0.740175154222963,0.802494854504991,0.7283826787836121,0.8700140393974242
p1k_00362,0.0894375094809795,0.0085295741070343,0.0095717995300498,0.0070662307598029
p1k_00705,1.6867204310724038,1.5340020406198234,1.395267496753534,1.6617082350236096
p1k_00840,0.3384199936243469,0.2163758872789763,0.2295879157799198,0.2287164268375683
p1k_00214,0.8026359912400659,0.8772398960273144,0.8942152022674914,0.9207447913882696
p1k_00046,1.9479377417175767,1.659754500731514,1.275049650678333,2.3418368186175327
p1k_00148,0.6545614834169401,0.4152766195144149,0.3903613752569089,0.3320638631022987
p1k_00328,1.5016178229824595,0.6991283469594295,1.0618222154770065,1.123793825666425
p1k_00492,0.094919000354342,0.0661322699371351,0.0467055383077086,0.0371064042380773
p1k_00877,1.000447791989777,0.4931630218331033,0.7530318892258296,0.5534123462712841
p1k_01007,0.6662981360128326,0.4576986858079678,0.2791637940290986,0.3144952338013398
p1k_00288,0.7720127038178192,0.7897379613389597,0.710214637167893,0.7929797686891104
p1k_00541,1.8216736162655187,1.1796018392645014,1.5026206198192815,0.9589781743277428
p1k_00708,0.904809678102045,0.8763135841073585,0.44023960028501,0.4855274968050213
p1k_00538,0.3567339694744902,0.1033542582573229,0.0693681086177785,0.0651108656716798
p1k_00618,1.103736955880204,1.2569315529741996,1.0232965238912293,1.3443585719171414
p1k_00008,1.2378480390469544,2.200912449286039,1.094802177304432,1.399060840623155
p1k_00309,0.506828301316315,0.621629411710953,0.3279691827201478,0.1569143053419585
p1k_01046,0.9722344577133364,0.7760131350083037,0.6300775304835173,0.7877914203131023
p1k_00327,1.406913830224847,0.8583364231741839,1.1061958409771253,1.2176726930181212
p1k_00330,1.297783688144522,0.7371728230462612,1.0107827825101394,1.0394293524750544
p1k_00130,1.479464856626841,2.977318232151262,2.1634552190540037,3.612415945365192
p1k_00391,1.7658803215701244,3.8143330668176754,3.830807440432942,4.221893771491564
p1k_00227,0.4397609913922051,0.6408447147543899,0.6140000852427138,0.4735833295031322
p1k_00517,2.138880770004955,1.573734962898033,1.366027591520753,0.9170307287756488
starve_series__t09_starve,0.0167913608165128,0.051821948872414,0.03483632018396,0.0183093013427657
p1k_00034,1.3332059765986743,3.185379116615312,1.3049444199551403,2.489562145473456
p1k_00032,0.7145248347115943,0.8992239892462915,0.5078793030586098,0.7710592026572658
p1k_00825,0.2827438039451777,0.0535251670607484,0.9319209123794376,0.1476482630628766
p1k_00721,1.0226231946307047,1.14121780833683,0.6896112360454978,0.7373691947571548
p1k_00415,1.0109968057183474,1.326667395846122,1.6480242084853032,2.035267164582692
p1k_00006,1.1919695844952642,1.1784497914317031,0.98548606398536,1.5702301536100325
p1k_00334,1.3400664838939236,0.8679344983695877,1.1171582415559262,1.090346700039808
p1k_00515,2.172191357751742,2.420701832873256,1.228496087475249,1.1824744038920143
p1k_00588,0.3334120207672826,0.0480444851146087,0.1801386758688132,0.0619698238215679
p1k_00613,1.4028490132607347,1.2341009325472954,2.001716314100606,1.8007701791551567
p1k_00396,1.6070242628666147,1.663187811838767,1.9621170445205691,2.0805080463410284
p1k_00251,0.8998584725545026,1.9462541816108343,0.7732633805290839,0.8974383221587393
p1k_00065,0.7367531102993213,1.086358633033999,0.3610238122477327,0.6478875181478402
p1k_00360,0.0512033329127026,0.0081857449183332,0.0090279069175334,0.0076092010442304
p1k_00056,1.334363262160707,1.4997246336882548,0.6191533988877405,1.0269565611992395
p1k_00016,1.5508089991453864,1.8356676606969773,1.2848374733693229,1.8610153860380687
p1k_00636,0.9882377986993004,1.1880086964665546,0.788150755347523,0.9807744301419888
starve_series__t11_starve,0.0236468291588579,0.0709958261122829,0.0319912960070296,0.0209040289643529
p1k_00851,1.4065847215183782,0.7712612028238806,1.4810110035131414,1.2626277266309296
starve_series__t16_starve,0.0251839117871392,0.0926978566219788,0.0411133456058989,0.0148132656301181
p1k_00718,1.8250899976682853,1.7892134008592957,1.4602107822698644,2.0260286143534363
p1k_01017,0.7693939560161056,0.5736875147758465,0.4004097175494013,0.4734820170976777
p1k_00853,3.3455686946017207,2.1691253638636763,4.747197363192814,3.779187090723051
p1k_00104,0.6936838057726665,0.6525874227962158,0.6504744344363219,0.9397647113986636
p1k_00744,0.7495021740199919,2.205259181519575,1.1683391539671393,1.5441034491390584
p1k_00882,1.4783579786700611,0.8690565597122595,1.291107338633739,1.3814668715867435
p1k_00946,0.6420135775146847,0.3648143634707459,0.2407175885731838,0.2977358831719727
starve_series__t08_starve,0.0175005236161431,0.0495952657615277,0.0366554285857987,0.0132675411318942
p1k_00487,0.8386223826329177,1.6370887926173217,2.083496055911157,1.887730682593852
p1k_00560,1.4386763544680323,1.7402191661812518,2.6459813794820057,2.517965505146231
p1k_00279,0.7134403887527598,0.8164192038378989,0.6435367348869122,0.6716461770333801
p1k_00784,1.982655624813784,1.6440240602738638,2.409893162417422,1.9376531903699492
p1k_00604,0.4424264434774339,0.1795094993188697,0.1794389167116145,0.1524710997523527
p1k_00999,0.6468936230709428,0.541178169518102,0.3997525023705125,0.6022828265259897
p1k_00809,1.2133776325225354,0.8308692506839955,1.2529046758889708,1.5423046065874524
p1k_00121,1.1758506494112475,1.869515420289489,0.9004931295351417,1.4093758143789086
p1k_00546,0.8314392036552053,0.2609116943679735,0.6558369859610529,0.2889612990867728
p1k_00964,0.6277231911104127,0.4970990580672575,0.464684829393739,0.5245179518290166
p1k_00155,0.953139964262532,1.151292083887936,0.5206155624066054,0.4535676732317656
p1k_00592,0.511046533393971,0.0422063665343416,0.0547951783345155,0.0558942185873431
p1k_00867,1.527850920715493,0.7267800058267123,1.34236706423792,0.9861128341151326
p1k_00875,0.9924971649515012,0.4425606978319895,0.9382348772111854,0.6819088328841507
p1k_00158,0.7973811529272424,0.8312662036748486,0.6946789384935609,0.8678787745654449
p1k_00687,1.556651439675013,1.911621832883155,1.866902388716402,1.917386044551121
p1k_00069,1.1005385253783542,0.8664814109578554,1.0817587340251011,1.3893452064658276
p1k_00624,1.190846499229478,1.225906271640085,0.8152095654999242,0.9560575207520868
p1k_00993,0.4679216730449691,0.3094683436411364,0.2779434563304796,0.2638806628285208
p1k_00380,0.1379693918999147,0.0102263204068751,0.0141319822938925,0.0142644573793556
p1k_00156,0.5181297461158345,0.7880359163104224,0.8363602041013304,0.6761001582762041
p1k_00036,1.209530880335778,1.723490403842498,0.8757378546701946,1.3062092382946051
p1k_00348,1.9524507306944867,1.0969152276719614,1.5423686190687709,1.614164817080154
p1k_00628,0.8804047914619657,1.332975918518308,0.7675368467590054,0.903077099477548
p1k_00689,1.513947134758038,2.596536701930672,1.4802378602953363,1.308808314076305
p1k_00962,1.071086806286058,0.7402447455143707,0.5283516073455603,0.7387501596345232
p1k_00392,2.2171396185490453,5.074926876593183,5.151767368270817,5.74036848432709
p1k_00805,1.4274100774559932,0.9653393576229512,0.710050260655275,0.9051107115365428
p1k_01031,0.566199890323772,0.4723696494116496,0.2387726334207598,0.3158603799500631
p1k_00095,0.3324010141807967,0.3499652885573574,0.3205339893241384,0.3635623754690767
p1k_00182,0.8283605970108038,0.8301744584030102,1.1038443055687297,1.1937378307137676
p1k_00638,1.2723337144682338,1.2993961016150466,1.6523553554047086,1.8929124961773856
p1k_00443,0.4101769029215862,0.1632465929131341,0.3238397669436869,0.2294988459367456
p1k_00828,1.7061658537825053,1.062027283821888,1.3968743733807667,1.2730800224174534
p1k_00598,0.5932875439912967,0.0637746085594963,0.2066054781611847,0.1471517060672705
p1k_00117,1.2393736474355554,1.789483289890743,0.8936354054360294,1.464385521722114
p1k_00848,0.542921547139017,0.2898800408599144,0.7878212173400587,0.4740938117312108
p1k_00605,0.247268251324127,0.0295564206781623,0.0344879399057113,0.0260086926142482
p1k_00435,0.7686732652691759,0.6182590256264724,0.8742474397000858,0.7427796936168611
p1k_00585,0.1973385909595194,0.0198432999120757,0.0250630865239668,0.0183407224151843
p1k_00693,1.437559993386783,1.7194094183036364,0.9881162696987462,1.3506974585993583
p1k_00765,1.2732629318578632,1.4742903694518672,1.590994201868145,1.5351762557967197
p1k_00059,1.4971854168232872,1.6035125598091953,0.6284612068574551,0.8334773389185048
p1k_00296,1.751399562149793,1.6984397719623925,2.2152483984966334,2.587705718251638
p1k_00275,0.8934703183919573,0.8942250184542017,0.6384715249327008,0.5891564759318646
p1k_00460,0.0979728750133876,0.03419678674953,0.039389235298271,0.0291857245802313
p1k_00048,1.50005263811723,1.3440475630506812,0.8408391000136216,1.4531458778941764
p1k_00887,4.755574815505145,1.9542886022803,1.3092204127601887,3.106823488071484
p1k_00339,1.5895020454405724,1.132759740884223,1.049332870653276,1.1396654098065735
p1k_01028,0.5800751212619641,0.5442777918185792,0.5624169615422653,0.730238233786721
p1k_00287,0.761573094022171,0.6913362150165392,0.7117205072709157,0.7080636011634583
p1k_00373,0.1324989188597967,0.0152680425130037,0.0095579503985142,0.0110398356185913
p1k_00715,1.6516998713838862,1.221937879723108,1.5582766464821278,1.567976799677047
p1k_00984,1.123264253476426,0.6548289116623154,0.9093700160515148,1.0805535672140427
p1k_00124,0.831233973393237,1.133616345819691,0.4347207494605135,0.6599168534684878
starve_series__t22_growth2,5.085427896841872,13.43467185380534,4.947697832377607,7.115233349641858
p1k_00791,1.3985868629478628,0.6909032498087152,0.8410626367948079,0.9062676854394864
p1k_00714,1.724463575263656,1.2181326028966537,1.5776032577542294,1.5918269270837626
p1k_00489,0.3131999516442082,0.2916022911036469,0.1802385984089893,0.123318129592846
p1k_00908,1.3014817218087966,0.5453173402764285,0.7927230042310727,0.5705751549831566
p1k_00570,0.5143094659193382,0.0963556368131089,0.1830896759579531,0.1017958987480973
p1k_00915,0.2289335695765539,0.2468147139669255,0.1733570583224516,0.1850325654300567
p1k_00554,1.103687916361212,0.3498324895051983,0.7054283594995241,0.4296027057694752
p1k_00383,0.0627626528233566,0.0100022969568611,0.0096244726288649,0.0108093601512219
p1k_00596,0.3511370635319253,0.047567429542097,0.0959459037827731,0.055170399669021
p1k_00398,0.9894978433654372,1.293777664767232,1.5188086525195097,1.56856075270358
p1k_00922,0.8261540254076976,0.9556705280371144,0.7893389174899914,1.1368673760313666
p1k_00230,0.5749355974989944,0.7839761338729345,0.6232889041102998,0.5378178396743566
p1k_00831,2.459472420572669,2.111122799657042,1.713997404317782,1.654683874429285
p1k_00593,0.4986230709487333,0.0792277557808338,0.1662458166818555,0.0846204952228564
p1k_00205,0.2369011156728192,0.3668623307343004,0.2010160473257228,0.2747326818690176
p1k_00566,1.2597043151459,0.824410822971213,1.6603803921432512,1.4009314568643274
p1k_00683,0.9597407576309668,0.806282930604212,1.180808316066377,1.435992771558366
p1k_00797,0.9865289253698498,0.9564675246001026,0.4590360398148141,0.6926513219529997
p1k_00403,0.8053682526745046,1.257633345036449,1.4323758212138475,1.44374932597895
p1k_00353,1.153735650042531,1.1331646904692054,0.9963168388411164,1.1146781258058966
p1k_01016,0.639939718540376,0.4646170471436677,0.3158475200856996,0.466512351493077
p1k_00801,1.2098830582923612,1.0586307576370193,0.5482497476637724,0.8522314620741922
p1k_00802,1.4330406747935298,1.0189067079181782,0.6143044664850389,0.8976237870399986
p1k_01021,0.4838298936083075,0.4608455120739934,0.3960391707069611,0.4804942550085386
p1k_00260,0.9601823647480316,2.54537463214678,1.3956022920122162,1.4042009040949108
p1k_01043,0.5440639587328727,0.4874728931623583,0.2832129849892142,0.2960560982679897
p1k_00846,1.68959945840567,1.4993741698221514,1.489656212963535,1.3568392199190475
p1k_00084,0.7262876749769263,1.207479120108606,0.5890328505602924,0.8892716658142537
p1k_00914,0.1846138865624572,0.1400809511291591,0.146996792025359,0.1445470538758423
p1k_00699,1.0832118757188174,0.6575007312340783,0.9506443567533464,1.1492674519088537
p1k_00738,1.4419480793820876,0.9519211502830282,1.0151700022309276,1.0886021043373966
p1k_00454,0.5758052767067274,0.4975011411589434,0.4901506668896996,0.2923336058583853
p1k_00573,0.6634568750372927,0.1009925550016692,0.3114169619605217,0.1217003936762862
p1k_00129,1.030733130827142,3.6828931330738346,1.737522715463414,3.0645721671472232
p1k_00139,0.6165110897277443,2.326198737616284,0.9829683016477406,1.3420180492898677
p1k_00226,0.7149947833291497,0.8799261456339031,0.9601098520711514,0.9094026523854696
p1k_00358,1.0697016045386525,0.6604344037191089,0.9352197265445455,0.8611139940636742
p1k_00816,1.1412241872359483,0.8976775821791777,1.1633747006302042,1.3564705867058078
p1k_00862,1.839916898481388,1.5326901273064786,1.3036127133026003,1.183956659578307
p1k_00918,0.3672013234505418,0.5037321638241355,0.4617679697355454,0.5645261110262955
p1k_00580,1.034594927282206,0.9672817154731526,1.2188582203583431,0.9745124216054633
p1k_00325,1.504295276637306,0.8910372973771667,1.0024208203779923,1.122914828101616
p1k_00981,0.5136016814648544,0.4671368345456623,0.2893692238146685,0.3500324218300599
p1k_01013,1.1708093949796037,0.5676029315437199,0.4011717272000487,0.5520078924832253
p1k_00321,1.9198196953375215,1.0593749888026305,2.01069487108683,1.883483002843614
p1k_00723,1.652220148394769,1.81359084941188,1.75599407864946,1.908088114796564
p1k_00934,0.8572088746353104,0.5381514245602173,0.6669774794945512,0.7185603009615577
p1k_00033,1.3568917508092566,2.785706884923291,1.474629078347386,2.1635080638530773
p1k_01029,0.5144010055535575,0.3939450386299642,0.2284978924623806,0.2381528967506834
p1k_00051,1.0731950124738778,1.4019794668111556,0.7887058267071246,1.1275679707671704
p1k_00153,1.0570530612579403,0.9752904161134244,0.8130777332450924,0.9376981893798784
p1k_00326,1.685242005083508,0.898585372219866,0.9578212066206973,1.0933570910537624
p1k_00369,0.804300197825908,0.2171526941332723,0.3212202024486476,0.2355543297992835
p1k_00025,0.1724154801172362,0.0867923378281278,0.0227871562778742,0.0162136733125096
p1k_00067,1.002253991453508,1.5807776198945611,1.0068777135352858,1.6609958203771256
p1k_00407,1.0843995540556792,0.9393873674599572,1.2604725865380833,1.2032977622198588
p1k_00429,1.1169572858363748,1.1157672715500278,1.5993184143217856,1.362089303731778
p1k_00168,0.0865039258502709,0.0293526342717488,0.0280617838638321,0.0183661750949142
p1k_00444,0.5430181883859474,0.3401871517087116,0.4346002727347898,0.4861633172102251
p1k_01004,0.9517080925905688,0.6141254760447569,0.8139886757948361,1.0277653985814512
p1k_00282,0.980448389154744,1.3208950713527934,0.580701805201022,1.0899086858828764
p1k_00022,0.2861952613315152,0.1061892222989862,0.0246945053168617,0.0192376169728281
p1k_00414,1.0138911163780184,0.8719332268948885,1.409641718774117,1.3459485184784
p1k_00242,0.9678370845247926,1.071813529935839,1.0230661622641457,1.073688592777098
p1k_00347,1.8019823458073707,0.8523669253558764,1.3536706895534727,1.3781585144840771
p1k_00135,1.24027488250745,1.5831761522375605,0.6855763117652345,1.429141068642582
p1k_00891,1.3808945522360925,1.4345460980838138,0.5115968226141531,0.9420809683361382
p1k_00621,1.16604967318568,1.1087006405146766,1.1107590231518494,1.3502770144509546
starve_series__t27_growth2,0.7171700111065185,1.397368963501869,1.0740973995817051,1.5254678148606873
p1k_00091,1.5805691383626768,1.5588216209222487,1.124078230680866,1.7043914967421891
p1k_00106,1.4103981691528331,1.4734397379066149,0.9408248280337068,1.5251053453014114
starve_series__t07_starve,0.0215827340384537,0.0578503598905645,0.0331678033751479,0.0175171487040328
p1k_00855,2.211778139683011,1.4133062048559768,1.31524232805508,1.0171598621030122
p1k_00301,0.5429589882372485,1.940614070330365,1.1647263237342131,1.416379728638038
p1k_00603,0.3964831797499166,0.1734386718306061,0.1552540923363595,0.1186081340294864
p1k_00854,2.001364473846281,1.3376330953219435,1.447123556790889,1.2730708107506956
p1k_00520,1.8828389862042167,1.5798597711284437,1.7106094522770972,1.809826074489227
p1k_00233,1.0572025522612527,1.2234862712375905,0.691975096145124,0.795511863611492
p1k_00787,1.9899121437389364,1.669333575687347,2.566688200560568,2.1949983145893004
p1k_00021,0.3037585724333478,0.0974370448565091,0.0262349390775251,0.015251859792112
p1k_00187,1.0573722640723908,0.8366584435712635,1.056511416574712,1.04209314700746
starve_series__t03_starve,0.0440114377139463,0.101396003766923,0.0412520432609208,0.0353866866517848
p1k_00622,1.4842568856895029,2.719874263558369,1.9422002364238236,2.476704226437481
p1k_00200,0.5815331188619689,1.050273474035152,0.874737177672659,0.6519270529666253
p1k_00904,1.7907028601644075,1.5888621816561532,1.3384958951343016,2.236741111807016
p1k_00047,1.5062917268400933,1.3719592023096208,0.8649441283431296,1.5228108740389732
p1k_00455,0.1446675237159865,0.2679347141838768,0.3731104558095741,0.1706773473832764
p1k_00354,1.095263414863787,1.0387288817032532,1.0195611018309942,1.0025213971970262
p1k_00368,0.0717717163012251,0.008662768943164,0.0081890093701987,0.007538847620526
p1k_00957,0.4720318196926672,0.4175426914314457,0.2794208329713384,0.33355756143153
p1k_00027,1.023105893056969,1.2775426345201233,0.7760991705564135,1.171989376900165
p1k_00602,0.3324503387905472,0.2566418457827143,0.1719332042049376,0.2126313837311175
p1k_00220,0.7916551570493082,0.7884080395441233,0.8735291970217627,0.802276871986109
p1k_00679,1.430819059232158,1.4457496351076031,1.2154840424595093,1.672709806303779
p1k_00463,0.0897469378191825,0.0370975400843655,0.0477965179267346,0.0306010652393772
p1k_00217,0.328091214146408,0.8310996905472788,0.3656759888158986,0.5650946779134879
p1k_01038,0.5626384055046931,0.4272596132056381,0.2643038041293616,0.3016235495805565
p1k_00912,0.6884389797446502,0.3608764202373893,0.536242171826423,0.5938672818492621
p1k_00524,1.6188665341750097,1.78426613161313,1.0948049221010296,1.2266753397280026
p1k_00446,1.047150923038532,0.7674505703173417,1.179767475671001,1.0674170929201932
p1k_00792,0.8545706091236415,0.8164940269930473,0.5987753355623279,0.5861106303508646
starve_series__t28_growth2,0.7608795854841375,1.52300417644767,0.8171308707433701,1.1372880187781154
p1k_00345,0.3649568313306107,0.0517155198803801,0.0660663080134816,0.0640156067710741
p1k_00552,2.154260294409509,1.6317543394759098,1.5814547984917988,1.49568830695279
p1k_00254,0.8987755521468108,1.1018252011644372,0.5248259253224936,0.563294087180159
p1k_00484,0.0814233490568807,0.0195070923394132,0.0134699152788804,0.008023124043985
p1k_00335,1.5854436940253072,0.9669366774550258,1.2571225272912745,1.3718901931285072
p1k_00861,1.7311493129243642,1.2911261952629058,1.458123322149262,1.3927920627850168
p1k_00977,0.85381946887061,0.5760904733470135,0.5187291016465414,0.6925228497753843
p1k_00646,1.5205989900740833,2.0514792557660466,1.5234386597159606,1.4622714651343671
p1k_00504,0.7121192666697608,1.102777550897495,1.0553009029004086,1.0635871521197875
p1k_00338,1.1765594460161375,0.8948697135566368,0.6616524356186806,0.8079995160555387
p1k_00565,1.0694139846558302,1.2012179694823395,1.7107331648182076,1.4815296906790725
p1k_00009,1.227099772672569,1.4354052325938793,0.9489696409595372,1.227745010927233
p1k_00722,2.05094561879892,2.061368528672339,1.7411975134837738,2.543206447336676
p1k_00726,1.2921885772445287,1.40308182249393,1.3282171353257204,1.3996600283067326
p1k_00528,1.4353540653669252,1.519501748521894,0.940847125277383,0.8467928142335878
p1k_00901,0.7620460683793311,1.1181251540924757,0.3555395477045217,0.6230604958088329
p1k_00181,0.8617625810129902,0.8187809144186483,1.1111308533157678,1.1656852702674547
p1k_00869,1.320938418802699,1.0672655060864853,1.2536926568776243,1.0750580926187248
p1k_00958,0.5027099272252054,0.3764699319772671,0.2399448207422393,0.3012869177164348
p1k_00332,0.9500272397727008,0.6390685101447433,0.493091598868385,0.6026400181474154
p1k_00057,1.3430745913158433,1.4010316681274024,0.6139099458509581,0.9963460514043608
p1k_00832,1.2705411967371067,0.8125604988571649,1.534434713995226,1.3027948963657785
p1k_01053,0.6525801892704323,0.6447214693277562,0.5852821310180875,0.6870680529271417
p1k_00810,1.165918019280317,0.8607540463849892,1.284255105440086,1.5354929527698484
p1k_00337,1.0176788391217635,0.8585550125155348,0.6229866227361139,0.7760491588678546
p1k_00419,0.8713296513383295,0.7551636636197915,1.138893602372508,0.9968805569701
p1k_00534,0.3116241656222758,0.0484940570506037,0.0253641810288602,0.0308149731228871
p1k_00004,1.5904828626330236,3.8533270112411753,1.446055692070053,1.8163623051144495
p1k_00579,1.4703386434495995,1.1033295857168897,1.4414285821451274,1.1486970730883377
p1k_00581,1.3104818984431046,1.3225875672941805,1.5142087698381292,1.4620817605719167
p1k_00745,1.710706787125911,1.918767862350716,2.4880889082407958,2.2724204857971864
p1k_00895,0.2528479523065085,0.1522313038520228,0.1507710122696838,0.2157716022035406
p1k_00857,1.0816166236635576,0.5897035985040882,1.2137158497596847,0.9657504160625116
p1k_00245,1.1863263017319867,1.0998878820703846,0.9570295590861956,1.1223263735384
p1k_00400,1.2798964395940735,1.2568492062028669,2.624175010784609,2.2484760063718183
p1k_00371,0.1352909413123383,0.0163187845813434,0.0193394113877934,0.0166423004626067
p1k_00767,2.0026733406862585,1.9231930972086984,2.2680132190322118,2.134436167562629
p1k_00215,0.805107377500344,0.8750953645382741,0.9682352146582186,0.887195480907601
p1k_00310,0.4301964265205951,0.5236467657153306,0.28603629270574,0.1390477612737868
p1k_00947,0.980371358313904,0.6389122442273946,0.692040501041324,0.869081269076715
p1k_00250,1.0693693386791407,2.053903558245392,1.0642264489404252,1.2881746415159578
p1k_00125,1.3205757126487954,3.0235611079495275,1.4098336839451124,2.8374679935670075
p1k_00799,1.2544644951286292,1.0571681282185317,0.6448591634499645,0.933659707890409
p1k_00333,1.5357913262841016,0.9106961303083784,1.1875702098951189,1.2548303043257103
p1k_00293,0.998923085769189,0.845025998570132,0.7988130206437395,0.8714471427060168
starve_series__t12_starve,0.0203719040840751,0.0640559591477526,0.0310725064455922,0.0129447277114199
p1k_00206,0.3291407384355122,0.5047872912652304,0.2835083818880606,0.2690122540395075
p1k_00428,0.9991532413525344,1.4032665252783394,1.5771327003867386,1.7691215820809811
p1k_00936,1.01091713043755,0.6664962093302218,0.5600130336419717,0.7238564069867305
p1k_00635,1.5233212459667094,1.821931847935082,2.1047965064103247,2.3779134077884723
p1k_00497,0.0687181213438094,0.0561845041875751,0.0600551281845782,0.0423701036735889
p1k_00355,1.5059172142576056,1.0863650373725091,1.112260769868837,1.1164482883799216
p1k_00097,0.7146984740021749,1.3154065105846906,0.708874492773607,1.1155758721642428
p1k_00173,0.4408705852171932,0.463370172532964,0.6774756472747718,0.6498581529521165
p1k_00086,0.6320562323769803,1.3590825167007183,0.4018334730941612,0.5392223946529306
p1k_00089,1.3538809970589174,1.4447427457865445,0.635412448242196,0.847149258344409
p1k_00600,0.9446466331359726,0.8950919235341361,0.6282220185504145,0.6504244429397599
p1k_00232,0.5722595713705768,0.6702976569626437,0.6680326976712009,0.5954672104384154
p1k_00716,1.2965124823495444,1.8478891821798689,0.8845979549063302,1.0619958121038802
p1k_00961,1.011744041804126,0.6013495436820826,0.6657783502858488,0.8074555319322988
p1k_00090,1.691887256780691,1.5478309341729628,1.168084782974311,1.704935539954946
p1k_00272,0.821715145353969,1.3917591904124489,1.8412482907590784,2.015756748390172
p1k_00531,2.1497806323262223,1.898485844543612,0.9700685881807428,0.8087204139810079
p1k_00395,1.6038731101464885,1.5604381193990444,2.5333025006831797,2.3174662362242024
p1k_00468,0.0856811264171152,0.0184803664028286,0.013694511153653,0.0091716067544372
p1k_00889,2.324555504457649,1.5238280567571212,1.303197494279437,2.225876669053332
p1k_00322,1.4192760640698523,0.6596957327654756,1.4571460073545783,1.4213311290875037
p1k_00359,0.0442354131532185,0.0081969884363596,0.0063021663931577,0.0054455193215615
p1k_01022,0.5905875253615634,0.4079942905754177,0.3238177956626307,0.4555477626468727
p1k_00119,1.1708826028582957,1.8732531870551348,0.8854071328727081,1.3985297193289823
p1k_00385,0.1123655177111604,0.0120480587551371,0.0104793773974215,0.0102196087353482
p1k_00023,0.1945007961878843,0.0857913520164972,0.0204062107223009,0.0128413810114817
p1k_00963,1.166480559857075,0.6713631146548518,0.6841219530611784,0.8755027647191638
starve_series__t04_starve,0.0428879754988677,0.1539967194616401,0.0498224372707272,0.0394829215562921
p1k_00076,0.7727232911923174,1.4981741514851437,0.9798904461759363,0.9349328197638708
p1k_00283,1.0308919380931176,1.0016967844205842,0.8372005601628665,0.8736216054737612
p1k_00028,1.0260035181982463,1.2859126375072707,0.7980505929087727,1.154422713070102
p1k_00116,1.1194943360011118,1.535294360885472,0.7583512485073725,1.2954225248125366
p1k_00724,2.359808343475414,2.350761515239852,1.9504962545190307,2.603672133366259
p1k_00430,1.1225145793661773,1.0996062552949468,1.685466719770596,1.42388524297287
p1k_00042,1.1258955882801824,1.2335033707124434,0.472032947792378,0.6817135178677329
p1k_00082,0.6089078161063737,1.1698789113702877,0.4207959425850887,0.6739438053405832
p1k_00190,0.9012481049990678,0.928680568677204,1.0039831412842308,1.064448074125594
p1k_00645,1.5422680777834992,1.56512738801135,2.022003041014228,2.4372864171534903
p1k_00665,1.1041369126760434,1.2143613993908362,0.9561240463964256,1.0565811333428776
p1k_00776,1.6638816766657312,1.364739935754686,2.46895812718845,1.95854811916344
p1k_00956,0.3297469289184521,0.2868523990977141,0.2523174541556993,0.3079236431834851
p1k_00656,0.93066839948925,1.1724250808403462,1.1624569282637172,1.3104633898949782
p1k_00959,1.1496991431928305,0.7007732718236552,0.912381123077456,1.1261273254753463
p1k_00311,0.5059328262021552,0.695140932104062,0.4014272162497004,0.2037908494993986
p1k_00294,1.0118121531759223,0.7733619234230035,0.7817183554179935,0.8740378180391323
p1k_00695,1.0802208874329378,1.3088497346156898,1.159054487928774,1.453897913568914
p1k_00209,0.5846267575887583,0.9732368158119044,0.7393762420010186,0.7872392444600661
p1k_00617,1.9844236290612272,1.8439959970940651,2.8569532107840097,3.3855333220020696
p1k_01048,0.6482429595199115,0.5550171452817585,0.3177682390126625,0.4448148748635676
p1k_00583,0.8732956372522507,0.8878428836549629,0.9484643177317412,0.8226988688366468
p1k_00642,1.2994524651364323,1.271928924544899,1.216924821670085,1.4930520005011034
p1k_00527,1.1087465289332814,1.2837515593852975,0.8439357729016798,0.7707409219554016
p1k_00758,1.8653747511603151,1.393644582108681,1.5971093635309412,1.7611701531542854
p1k_00761,0.8285171269570193,1.2962599310358878,0.4515545180840994,0.5166947392185649
p1k_00989,0.8721033697400045,0.7617808833234155,0.6899136187068735,0.7600424893919543
p1k_00949,0.4234860084346114,0.4255007263506127,0.3458591396691254,0.4908944861143654
p1k_00271,0.7654895377046526,1.0720776736339848,2.217680541202751,1.9626983433124137
p1k_00434,0.7444196360837199,0.8282622666269172,0.8207147796045566,0.8683660343725239
p1k_00873,1.2904352370509429,1.094801579796043,1.2179725689452474,1.2316261670721902
p1k_00467,0.0742368101257429,0.0159373740179577,0.0105486856077857,0.009508995936574
p1k_00132,1.5507793902364482,1.9850168488013955,1.0465420600375808,1.9141546513670715
p1k_00107,1.492947634001432,1.4794937879459764,0.9340792243069496,1.4435866533471695
p1k_00101,2.0051978064173075,1.8982416525714636,1.3373970600385727,2.1632315603385326
p1k_00916,0.4463145768813288,0.4916144766798948,0.4471852491608497,0.5038294864496539
p1k_00713,1.6335776839149092,1.147614635508453,1.4125266931106222,1.4558592328733664
p1k_00186,0.8883047975087203,0.6271259771392845,0.6957025510495722,0.6930699054153509
p1k_00087,0.6477098571653854,1.42638776969518,0.3959627961153595,0.5684562079915815
p1k_00280,0.7727565506712943,0.9134006477909627,0.7253246266070191,0.7146491287943126
p1k_00115,0.6854903392139764,1.053921665335546,0.4680795982090494,0.5694193019788645
p1k_00375,0.6492771555677636,0.245047946306864,0.4388027319550803,0.334732369897724
p1k_00609,0.4840421329549104,0.3134007920467614,0.3519297112095474,0.2392187263342159
p1k_00630,1.9918132052602624,2.052055365332387,2.213020965705835,2.144139963509273
p1k_00796,1.3778573661336515,0.968283953309826,0.6480500911909596,0.7175049286372228
p1k_00163,1.2372961951139805,1.2787418969307165,1.0750408036623629,1.3420592491901135
p1k_01006,0.4479103155534417,0.4169929699876789,0.2802747833078022,0.3591390567813159
p1k_00286,0.8806919340978989,0.7743612638065394,0.9657239560252734,0.949831129126167
p1k_00238,0.7640621414212675,1.426206566949601,0.748623404197598,0.8949468259216352
p1k_00815,1.1647483502386786,0.9566593955651148,1.167524986702445,1.4612534379015507
p1k_00735,1.15432626841862,0.7153504980415442,0.7835698200541293,0.328507379879947
p1k_00952,0.6438944818603853,0.4117648081968473,0.1962041278054362,0.2664180745139488
p1k_00612,1.3927479321613172,1.1741010584958833,1.9788873445572348,1.771520694759694
p1k_00053,1.0231500720268722,1.3052418106907255,0.8245116473775889,1.1143796609432173
p1k_00013,1.3862444438584247,1.7580361481522582,1.299598020210319,1.7258238940284445
p1k_00451,0.8227622963531672,0.9280036353034804,0.8315953855830658,0.6866106979792677
p1k_00750,1.8521457135900508,2.002263683384959,2.290034064938365,2.145958810062642
p1k_00992,0.5712763320530058,0.429023942024437,0.3002339512158908,0.3358780156019039
p1k_00061,1.391736121876992,1.3342728996506863,0.6737710941539939,0.8031038862026277
p1k_00273,1.3855501258709555,1.6332867458468563,1.075519834596448,1.6888708585224848
p1k_00315,0.9115809064421068,1.9308855105231837,1.1300966347448158,1.4882854542902824
p1k_00244,0.7297505580050958,0.7247481636817075,0.5208638334049772,0.6528871151508259
p1k_00647,1.3027335215112084,2.363865967119128,1.8471332751174667,1.7959571064034576
p1k_00274,1.025357531356505,1.1769498750893013,0.7798367425343977,1.2085545618364189
p1k_00313,1.2929090742095035,1.1234806446896637,1.2481285482070548,1.5106103974263316
p1k_00655,0.9336356764267828,1.128478673433942,0.8777417632518696,0.9070664783610056
p1k_00890,1.3566225742913351,1.205475194773336,0.5900500035719338,0.8493922973388753
p1k_00970,0.6060828221602151,0.4687422330351665,0.3526042928834136,0.311881473365857
p1k_00098,0.4394393606273277,0.4508602310032656,0.2440108660505573,0.377894483914898
p1k_00049,1.2616022550609047,1.752009590168535,0.6873597315020297,1.2251327934862493
p1k_00611,0.7134094790056227,0.325817853049978,0.4689792798470909,0.3118684736150702
p1k_00763,1.8364558018325732,1.887127462014103,2.457528383107459,2.2148530749902653
p1k_01030,0.6690761066338096,0.6085167574582884,0.390655082779713,0.5063672114072624
p1k_01037,0.6801223530492132,0.4571911584134195,0.2917058215077409,0.3418248537310582
starve_series__t06_starve,0.02315645683149,0.0681877863542576,0.0427724745006218,0.0232792329092647
p1k_00240,0.7784485054714494,1.124935740508433,1.036569702162979,1.021366485344164
p1k_00374,0.1355670678911402,0.0094429607691042,0.0108340500802454,0.0115518241499155
p1k_00632,1.6468451804518898,1.655068958248945,1.928587925749941,2.2359690132412484
p1k_00545,1.244471824232341,0.7134631730993951,1.0976311249881572,0.5715849086132095
p1k_00971,0.6757597240935109,0.564796368639633,0.2104321469747393,0.2815157959009474
p1k_00210,0.5141682705619339,1.2204040942195653,0.5713230461712647,0.4104814912578589
p1k_00852,3.0182484943262424,2.2075221300130714,4.65129930245976,3.910010133227052
p1k_00264,1.0599476904463565,0.97963509034122,1.0687348670243904,1.2738519235063583
p1k_00529,1.1490882824598898,1.3538922818324692,0.907468830019848,0.822538059973726
p1k_00950,0.5807878107966342,0.4869351671167886,0.4714265312249662,0.6292307031168507
p1k_00102,1.8427692318227449,1.9030851199791747,1.4041887259941843,2.1925926601044945
p1k_00299,0.7114965902684955,2.1029129397959365,1.1424032675953382,1.438313282593774
p1k_00445,1.2767716678834486,0.9386042643021472,1.566237046667594,1.3455595702523009
p1k_00160,1.296341353767819,0.9103777511747384,0.8570354329953915,1.035557196116463
starve_series__t14_starve,0.0257366150171584,0.0801464887476925,0.0382676778906769,0.0144992412805847
p1k_00073,0.7594805250171013,0.8613201185701229,0.5487773371893074,0.700401479801735
p1k_00352,1.149749518869594,0.7446653808525945,1.1361740597755372,1.035159558864117
p1k_00100,1.8419957043787647,1.2755894414462998,1.0841214399455428,1.5587050725198708
p1k_00756,1.7261817689697945,1.2838420474826395,1.5022684579824308,1.6286205979361297
p1k_00730,1.6137572812871963,1.492593670138317,1.7269592094480326,1.7739869613564314
p1k_00453,0.5635656064627868,0.5180411951041257,0.5125432784284831,0.303652355782929
p1k_00466,0.0611751380851635,0.0723486146926917,0.0403817624985825,0.0211392384180073
p1k_00788,1.8924044506926732,1.6645863351582857,2.3324171873678337,2.0119471446946
p1k_00953,0.9444487873731472,0.7040517332291272,0.806426941360787,0.9865200932960114
p1k_00108,0.8078025055790683,2.9929495197793297,1.1191724708755058,1.7052451921420086
p1k_00041,0.7744452847302707,0.828839134448843,0.2981196367491158,0.394620417893824
p1k_00584,0.1888079310747028,0.0253520306105846,0.0183982667680352,0.016722304232469
p1k_00289,0.7472955435411905,0.6981641165983891,0.4892917748751005,0.5867613004389617
p1k_00813,0.9832237466736632,0.7468735457497802,1.0322520109079365,1.1825867098451124
p1k_00839,2.381490503380576,2.33489289248246,2.3540678808481776,2.1580884175894424
p1k_00777,1.5324377185646108,1.4131472310115063,2.086599979451974,1.4822811580675548
p1k_00651,1.5404388781895766,1.312832516165187,1.626265278619528,2.032915297814751
p1k_00507,0.0917647652375434,0.0559899493431541,0.053659221015259,0.0406158610262772
p1k_00996,1.109737029769538,0.7292278468456216,0.8361277710647269,1.0668739154674511
p1k_00002,1.1302052728076128,0.849644241363537,0.6956589173911812,1.1357159126261371
p1k_00343,1.6222389983164294,0.8833175299431237,1.3900304211286558,1.4380627606844325
starve_series__t17_starve,0.0329685008473324,0.1325112571170978,0.0595929070711554,0.0269487646247755
p1k_00457,0.0692072792344663,0.0222097987276154,0.0204523002924837,0.0095430631975069
p1k_00423,0.888697120030478,0.8496386159370288,1.1362770347536115,1.0433013753023217
p1k_00388,1.0609908275813549,0.7897120350385114,1.1615954762619052,1.0437813025239446
p1k_00607,0.6185622703486526,0.2457701673733672,0.3506473419627229,0.2071086655278566
p1k_00710,2.58087637245368,1.43798621429912,1.500073679832418,2.1654252593783374
p1k_00308,0.8259799695123586,0.7962350748955686,0.5576095797199464,0.6164092437659953
p1k_00081,0.8384073932339022,0.518217654566308,0.7448120376340729,0.6382637368175089
p1k_00340,1.0930142060275214,0.8239795178292625,0.6595591852519048,0.812068637582699
p1k_00346,1.9054826063719348,1.024884539447544,1.62657726690603,1.6144066329220763
p1k_00131,1.215794548489215,2.226238521806695,1.3088100885544365,2.606046775804003
p1k_00169,0.8370804320908469,2.2938688470584383,3.866168936308119,5.813962390645507
p1k_01033,1.016413732280181,0.5465353088425549,0.7258137775975256,0.8305604714074838
p1k_00409,1.023377813047604,1.2545471682775124,1.132736524453456,1.42005175210412
p1k_00312,0.4276297436935845,0.6556240139456488,0.3706178062230145,0.2517026908580946
p1k_00062,1.4528240728957578,1.3870691850064991,0.5565012340956158,0.7294493389524048
p1k_00672,0.7961652185369817,0.8620289636983078,0.4375705593470926,0.515132260593429
p1k_00450,0.862469339218743,0.919422222672252,0.7658084068887353,0.7036950876463305
p1k_00778,1.0489696654129903,1.6119698073129578,1.8862750185243349,1.6061776268245929
p1k_00900,0.9318354949036014,1.6139659919864655,0.5672975027919999,1.079868481245168
p1k_00020,0.1790306491615163,0.073667431525555,0.0207804402151088,0.0128432538937098
p1k_00894,0.3921295702906983,0.1712184933518572,0.2015478455390917,0.3111910641984405
p1k_00905,1.8000661527119732,1.4255867076222457,1.259990882897888,1.972788640864432
p1k_00318,1.3368513007455436,0.7932169860135314,1.1804652902652948,1.307090101770242
p1k_00899,1.3153706412730817,0.9668804774828368,1.1054846160338028,1.633212764867701
p1k_01040,1.176460975963077,0.8067864026167134,0.8237743533073859,1.0597690894894425
p1k_00384,0.0818225116182638,0.0110097604854206,0.0097658979312786,0.0092657424936415
p1k_01035,0.4687202948408944,0.386209569786357,0.3913285004846468,0.3956586056331611
p1k_00066,0.9723889647444096,1.509931831455526,0.9993589418378404,1.6641734551610567
p1k_00929,0.986444028486151,1.0073677346101946,0.9222823440265874,0.7529086710067655
p1k_00506,0.42003587821927,0.357559040525863,0.3269065731606241,0.3477490411654043
p1k_00406,0.844597788092946,0.7485505678397122,1.0720114320951422,0.9202080268231166
p1k_00503,0.7519848448973918,1.0915462082511531,1.1148959299915708,1.116041446022969
p1k_00733,1.7314859596582093,1.4020484880789146,1.5576739616444064,2.2036816328759543
p1k_00481,0.0409855268380967,0.0313145337787137,0.0248712297993299,0.0140947290328589
p1k_00223,0.5789319202687654,0.6319156083465216,0.6796555322685891,0.6585874721839229
p1k_00402,1.581846633053788,1.7171626069323105,2.3520985507073147,2.496650055165118
p1k_00582,0.8370821396798768,0.9355554797813552,0.8892977101656732,0.8383519717705826
p1k_00213,0.8748853036680537,0.9967725231819942,0.720117394543066,0.7191208876104286
p1k_00382,0.8998806790192975,0.526719608624404,0.6290892637686568,0.6717925049850515
p1k_00024,0.1875400015809005,0.0788353358123045,0.0222755171025588,0.0161509165151309
p1k_00058,1.5030114283268696,1.558676162042573,0.6219403763332362,0.845941553252674
p1k_00237,1.354317460206014,1.2997567864358557,0.9272012497315192,1.1148804086733106
p1k_00514,2.190433413256238,2.769841994203836,1.2025682138542968,1.2736127987914576
p1k_00122,1.087519096150339,1.3924324230598135,0.5832846928132556,0.8691999839547587
p1k_00909,0.9603787220220956,0.3018760736601807,0.5242012040021475,0.3956595052851911
p1k_00493,0.5705562037059569,0.5135662666627786,0.3295915336446944,0.2984025900614495
p1k_00806,1.4727548918369635,0.955879270168176,0.77785482503321,0.9219071468926036
p1k_00390,1.0048275672885918,0.8413957430035854,1.3833084381333156,1.1815472993446927
p1k_00620,1.0119711035414751,1.1507360935955304,1.0919621841433813,1.3314823311257675
p1k_00183,0.8111899113619458,0.8449259932938122,0.8714572423322351,0.7839898241419309
p1k_00336,1.6802137424189418,0.9970075211009382,1.2547828690468226,1.4134791447414807
p1k_00844,2.5964089745480674,2.5818552359787894,2.0264537400955147,1.971073485159888
p1k_00221,0.697838633094878,0.6575665231072375,0.7026384288432135,0.6008009769903134
p1k_00162,1.2295890982382265,1.0279687296072697,1.914103985873524,1.8237221298202448
p1k_00794,1.4272068661009152,0.7227780565791544,1.0458121200709878,1.0928690170953137
p1k_00804,1.0277373147616669,0.7394240200112256,0.5052477752030514,0.5921735193349211
p1k_00821,1.3743261426566205,0.6801646745991174,1.7353889123486308,0.4159665837897302
p1k_00526,1.3865265123375703,1.196062218755268,0.9076718170888342,0.7779949215502697
p1k_00847,1.9833609857672276,1.5428016577583556,1.7288399017196958,1.59318339826505
p1k_00942,0.484042368289495,0.3334521055672845,0.2701601922686658,0.3326171760651522
p1k_01045,0.9397333850610042,0.7968387710505781,0.6453379854058442,0.7895256652783954
p1k_00985,1.2593733247685153,0.7158430161826398,0.5982910742347114,0.7952418241082415
p1k_00363,0.5630948440119444,0.363038190400906,0.4364841217132212,0.2756218141319271
p1k_00149,0.6436261942223032,0.6303466992936595,0.5570386912295604,0.7075571321069313
p1k_00307,0.7622589918824775,0.7920137225569294,0.5228767686646746,0.5861378931246749
p1k_00533,1.864384361913252,1.3675403366111374,1.206204062231368,0.8977683416789418
p1k_00709,1.2208664514958272,1.2847281413340044,0.7714109040439976,0.8381943024352565
p1k_00925,0.7006788563228606,1.2037591861460233,0.7907183556096856,1.041450789231778
p1k_00881,1.839783142458382,1.4576947747645834,1.689865242938739,1.5355477657842052
p1k_00197,0.2506635584408351,0.2232120251504249,0.1580242479385448,0.1529189606699274
p1k_00823,1.3486212809302072,0.3802688004804945,2.8448227541195577,0.5221643732457502
p1k_00836,0.3865922509449497,0.2684794144473599,0.2581088371787805,0.3254915074825368
p1k_01042,0.5798090607055209,0.50550124666583,0.5328697406924277,0.5573198232951009
p1k_00826,0.413956972960524,0.4675704845015991,1.0136232314038698,0.7393622245834038
p1k_00188,1.2967240888079683,0.9886099994307564,0.8130308834148984,0.5604143056852076
starve_series__t26_growth2,0.8124869007225172,1.7299149312393938,1.188841355944841,1.8855582910644613
p1k_00277,1.2131369464095476,1.1080540441426252,1.2863091036927137,1.3072399637230816
p1k_00490,0.3650512406176966,0.2631967807141738,0.1857921721415908,0.0957281954559368
p1k_00485,0.2047655539550671,0.0168317255701802,0.0242930051354108,0.0128548076043956
p1k_00728,1.5184550628197346,1.2364673049116237,1.3696598455887994,1.4314509491120009
p1k_00498,0.0593919453789823,0.052916145156536,0.0563092077474484,0.0418004009225397
p1k_00170,0.9192992916025188,2.128257071436272,3.5283365750209663,6.013595206661853
p1k_01036,0.56409372880701,0.4730682969647677,0.3660903870594956,0.3707805549862341
p1k_00749,1.96154640749123,1.9714394762781031,2.2919421165385225,2.1039961037470785
p1k_00849,0.1342484940656698,0.0566784876444741,0.1159239545219959,0.0564481622029251
p1k_00872,1.0828689731949876,0.9426123359399772,1.000038801976624,1.0294057142136717
starve_series__t18_starve,0.0308163646859598,0.0876535708956454,0.0417053659758836,0.0175244009643063
p1k_00194,0.2788985794048794,0.4321729365592767,0.2346597851314614,0.2863022683792238
p1k_00001,0.976146466356644,0.8285073297246076,0.6229407239690479,0.9793920999327336
p1k_00292,0.8384948831531873,0.7651078811332777,0.8783334501396358,0.87170395661211
p1k_00431,1.0093638247606598,1.0194241295206363,1.3976339457623388,1.2494221927626947
p1k_00586,0.3114931097075182,0.0695551975888972,0.1394550406378646,0.0698833856684919
p1k_00410,0.8950355480360489,1.1114518771984685,0.9853018301332884,1.084371321002506
p1k_00011,1.6908499719418588,1.9285599200921004,1.270633222461499,1.7817585631613582
p1k_00202,0.9439187645800012,1.26220888672719,1.2260704859842404,1.213709334705019
p1k_00461,0.1575977650849427,0.024523994832645,0.0185678881180636,0.0129074932959469
p1k_01014,1.176210752378566,0.4865293934294122,0.441347347213916,0.5739271456650663
p1k_00917,0.2092385438995067,0.1596328079410096,0.1176586087125952,0.1407173201138236
p1k_00741,1.3405238385405258,0.9507339638143985,1.0750401322720589,1.1154748428136323
p1k_00015,1.734424667036665,1.6941237670223823,1.3881773877839014,1.8415115654700325
p1k_00019,0.1978315400881401,0.0632945397579273,0.0229208211893247,0.0128900884631146
p1k_00203,0.7686450911255166,0.7914340894596851,0.6654509347962024,0.7263166924271671
p1k_01041,0.4075693308207992,0.3405058364436645,0.3348033111137826,0.3993422226919204
p1k_00973,0.4492479516992861,0.44228212573262,0.3905107769969607,0.4779604949538195
p1k_00063,1.350886875385552,1.2398120972417306,0.5970005732899546,0.7853313228020569
p1k_00491,0.1126013928184437,0.0595751043241818,0.0531156844353328,0.0342370149252882
p1k_00475,0.5692008368276908,0.4542227197267108,0.328144375006603,0.2585789882971752
p1k_00253,0.7884236532590859,1.0807843587054575,0.6346539118625572,0.6626328261806553
p1k_00785,1.3777472733619769,1.3831471453757582,1.481457352224552,1.3135756190742027
p1k_01002,0.5471264291282228,0.3884844485219284,0.2758503413532662,0.3013514663825778
p1k_00768,2.1326858888581133,2.01676294473306,2.2221060315423267,2.080387507721424
p1k_00697,1.386988767430091,1.911395383191386,1.0160782113279263,1.3736766206098712
p1k_00771,1.6440926182094833,1.4087584168178011,2.807401273556627,2.0700954407274774
p1k_00928,1.016229227261284,1.24781382058644,1.0481202572601465,0.93388819922347
p1k_00931,0.5969706533628456,0.5851293690224029,0.3303018681001768,0.3286162373133274
p1k_00456,0.1722604768316949,0.3299949745183712,0.4631349491167029,0.2332817382710161
p1k_00874,0.9928518165438338,0.4545561677560196,0.8889696241628586,0.6870857903260063
p1k_01005,0.6587043469739736,0.5368831291960254,0.6300063821782104,0.6997588983483086
p1k_00673,0.8524289916264085,0.8590870184374293,0.4283629800153591,0.5101956286103049
p1k_00754,1.3334719133369235,2.520882131670901,1.036495675354831,1.048646610752438
p1k_00114,0.8283131967086608,1.5033291446241055,0.7211202382855839,0.8301913820625438
p1k_01054,0.5974295955783907,0.4819070952814324,0.2549866217059247,0.3058105761815559
p1k_00060,1.3789636037670294,1.322192096491165,0.6666677210465584,0.7766629896984576
p1k_00088,1.3589094864405944,1.3293814067035588,0.642966755828565,0.8500305926647382
p1k_00442,0.8888615142741567,0.5813084334398552,0.8920263670913102,0.7931699654834229
p1k_01027,0.6426551289703396,0.4243536729416443,0.4766058537281479,0.4943591501607863
p1k_00473,0.6057059313066709,0.4788773023570209,0.3116116567995796,0.2754782604188329
p1k_00866,1.3966040792138956,0.6548466201919199,1.225206538106926,0.8374437232355485
p1k_00911,1.2540862793152312,1.1605045806034633,1.0486590613452411,0.969917125503038
p1k_00542,1.6309083069270582,0.9244484551191698,1.3364988247982417,0.7557827180508406
p1k_00926,1.3742704638138918,1.4786631781842492,0.8516044524942623,1.3245582661852977
p1k_00331,1.0473183417848784,0.631104529103461,0.5417633517243805,0.6102363099325846
p1k_00562,1.1032486378040465,1.0900223435286516,1.9565219503212483,1.6872878403182108
p1k_00199,0.5425348004016717,1.1192573963618122,0.6330549517449406,0.471599224481138
p1k_00349,0.8593594450098451,0.7625442151892846,0.919891800113506,0.9622267485614432
p1k_00044,1.6761013649506653,1.4364095032681734,1.158187302984252,2.0209830725895603
p1k_00898,1.2538075830476556,0.995368689555348,0.979519098165632,1.6037315481508645
p1k_00974,0.5278821860312404,0.4278759408029803,0.3317140534220098,0.4590869904668279
p1k_00386,0.1198060701210812,0.0110220935390598,0.0118496397456023,0.0133943521715056
p1k_00610,0.4743497345716143,0.1155791232251253,0.2274188849093737,0.1193045113603232
p1k_00111,1.196762763904288,1.9776001544102544,0.946835507471068,1.5903959851183087
p1k_00671,1.3857072498081144,1.2678929035703494,1.3145792982063,1.5669832038923748
p1k_00509,0.9756085373296683,1.3550153519420916,1.8098947796716751,1.8051893071059428
p1k_00654,0.8291827737957983,1.1818497347685362,0.7799191465147987,0.9064655149060332
p1k_00737,1.4512676218946434,1.0068455311206577,1.13254886170755,1.185547623412096
p1k_00472,0.3903460070060504,0.3103160026347021,0.4488575430952483,0.2306381244332307
p1k_00140,1.6413565273778232,2.445615967894194,1.7118404851525155,2.5995919741536957
p1k_00551,0.8375225742951709,0.4420771602395753,1.0760231463030594,0.5297921087327413
p1k_00576,0.7251517401290746,0.6816656779964867,0.9031795000679744,0.8400480155087543
p1k_00680,1.334716574653128,1.215976781106515,0.9833604777045432,1.1922480507340971
p1k_00494,0.5737853764414894,0.5166899540586749,0.3267731804854245,0.287325377884491
p1k_00819,1.0437512092220476,0.857270095931224,1.3422486836119492,1.585626940643586
p1k_00249,0.8442898685299645,1.580548994299846,0.8219204130921537,0.934531402554082
p1k_00700,0.8008432000600207,0.9691119528127908,0.9157229701954124,1.115693918604204
p1k_00731,2.571016484000052,1.9083168882571544,1.8047540856119828,2.5182975044802967
p1k_00229,0.5415789257173296,0.6428126582864208,0.5647156408078571,0.4631446324858508
p1k_00658,1.68452606531079,1.8561640445775036,1.5378483216953358,1.539435236515531
p1k_00350,0.8191984609366888,0.7113820884302825,0.968216511130578,0.930254330833802
p1k_00319,1.253680345582882,0.8202708827664478,1.2701333957587349,1.3234581040580444
p1k_00447,0.4918099649752062,0.3523525446009054,0.5069528333759707,0.4596369964067173
p1k_00439,1.2821823105257832,1.4430072457203635,1.6583752861113643,1.6931823265667163
p1k_00845,2.4848710557674103,2.5688512748900494,2.077938436316192,2.014895909615639
p1k_00864,0.2061777442311845,0.0823903565942652,0.0956105071863408,0.0776629783130111
p1k_00397,1.2728436822968054,1.3113042965290465,1.9402838848622237,2.008304242579864
p1k_00883,1.3368513005870108,0.7932169862653495,1.1804652901501416,1.3070901021049963
p1k_00079,1.0531930520351926,2.4309449227626683,0.9710709074661866,1.0847263065405528
p1k_00198,0.1966992820610101,0.1202205128744591,0.0790317408328426,0.1019445101163473
p1k_00366,0.0469979119642552,0.0090763532697127,0.0074503302369841,0.0077351382204703
p1k_00261,1.3550464622512424,4.411639316588438,1.2313839316191162,1.5761945970723572
p1k_00753,0.4568870368539033,0.3454130968645286,0.1441498340431325,0.1306669744523503
p1k_00960,1.0245521599126586,0.6819598816343264,0.8711833735751202,1.0393777714110792
p1k_00077,0.7982834546629238,1.5818148965535666,1.0101689207166236,0.9417840927205262
p1k_00696,1.41011663576472,1.8262826733693052,0.9681629467741508,1.279887411033114
p1k_00997,1.005614623917907,0.5724408824626829,0.6079036890080539,0.7397791601543638
p1k_00965,0.6107487996347224,0.4959533957277722,0.3412111423085757,0.3848008704818094
p1k_01018,0.930025108076878,0.6336866152810876,0.8365629029150526,0.9742198262759698
p1k_01049,0.5881434921731696,0.5517570588297528,0.3712983439667296,0.4683551389394346
p1k_00860,1.4714082585962662,0.9272863816228504,1.3495688958400471,1.208447113731735
p1k_00225,0.7273099502980712,0.7928192036560107,0.836329107880428,0.7772328250558739
p1k_00071,1.0245235784460691,0.8197260454470369,1.1031357955418466,1.182608232258595
p1k_00684,1.8032735338373256,1.999703653017561,1.8971162607933187,1.925983585984739
p1k_00120,1.1883561942855252,1.823823754281839,0.8818085215906303,1.4491513505384337
p1k_00539,0.3328448321912886,0.0830485199708137,0.0208877892383098,0.026875634378006
p1k_00389,1.098799924959322,0.8933956635013707,1.442629356439385,1.190030407040073
p1k_00623,1.4809173417258017,3.0387571566842,2.165368210201514,2.7548105725494745
p1k_00595,1.6560858605742328,0.5952415378807125,1.5239458607666818,1.1357204682674755
p1k_00919,0.403058774008741,0.5872525338349077,0.4680531146556975,0.5509127136029361
p1k_00459,0.0818757285915067,0.0396659576656817,0.0616777569247543,0.0344857078520891
