,MA_activator,MA_inhibitor,actual_mRNA_ratio,ratio_MA_activator,ratio_MA_inhibitor
p1k_00723,0,1.236780270928856,0.7730577322673775,0,0.5753012720441848
p1k_00929,0,-4.400182319501362,0.036674381196727446,0,0.011561136002001197
p1k_00805,0,4.168387021988141,7.077892452222606,0,4.389316542947173
p1k_00412,0,-0.4986481605501873,0.21503449981494652,0,0.17277437121127626
p1k_00143,0,-0.7320513079647923,0.20330687559539923,0,0.14696637175786512
p1k_00470,0,-0.7309902780182778,0.2098026023933987,0,0.14707449791943153
p1k_00545,0,-2.8507670308200757,0.03346446588490054,0,0.03383927016750227
p1k_00974,0,-0.8996542579393128,0.19846155956810266,0,0.1308472071480271
p1k_00928,0,-3.933310343205222,0.044360944270046054,0,0.01597875651992857
p1k_00938,0,-1.3333317328674723,0.10796582470207562,0,0.09687562757143216
p1k_00056,0,-1.365202397994582,0.15583154665480353,0,0.094759007379344
p1k_00242,0,-2.055111307113299,0.09320596839906332,0,0.05874044426196397
p1k_00658,0,2.8049619219577755,3.256894544726981,0,1.7059450965641108
p1k_00248,0,-1.9168386862289828,0.14478421289992924,0,0.06464894369433061
p1k_01023,0,1.9728699205906697,1.4621876587262195,0,0.9582534650437492
starve_series__t08_starve,0,-2.330284429181582,0.03459119026456124,0,0.04854023371624705
p1k_00235,0,-1.7049670169716113,0.1421641474919446,0,0.074875745758733
p1k_00388,0,-1.4073754073203768,0.1198156798002407,0,0.09202909726128083
p1k_00095,0,-1.6276880580288988,0.07920211658164525,0,0.07899588076904765
p1k_00657,0,-1.4567699114636004,0.16227713624887297,0,0.08893156490878368
p1k_00693,0,-1.17482653540831,0.17297819521308244,0,0.1081258035101485
p1k_00005,0,-1.8504290757983892,0.09961790515030099,0,0.06769439606409165
p1k_00698,0,-1.5648831123810454,0.15693258272123603,0,0.08251076584721524
p1k_00009,0,4.852655161835196,8.992453662939813,0,7.053134033981706
p1k_00386,0,2.6078470430681007,2.237026029487666,0,1.4880843824660261
p1k_00727,0,-2.9733573304632244,0.058047474488006345,0,0.0310826208161921
p1k_00622,0,-1.1122535093150605,0.2575845649031338,0,0.1129186573623653
p1k_00751,0,-1.758396338331042,0.1108104962232624,0,0.0721534883749561
p1k_00174,0,-1.3369516042021006,0.14454413227404955,0,0.09663286127487045
p1k_00007,0,3.4059656539184155,2.104574830679109,0,2.587528850064901
p1k_00102,0,-1.1297447373891911,0.15918831163592487,0,0.1115578976676378
p1k_00911,0,-2.1466158601814125,0.09891865753272804,0,0.05513045942037312
p1k_00112,0,-2.012816118716032,0.11396733814597164,0,0.0604880170133317
p1k_00639,0,-0.8797397168423936,0.2741087663668943,0,0.13266590731471697
p1k_00171,0,-1.2594492095724161,0.10326205957446047,0,0.10196600042222452
p1k_00981,0,1.775662962320262,1.0814212178959008,0,0.8358246758051964
p1k_00361,0,0.6693826577270876,0.45953445028254297,0,0.38823227177914105
p1k_00615,0,-4.474804687875531,0.03132940607363222,0,0.010978346626078037
p1k_00991,0,-1.735919133732364,0.1172433019200083,0,0.0732864433250243
p1k_00071,0,-3.7103381290052524,0.035700570554770536,0,0.018649375945326566
p1k_00877,0,-0.8731181181173265,0.29333308397246205,0,0.13327620915888722
p1k_00976,0,1.5306289743697192,1.1573713213790817,0,0.7052654489406155
p1k_00016,0,-4.319874302866444,0.0276473830847255,0,0.012222938652881273
p1k_00371,0,-4.677663131528212,0.01202245844078226,0,0.009538288682367703
p1k_00075,0,-5.570254783966218,0.02117713916993315,0,0.005137757492138739
p1k_00884,0,-4.31667399090387,0.04044012909324818,0,0.012250082736966112
p1k_00691,0,2.099357368855878,1.3433801515384658,0,1.046060767861879
p1k_01055,0,1.8707921862263912,1.7099684125194548,0,0.8927953885809836
p1k_00932,0,2.826680522445879,3.195101822991472,0,1.7318209941512512
p1k_00954,0,-2.3117377490732456,0.0868479028094711,0,0.04916827479310861
p1k_00198,0,-4.672691304570191,0.03454137500634171,0,0.00957121631272834
p1k_01040,0,-2.0187987442329094,0.07404596841153128,0,0.06023770225063667
p1k_00968,0,2.018478312413215,1.5111363594652,0,0.989030972845031
p1k_00637,0,2.8999118015665264,1.8617178286719491,0,1.821997646899247
p1k_00729,0,-2.488973409730703,0.0887021208885438,0,0.04348422356974187
p1k_00817,0,-2.0558006847911097,0.13587807138121877,0,0.058712382421770425
p1k_00909,0,-5.035443760618375,0.02440066885533602,0,0.007443338353660083
p1k_00967,0,-1.1490309489722454,0.14247084765355128,0,0.110076495147805
p1k_00175,0,0.5637736674837587,0.6090187296655494,0,0.36082794038721777
p1k_00376,0,0.02124167805195405,0.4153520002680383,0,0.24773179927864816
p1k_00635,0,-0.8450256800712808,0.286094862953447,0,0.13589682111849308
p1k_00921,0,-1.9264561261555326,0.151584402067911,0,0.06421940765151168
p1k_00304,0,-3.127657312292924,0.053109886641163964,0,0.02792985670457587
p1k_00842,0,0.7984265107045087,0.42543910638429816,0,0.42455865986019686
p1k_00061,0,-1.5333861442109684,0.1237349658444763,0,0.08433195150659886
p1k_00250,0,-1.6052989243797007,0.1690221578680302,0,0.08023137708292179
p1k_00323,0,-3.9763381569497254,0.054792054982855026,0,0.015509232856626837
p1k_00532,0,1.1779177082428858,0.605015988437049,0,0.5523011370159272
p1k_00826,0,-3.36473129920482,0.03967898628807515,0,0.023697488778448694
p1k_00619,0,-1.6079455726326908,0.17407125933030987,0,0.08008432620071856
p1k_00094,0,-1.5716107626994602,0.08939879230818791,0,0.08212689310899987
p1k_00686,0,1.1868898289836705,0.6623366179214123,0,0.5557466004589945
p1k_00351,0,-1.9854554119653007,0.13756755046756328,0,0.061646119048494215
p1k_00494,0,4.028068759287012,3.427770453957034,0,3.982510191288793
p1k_00614,0,-4.378825762248095,0.03172688638945156,0,0.011733551246776367
p1k_00203,0,4.124808024684499,5.756218436310374,0,4.258712441752641
p1k_00624,0,1.8086670818420378,1.4135098889567121,0,0.8551659858122488
p1k_00880,0,-0.3828372372984229,0.46820486800491595,0,0.18721553478268682
p1k_00125,0,0.25318359241097904,0.6879539331392137,0,0.29093986328611415
p1k_00645,0,0.22644188466619208,0.6085624255074847,0,0.28559669295651946
p1k_00458,0,-5.105430372666288,0.02590034799749559,0,0.007090872749720656
p1k_00807,0,4.279974972629171,7.996998904941566,0,4.742291242273967
p1k_00863,0,3.26348127669973,3.8034285954002414,0,2.344191728886881
p1k_00683,0,-1.6350458519077617,0.1603794572632016,0,0.07859402469563577
p1k_00781,0,-0.9114259816082283,0.1958627702738961,0,0.12978389846333527
p1k_00707,0,-2.078681464717816,0.1103241503988016,0,0.05778856395462653
p1k_00896,0,-1.7685224851079766,0.15945134607418526,0,0.07164882270085106
p1k_00579,0,0.6973405004270591,0.36998977195081906,0,0.39582915799374274
p1k_00910,0,-1.8939911021449098,0.10929419410071384,0,0.06568092212713193
p1k_00456,0,-5.108843890367716,0.018744910185669383,0,0.007074115079953611
p1k_00820,0,-1.907207113268566,0.16168555109390345,0,0.06508199027709667
p1k_00529,0,-1.1347930345609294,0.10380122864122393,0,0.11116821501622084
p1k_00314,0,-0.9997990845505959,0.21487537883299498,0,0.12207250611465538
p1k_00447,0,-4.928057405198801,0.0209891291124605,0,0.008018521082104392
p1k_00266,0,2.6123619573712156,4.03242972010482,0,1.492748637305358
p1k_00787,0,-1.4498579190233345,0.12043802022977142,0,0.08935866083006341
p1k_00757,0,-1.3757884511168152,0.13001290714985134,0,0.09406623965278176
p1k_00370,0,-0.2795178789398123,0.30704248208649093,0,0.20111483583812742
p1k_00476,0,3.9673781038390037,3.2655160844852738,0,3.818450702567813
p1k_00379,0,1.672796391885415,0.9509772796469824,0,0.7783040050785366
p1k_01017,0,2.0775000074618246,1.063264152528672,0,1.0303320109207852
p1k_00656,0,-1.8428734736195853,0.08793526380839023,0,0.06804985136071395
p1k_00042,0,4.638177232455298,6.9476561292127705,0,6.078799889072307
p1k_00528,0,-0.32927501627059447,0.20333395970998983,0,0.19429683131484268
p1k_00782,0,-1.0852814436546172,0.2281641731544518,0,0.11504959823837496
p1k_00939,0,-1.4390061271711017,0.10338581775273954,0,0.09003334100506019
p1k_00901,0,3.464480525066223,3.3643448837432444,0,2.6946349112756334
p1k_00011,0,-1.4979945848668805,0.15258945700350118,0,0.0864263299522889
p1k_00078,0,-5.5232595708724,0.019660105726634812,0,0.0053078735738447255
p1k_00281,0,3.5457103053060597,4.286426499520668,0,2.850706674246489
p1k_00195,0,-2.2748952623306216,0.14531445364761358,0,0.050440068040936384
p1k_00834,0,1.1161038327778647,0.7263048836625308,0,0.5291369706670506
p1k_00147,0,-5.439829708380321,0.02582133958444154,0,0.005623872435623678
p1k_00059,0,-1.7175335375753624,0.11079283079692309,0,0.07422637669799353
p1k_00706,0,-2.344262536368228,0.08224978280230852,0,0.048072203950212944
p1k_00124,0,3.1212804038358697,1.4721676672681792,0,2.1241559635937066
p1k_00692,0,-0.722054537784974,0.22203507643748935,0,0.14798827240553414
p1k_00800,0,3.6315935240876307,4.5226907838197,0,3.0255613072236818
p1k_00867,0,-0.5894953090121623,0.418994794296891,0,0.16223016294065581
p1k_00074,0,-5.320425148909857,0.02279446149950828,0,0.006109136306644864
starve_series__t18_starve,0,-0.695142312516782,0.08516419180365793,0,0.1507747744183732
p1k_00076,0,-5.064159113382488,0.020203523861139574,0,0.007296651073580836
p1k_00022,0,2.237199988588814,0.7448553402262614,0,1.150937333110778
p1k_00418,0,-1.758356579304541,0.11880287720747319,0,0.07215547687003317
p1k_00402,0,-1.9475887869685673,0.07455353100777806,0,0.06328557503389258
p1k_01018,0,-2.1460588023665834,0.08320134527997418,0,0.05515175067197659
p1k_00145,0,-1.980401324147329,0.08280705995593236,0,0.06186245810113274
p1k_00358,0,-0.41834687649042795,0.2655416262310867,0,0.18266376977570783
p1k_00647,0,1.2434059785195957,0.5925608912523199,0,0.5779494716148885
p1k_00755,0,-2.4539830388128374,0.07285970769272161,0,0.04455176059668562
p1k_00553,0,-2.5528682776977383,0.12746262639642822,0,0.041600394407439185
p1k_00565,0,1.3311933467395447,0.5324570741508159,0,0.6142094613714484
p1k_00090,0,0.9328396549421965,0.8956697327662853,0,0.4660152103994539
p1k_00453,0,-1.6554258618978448,0.15122695026742625,0,0.0774915833399829
p1k_00154,0,-5.120540042032799,0.02447067577679396,0,0.007016995985210228
p1k_00831,0,1.3013818793119283,0.8047661365093594,0,0.6016478321326912
p1k_00240,0,-1.9514637158414767,0.11235294011193722,0,0.06311582462760709
p1k_00891,0,3.971939849998788,5.401597213594308,0,3.830543605208121
p1k_00601,0,-4.757027119443695,0.020349703300829993,0,0.009027749950907365
p1k_00626,0,2.9566931336717195,2.7677962917553436,0,1.8951373717597741
p1k_00324,0,-3.8124195554943983,0.05612124900262258,0,0.017375396845084667
p1k_00496,0,1.9654000493908717,0.9663431036934347,0,0.9533047194239712
p1k_00272,0,-3.8095728003403164,0.06586249988665686,0,0.017409716179681314
p1k_00045,0,-0.5971241054688597,0.2672668568239294,0,0.16137457362853153
p1k_00560,0,0.02889677179158313,0.3697073435398346,0,0.24904978421639176
p1k_00548,0,-3.0796022691200116,0.06939006264318805,0,0.0288758459999087
p1k_00887,0,-1.8433588961769438,0.28561081475749406,0,0.06802695852800918
p1k_00423,0,-1.7075227685989056,0.09527673316415265,0,0.07474321989425674
p1k_01049,0,-1.1664184151272596,0.18423486237118195,0,0.10875780759826721
p1k_00409,0,-1.5038259664724627,0.13177481687921472,0,0.08607769929059647
p1k_00135,0,-1.2260918553983686,0.1424099347152156,0,0.10435108013216274
p1k_00187,0,-2.582960131177146,0.06673778302307616,0,0.040741676647425194
p1k_00715,0,-2.276793045376746,0.0782345587201055,0,0.05037376062951034
p1k_00259,0,-3.200242098651189,0.01933617782641824,0,0.026559415282721568
p1k_00172,0,-1.2938079453162448,0.11584153785993613,0,0.09956630137331444
p1k_00334,0,-1.9556723360741872,0.34495756230814845,0,0.06293197186753702
p1k_00961,0,-1.8576558910613177,0.08079006192356308,0,0.06735614603535219
p1k_00346,0,-1.5789715410367338,0.2630597703073674,0,0.0817089403872454
p1k_00948,0,-1.6702175123932488,0.1266582655367614,0,0.07670113740707671
p1k_00173,0,-1.483024765647978,0.10765049805095797,0,0.08732778322266005
p1k_00964,0,-0.8634655357491049,0.1399693289023611,0,0.1341709047086616
p1k_00510,0,1.1888712886347763,0.6861829416281027,0,0.5565104112372364
p1k_00359,0,-5.025764389479072,0.010674685682402601,0,0.007493445315398149
p1k_00396,0,-1.9113403431990434,0.07676599317344644,0,0.06489580133352277
p1k_00126,0,0.6754906319365175,0.41230089822268473,0,0.38987942482990956
p1k_00947,0,-1.6913533476777252,0.13319599051392636,0,0.07558563810058541
p1k_00222,0,-1.9243720194900045,0.10135023017056517,0,0.06431224557673079
p1k_00052,0,-1.2060645284456752,0.10082266871493323,0,0.10580977111373709
p1k_00260,0,-3.176272098055379,0.02341077000693211,0,0.02700437926194828
p1k_00773,0,0.6054825329322572,0.335712878958221,0,0.37141186970994905
starve_series__t09_starve,0,-1.6688927597399197,0.03780068938822114,0,0.07677160046290585
p1k_00041,0,4.406214445204704,4.948046918505032,0,5.17595021049862
p1k_00194,0,-1.9468505236562985,0.14397929409995106,0,0.06331796814069629
p1k_00060,0,-1.5236528071973825,0.10874325185687823,0,0.08490283200720805
p1k_00034,0,-0.35913497828105856,0.2830622315839212,0,0.1903167329124692
p1k_00816,0,-1.5014706358184697,0.2308695273501221,0,0.08621834372689202
p1k_00866,0,-0.6741363919837917,0.36773783525127923,0,0.1529861443948701
p1k_00010,0,4.798921230981387,8.86493750330592,0,6.7952683506949985
p1k_00254,0,-3.446187403858142,0.05489220291122434,0,0.022396574309006614
p1k_00742,0,-2.145907826117035,0.09197353319556131,0,0.0551575225363943
starve_series__t26_growth2,0,0.31643460290518444,0.35321362879768703,0,0.3039790699030139
p1k_00890,0,3.761026053067421,4.939358221002701,0,3.309550643463991
p1k_00746,0,-3.273407808072129,0.03260209686586906,0,0.025246049908328114
p1k_00478,0,-0.32677239553009385,0.35512412512431796,0,0.19463416751987683
p1k_00264,0,-1.3541325924558634,0.16450303351875198,0,0.09548889028566743
p1k_00803,0,3.8918474690898153,5.28588585138598,0,3.6236830240454996
p1k_01005,0,-1.1504791795639575,0.19153721270090204,0,0.10996605173735262
p1k_00407,0,-1.0318534308395664,0.13849458200365825,0,0.11939016183356424
p1k_00654,0,2.634384473484451,1.8983880752190196,0,1.5157100189108668
p1k_00081,0,-5.103784437268276,0.02167115670972796,0,0.007098967169060576
p1k_00524,0,-2.496462014053543,0.09333909013939157,0,0.04325909458876316
p1k_00527,0,-1.1621782926218505,0.10805045738434124,0,0.10907792012397569
p1k_00577,0,-3.6331828775606265,0.035113356779921064,0,0.0196738949817876
p1k_00696,0,-0.7260513437681275,0.26843558649273797,0,0.14757885680437932
p1k_00442,0,-2.9821557422342875,0.13169047026326258,0,0.0308936373740727
p1k_00848,0,-0.7357890715719042,0.12135481000353855,0,0.14658610111679335
p1k_00348,0,-1.3771965031964906,0.2677406488790023,0,0.09397447698166995
p1k_00763,0,-3.3683586776296655,0.046120766793612655,0,0.023637980855444166
p1k_00218,0,-2.806211525247376,0.07767581960135625,0,0.034900651282271565
p1k_00017,0,-1.1756131885017684,0.20846324435692917,0,0.10806686221616646
p1k_00221,0,-2.0274884533515887,0.08222405225494203,0,0.05987596617521618
p1k_00157,0,-2.3504992484169054,0.13281187631275468,0,0.04786483830515577
p1k_00335,0,-0.23184478989362725,0.8005209000625195,0,0.20787159030465943
p1k_00316,0,-1.6124238060987732,0.2442029623353477,0,0.07983612387240348
p1k_00905,0,-5.419569361973537,0.031315053367101275,0,0.005703407904108159
p1k_00989,0,-1.970381031141558,0.17560866627186852,0,0.06229362174348306
p1k_00245,0,-0.8613547844477396,0.8799139524393493,0,0.1343673486384409
p1k_00191,0,2.3281909590663945,2.074319619233568,0,1.2258651226340953
p1k_00801,0,3.749891526909933,4.860985161959651,0,3.2841062913631895
p1k_00944,0,1.8907783635964417,1.3650199643126433,0,0.9052496744199368
p1k_00362,0,0.45696270664452193,0.4561945771494863,0,0.33507872657897214
p1k_00629,0,2.868697859573476,2.27394506180612,0,1.783000557323107
p1k_00784,0,-1.0358966265097662,0.18429607824126462,0,0.1190560357793971
p1k_00793,0,-1.4018886185883837,0.14790121531636397,0,0.0923797643168758
p1k_00918,0,-3.408973601470378,0.043664288068098654,0,0.02298180134214149
p1k_00459,0,-1.0417407585694718,0.10101733041115601,0,0.11857473388918349
p1k_00812,0,-2.1904405932246886,0.13311317230872444,0,0.053480942517681984
starve_series__t00_growth1,0,-1.5965067991374975,0.11394929315463011,0,0.08072181901220851
p1k_00783,0,-1.183121952602852,0.143376228439921,0,0.10750587008214496
p1k_00312,0,-2.659661216376813,0.0565363252986362,0,0.03863221152043623
p1k_01044,0,2.2584459136453217,1.5166197720046257,0,1.1680120903805709
p1k_01027,0,-1.4443743499970276,0.17383426172855082,0,0.08969895228851436
p1k_00129,0,-2.2886897151376555,0.13487989807876347,0,0.049960079372307155
p1k_00522,0,-0.8209618500851088,0.2571459486690717,0,0.13818255944935331
p1k_00603,0,-4.104787851705764,0.020025488820325718,0,0.014188062910859443
p1k_00854,0,0.129941233615355,0.4461179353083103,0,0.26711826406782335
p1k_00898,0,-1.6021455813319214,0.17216905656405843,0,0.08040693306755392
p1k_00503,0,-0.6602842939832492,0.2885833570424362,0,0.15446212188006722
p1k_00142,0,2.688333802953527,1.602226710417989,0,1.573462829041519
p1k_00263,0,-2.2526070376789247,0.07984806381784364,0,0.05122536810395957
p1k_00363,0,-0.4606664904354755,0.17948951583531825,0,0.17738338696602662
p1k_00659,0,2.741678813894428,2.9698267664283726,0,1.6327321186550978
p1k_00756,0,-1.4157764480971413,0.1162190227162745,0,0.09149475460306124
p1k_00771,0,-2.2291638970590886,0.09137334237999971,0,0.052064556874747196
p1k_00163,0,2.252831048483311,1.4874010207630208,0,1.1634751060077606
p1k_00367,0,1.2298553408730597,0.45882052325903055,0,0.5725464452546872
p1k_00540,0,-2.5976737150063367,0.06506275533139441,0,0.040328277007764424
p1k_00472,0,-0.5949413814002229,0.175607733845743,0,0.16161890992140535
p1k_00722,0,1.4166121882352685,0.9858348991779701,0,0.6516736119507976
p1k_00489,0,2.6372729245818025,1.0774865318681266,0,1.518747694766365
p1k_00714,0,-2.1618774852301716,0.08106343766087457,0,0.054550332827750986
p1k_00778,0,-0.01676248712121466,0.24867401450134166,0,0.24129113332396326
p1k_00761,0,2.855995224257542,4.028212962387216,0,1.7673705120612657
p1k_00839,0,4.734063264299313,8.194597341642408,0,6.496544514924959
p1k_00627,0,3.003657327664156,2.704810049073003,0,1.9578450933691365
p1k_00975,0,1.4819165134181305,0.975905490279134,0,0.6818497668036582
p1k_00109,0,0.262432606763287,0.40456163138673945,0,0.292811049477718
p1k_00491,0,-1.0236789494319498,0.09227281173442942,0,0.12006856079647357
p1k_00468,0,-4.918876749059041,0.0274673334091787,0,0.008069710008012862
p1k_00387,0,-1.2832904592846104,0.13387343634274707,0,0.10029480845961783
p1k_00675,0,-1.3603235873454331,0.15408811722936386,0,0.0950799995709773
p1k_00797,0,4.472243857705502,9.23665953030512,0,5.418348363120809
p1k_00923,0,-3.957203172929232,0.04229832282980522,0,0.015716307616717693
p1k_00931,0,3.312824297493342,5.082163791719247,0,2.4257545720337093
p1k_00852,0,-1.7508174024133374,0.06790007661854239,0,0.072533530967038
p1k_01008,0,2.6605906036964995,1.8177208502760194,0,1.5434940248633555
p1k_00021,0,2.2701781248341164,0.8609334663285422,0,1.1775492651631174
p1k_00960,0,-1.697624319365132,0.15364811243505613,0,0.07525780254651512
p1k_00547,0,0.636310421345351,0.8403343584113391,0,0.3794336976087917
p1k_00192,0,0.690683547061929,0.7415003261382228,0,0.3940069112952389
p1k_00241,0,-2.2695999395973443,0.07605814526082162,0,0.050625545367828276
p1k_00907,0,-5.59473200172784,0.02008141090146506,0,0.0050513239851940825
p1k_00290,0,2.2341163608749373,1.632423822221406,0,1.1484799377770867
p1k_00840,0,0.7815603367578587,0.2940975659994536,0,0.41962415477473414
p1k_00897,0,-2.9485671420508304,0.06565237593344998,0,0.0316213364226211
p1k_00674,0,-1.7750891139547804,0.11952640698508457,0,0.07132344409900426
p1k_00916,0,-3.1586307336571644,0.060782536099403046,0,0.027336617661711
p1k_00317,0,-1.5490637796212492,0.2483085161947636,0,0.0834204852619448
p1k_00106,0,-2.0807976948402174,0.09626164464073353,0,0.057703858423521645
p1k_00541,0,-2.807152018395944,0.06307529598310302,0,0.034877906955939286
p1k_00280,0,-3.54147376767729,0.044520832039231954,0,0.02096512913394193
p1k_00253,0,-2.53641080916415,0.06773176054690667,0,0.04207766578842669
p1k_00992,0,1.8532948634435036,1.5024230235297928,0,0.8820327673785392
p1k_00611,0,-2.368460942572542,0.03469210964014119,0,0.04727261068933579
p1k_00320,0,-3.871171085226438,0.07878272195338036,0,0.016682024692516707
p1k_00401,0,-1.58384063057051,0.08807081894269553,0,0.08143363789991337
p1k_00406,0,-0.8958070597470574,0.13533762610464334,0,0.13119659972029177
p1k_00988,0,-1.2661524028582087,0.14748951382042547,0,0.10149333476614972
p1k_00641,0,-0.31016119428207634,0.3677784300657552,0,0.19688813796257795
p1k_00682,0,-1.701393525888372,0.15107693740553824,0,0.07506143951434065
p1k_00517,0,-0.25204788983930015,0.17673667629652187,0,0.20498090182908738
p1k_00475,0,4.051758673952443,3.6983331529666317,0,4.0484452534387
p1k_00775,0,0.08928419742097125,0.3510904371452611,0,0.25969560285906107
p1k_00736,0,-1.694712259038278,0.25256192191115945,0,0.07540986281200016
p1k_00165,0,-1.6430361664481061,0.14756242684496754,0,0.07815993771677417
p1k_00159,0,-3.7004635702003577,0.06057060842256702,0,0.018777459856944685
p1k_00413,0,-1.4983784819117199,0.13590406813764472,0,0.08640333521138904
p1k_00162,0,-0.6701821206295104,0.253198630795889,0,0.15340603807908976
p1k_00215,0,-4.835150999207292,0.028969721856806643,0,0.008551885752821111
p1k_00523,0,-1.3239408012543072,0.28957698114008035,0,0.0975082766949354
p1k_00004,0,3.1513444429717117,1.0267014027814088,0,2.168885267250167
p1k_00279,0,-3.203446523242371,0.06747045168677746,0,0.02650048862595407
p1k_00536,0,-1.1166179716380098,0.5703210373718333,0,0.11257757036497387
p1k_00716,0,2.7743052778347908,2.813076328200398,0,1.67007694390028
p1k_00212,0,-0.09951247509179416,0.3565529319093154,0,0.22784061002724526
p1k_00469,0,-0.9153303942793242,0.19292108248442186,0,0.12943313491896688
p1k_00271,0,-4.024853967639351,0.05479526141225781,0,0.014996351187773933
p1k_00535,0,-0.9563921837068874,0.5180818208398216,0,0.12580115828179833
p1k_00051,0,-3.7980088420886844,0.023812524420165158,0,0.017549824968581255
p1k_00702,0,-1.3923380040841389,0.18929772546498902,0,0.09299334535589167
p1k_00327,0,-4.833081402111653,0.03131274167271411,0,0.00856416253923657
p1k_00139,0,-0.3780774057054848,0.15639865298851452,0,0.18783422828382598
p1k_00395,0,-1.907843367738486,0.08611065768200288,0,0.0650532942766243
p1k_00926,0,-5.137111085409094,0.03254913133202083,0,0.006936858678931245
p1k_00582,0,2.161571529190542,0.7497271700436317,0,1.0921574252534991
p1k_00502,0,-0.37088377833362207,0.3323387060428942,0,0.1887731542124898
p1k_00404,0,-2.413275927417944,0.07356653349124888,0,0.04582673673023943
p1k_00243,0,-2.3724622935453374,0.08594620201933828,0,0.04714168056783168
p1k_00356,0,-2.140212862891349,0.2048934928875077,0,0.0553756842797963
p1k_00380,0,1.4116306417710347,0.7724161757811727,0,0.6494272993134713
p1k_00311,0,-2.9541818338353254,0.04973305074071383,0,0.03149851142019058
starve_series__t27_growth2,0,-0.7836076338804424,0.1739889884564423,0,0.14180709882889475
p1k_00285,0,-1.7602848251566559,0.11720714073094986,0,0.07205910129761901
p1k_00770,0,-3.4661251082423825,0.049352867279038905,0,0.022089187843368704
p1k_00557,0,-3.1473654003439413,0.051220281652475094,0,0.027550912144857824
p1k_00504,0,-0.7046445117006884,0.2669566776915497,0,0.1497849712498197
p1k_00301,0,-1.4399665537778417,0.13155617752931353,0,0.0899734242258947
p1k_00673,0,1.777058012878474,1.1613437651514058,0,0.836633288564252
p1k_00214,0,3.9160578933078596,4.975922550615103,0,3.6850065601529
p1k_00116,0,-1.285503397326685,0.1361290589419498,0,0.10014108500659735
p1k_00202,0,-0.36991552470607547,0.29248469808509603,0,0.1888998903803434
p1k_00277,0,-1.8106658786473862,0.1276584316915694,0,0.06958612183093325
p1k_00493,0,4.073590824275087,3.659284802997162,0,4.110175847268844
starve_series__t17_starve,0,-0.50328387193404,0.08193500733291813,0,0.17222009835091767
p1k_00082,0,1.0004909176308436,0.621134091355172,0,0.48838818755028873
p1k_00440,0,-1.8849511358701085,0.09608481499739135,0,0.06609377268305887
p1k_01035,0,-1.3750071694964656,0.1953609188017404,0,0.09411719437658034
p1k_00014,0,-2.2580982205186415,0.08397496004997446,0,0.05103076479956874
p1k_00288,0,-1.9957582517029988,0.09724823957505266,0,0.06120744864208705
p1k_00176,0,0.888701942502935,0.883429273260752,0,0.45197385850848654
p1k_00431,0,-1.7377561586564492,0.09981712501048419,0,0.07319318498417925
p1k_00479,0,-0.8016615878321289,0.46658981227304774,0,0.1400435755107839
p1k_00748,0,-2.7809877410814328,0.04942876169633274,0,0.03551621260385167
p1k_01015,0,-1.4549438191300348,0.12053095070503353,0,0.08904420137379082
p1k_00223,0,-2.307717937874883,0.0879979457909602,0,0.049305464418188345
p1k_00605,0,-5.24181569695421,0.021738078811264074,0,0.006451246228329187
p1k_00563,0,-1.2680926131262635,0.11888804488724136,0,0.10135693306584162
p1k_00762,0,2.0878384594928354,2.6966895688028916,0,1.0377419594677422
p1k_00892,0,-5.47825102232702,0.020759480826871506,0,0.005476076331841057
p1k_00258,0,3.1715886886977906,3.4748137978819913,0,2.1995341230335326
p1k_00275,0,2.6090148437008143,1.803225144969606,0,1.4892894114957316
p1k_00618,0,-1.720763746411412,0.17101706548427673,0,0.07406036900317596
p1k_00950,0,-0.9165470914146935,0.2085504974317893,0,0.1293240234762181
p1k_00772,0,-1.662980186175482,0.11727626863251926,0,0.07708687786824582
p1k_01009,0,-1.075453083678881,0.1341039914911127,0,0.11583604943492884
p1k_00985,0,-0.8453367966450585,0.14616403625170035,0,0.13586751818634332
p1k_00291,0,-2.234047858125715,0.07750720064100959,0,0.05188860053114513
p1k_00411,0,-0.6777052759523432,0.21706644825209914,0,0.15260816081910655
p1k_00063,0,-1.7369164979750094,0.1697360766883785,0,0.07323579643405771
p1k_00152,0,-0.8986267647114211,0.3619562967454302,0,0.13094043024978402
p1k_00567,0,0.6623310440883562,0.5100265422553073,0,0.38633929772201026
p1k_00758,0,-1.725320925962679,0.12039579662687294,0,0.07382679649235324
p1k_00857,0,-3.115394790796321,0.055025656961357604,0,0.02816826477405252
p1k_00150,0,-5.223729003333958,0.021551917586340254,0,0.0065326329254114385
p1k_00113,0,-2.3942404878254133,0.1339734422255191,0,0.046435397868431205
p1k_00971,0,2.7953203235525708,1.693208129132688,0,1.694582197414677
p1k_00544,0,-2.4478210102573277,0.05351283014589612,0,0.04474245671222274
p1k_00200,0,-1.1649309563225525,0.22861382606372704,0,0.10886999775535919
p1k_00262,0,-0.21275140569808887,0.557364864652286,0,0.2106409573587833
p1k_00997,0,-2.1260154956738537,0.07209837285921403,0,0.05592331909694092
p1k_00209,0,3.7579062023001395,4.731280155459373,0,3.3024014209679624
p1k_00497,0,-4.819033292413896,0.028356172373253597,0,0.008647962616500627
p1k_00767,0,-3.824487010926122,0.040471648773326124,0,0.017230666089284825
p1k_01000,0,-1.2617091779102763,0.1264959340058981,0,0.10180639667425846
p1k_00546,0,-0.843785124131016,0.3016721191404358,0,0.13601372740008422
p1k_01038,0,1.943877335866827,1.3537531088933854,0,0.9391884881403186
p1k_00225,0,-2.24155785911452,0.08440653442684837,0,0.051619194362610366
p1k_00322,0,-4.729215974922148,0.033022162499491456,0,0.009203468077075621
p1k_00079,0,-5.046697369585322,0.02941870410282467,0,0.007385503144979701
p1k_00343,0,-2.6153926679768396,0.140698494468428,0,0.03983600068767889
p1k_00594,0,-4.272955614044119,0.037625674927998544,0,0.012626982097558505
p1k_00180,0,-1.9018223026406862,0.13222888762018484,0,0.06532536051590918
p1k_00573,0,-3.15597955771686,0.10065825328786815,0,0.027386899123187244
p1k_00792,0,-1.2408025249675996,0.14753452989018243,0,0.10329245413406289
p1k_00941,0,-1.3119320814859812,0.1682415561905935,0,0.0983233044502799
p1k_00105,0,-1.539383811492068,0.1304404521644682,0,0.08398208887782213
p1k_00464,0,-0.9890311365177523,0.10452446602483915,0,0.12298703624480922
p1k_00031,0,-3.0550469959911615,0.044115484182878355,0,0.029371531398699042
p1k_00914,0,-4.9802414242878426,0.020858592612558687,0,0.007733664369156848
p1k_00098,0,-2.210426861037678,0.07779683374424747,0,0.05274515662658565
p1k_00073,0,-5.183766873427293,0.02794354715456404,0,0.006716113937812294
p1k_00809,0,-1.0920672215196177,0.25779824408104085,0,0.11450972817579042
p1k_00913,0,-2.3589431170697797,0.11146009298817094,0,0.047585511112036884
p1k_00591,0,-2.3043092535144036,0.17535501551439214,0,0.049422097153792616
starve_series__t11_starve,0,-0.6114922921287618,0.06712775839966723,0,0.15977537761873775
p1k_00199,0,-1.7332009167000633,0.150928734433127,0,0.07342465426878954
p1k_00846,0,1.1119945155811437,0.4669131737360052,0,0.527631941674314
p1k_00239,0,-1.9949476834623814,0.13945714793730335,0,0.061241847286617516
p1k_00300,0,-1.9110507019315683,0.10689589383400039,0,0.06490883138393279
starve_series__t07_starve,0,-2.903808303834883,0.028285759526878233,0,0.032617748035828203
p1k_00752,0,-2.0096280498911865,0.09834456587042065,0,0.060621831285815164
p1k_00236,0,-1.3754914847744175,0.12439587380274822,0,0.09408560437060294
p1k_00344,0,-1.718676308313465,0.22025716091216077,0,0.07416760464779598
p1k_00436,0,-1.829254133529373,0.08529814966369118,0,0.06869529783729943
p1k_00569,0,-3.6454057848024775,0.04044762096310779,0,0.019507916459449045
p1k_00037,0,-0.07833210883647553,0.3220952131732718,0,0.2312102377654142
p1k_00178,0,-1.180432262748248,0.139175886070773,0,0.10770648570286488
p1k_00084,0,-1.3109715451371056,0.1363121404262536,0,0.09838878922145472
p1k_00268,0,2.810183329968716,4.400764164770481,0,1.7121304465639229
p1k_00424,0,-1.8189962405529083,0.08510825060429666,0,0.06918547775781649
p1k_00576,0,-3.658490385747239,0.03854916466200734,0,0.019331788262175874
p1k_00677,0,2.719619370939985,2.411509471279632,0,1.6079568203476065
p1k_00858,0,-3.558740418897283,0.044862576164362664,0,0.02071570709714684
p1k_00744,0,0.6451038143035686,0.34988513616019956,0,0.38175345223876533
p1k_00634,0,-0.28193695031077426,0.4230045868311589,0,0.2007778945778446
p1k_00064,0,2.9957452820478228,0.8538042146633291,0,1.9471372444909887
p1k_00799,0,3.6940101917333674,4.594377059839247,0,3.1593318569699598
p1k_00391,0,-2.456510213323868,0.06953114509135463,0,0.044473787417369896
p1k_00845,0,1.3180904132700237,0.6744918067595975,0,0.6086563062693472
p1k_00943,0,2.0184234420943765,1.343109474155659,0,0.9889933575408295
p1k_00333,0,-0.6113461672293048,0.5238729294335096,0,0.15979156145713702
p1k_01022,0,-1.2701698609947516,0.18343631899830382,0,0.10121110046392212
p1k_00483,0,-5.247271210931221,0.018979217879516327,0,0.006426897074462605
p1k_00804,0,3.832210851203402,5.189923093758488,0,3.476944757906119
p1k_00270,0,-1.2137862183594663,0.1138486335789212,0,0.10524496175852621
p1k_00189,0,-2.5343447181345997,0.04772376348493152,0,0.04213796860090276
p1k_00400,0,-3.304145480482585,0.03772764344995669,0,0.02471385390508027
p1k_00462,0,-5.356508573067958,0.025613854214702976,0,0.005958234915696558
p1k_00020,0,3.33923068037763,1.2454065900451943,0,2.4705632215330606
p1k_00982,0,1.98466814409383,1.2809840465731281,0,0.9661221018188858
p1k_00747,0,-2.3841063765002763,0.06809179268067059,0,0.04676272841184989
p1k_00160,0,1.7023659715655588,1.5730536889391504,0,0.7944207801379976
p1k_00640,0,-0.24837144122676305,0.39963161900626476,0,0.20550392489086067
p1k_00724,0,2.1021154936127493,1.5490827234241848,0,1.0480625254670477
p1k_01029,0,1.820294542364921,1.2692588485723946,0,0.8620860804823748
p1k_00818,0,-2.1431736781977433,0.13026984113835519,0,0.055262154364649776
p1k_00054,0,-3.2559199353474013,0.06319344326672535,0,0.02555393646550967
starve_series__t03_starve,0,-3.1901805905898106,0.034734919476918806,0,0.026745290863347992
p1k_00184,0,1.2112082463421827,0.743554637334955,0,0.5651937983262182
p1k_00466,0,-1.7629912184263525,0.10037536690160823,0,0.07192405026222644
p1k_00578,0,0.982091973593727,0.4383970177525807,0,0.4821992352301602
p1k_00769,0,-3.5585274382220393,0.04368501010285673,0,0.02071876551964437
p1k_00859,0,-1.0614515221398122,0.22507934537112817,0,0.11696572782626848
p1k_00798,0,4.514986674116642,10.089320646852862,0,5.581279781642338
starve_series__t16_starve,0,-0.5551051059367448,0.07317963996665461,0,0.1661437800091148
starve_series__t28_growth2,0,-1.2732755877575914,0.12687493405944403,0,0.10099345507131527
p1k_00642,0,-1.3630881783788587,0.16982427265346986,0,0.09489797522416003
p1k_00743,0,-0.17437474839354342,0.24547839369251245,0,0.21631933787426563
p1k_00790,0,-1.5303508303513627,0.141562381669777,0,0.08450956589990212
p1k_00906,0,-5.6945306549332475,0.020629518143109735,0,0.004713709742521326
p1k_00917,0,-4.453902258131097,0.030282224032477534,0,0.01113856381222053
p1k_00030,0,0.5215718903543498,0.45563165231298774,0,0.3504258686719778
p1k_00979,0,-1.2663967139905465,0.15517469536842013,0,0.10147614897744194
p1k_00700,0,-1.1837881374792283,0.16303368967291657,0,0.10745623918317354
p1k_00774,0,-0.1555851604825536,0.2566511740608659,0,0.2191550963940805
p1k_00289,0,2.708571483291163,2.1939921172815797,0,1.5956904158866119
p1k_00055,0,-3.3931707397665427,0.04166985957111883,0,0.02323492107624855
p1k_00612,0,-1.0535042958613934,0.15545190885739998,0,0.11761182284568043
p1k_00592,0,-3.7919749238687164,0.09772894110589021,0,0.017623378949356595
p1k_00814,0,-1.8460152342070923,0.16726407289124043,0,0.06790182027207928
p1k_00581,0,-0.3639083615717984,0.146418499020576,0,0.18968808066049234
p1k_00179,0,-2.107708212778923,0.12481457232184742,0,0.05663748765718544
p1k_00345,0,-4.93591213126488,0.046182564451350494,0,0.007974983023226065
p1k_00966,0,-1.0107182999760325,0.19452967646117755,0,0.12115207289013612
p1k_00122,0,3.3150774629685067,1.9517790035166775,0,2.4295460155202844
p1k_00036,0,-0.7667053039145214,0.20552308773102818,0,0.1434782531136061
p1k_00155,0,1.7218582468816077,1.3971215415032616,0,0.8052270492010941
p1k_00331,0,-4.4862631260731245,0.035092755617278204,0,0.010891497730250138
p1k_00660,0,2.881631250550588,2.279069836836553,0,1.7990565614122225
p1k_00002,0,-0.4797637710618357,0.2695702389691191,0,0.17505079552536368
p1k_00718,0,1.274844882643411,0.9238031363652571,0,0.5906822550122844
p1k_00802,0,3.72451905057424,5.040525292465526,0,3.226854091243555
p1k_01034,0,-1.1449562079908273,0.18572831713163854,0,0.11038783414005429
p1k_00188,0,-2.377598907415208,0.0584846795690801,0,0.04697413438652824
p1k_00443,0,-4.211126032101239,0.04546633795245432,0,0.013179900253999276
p1k_00542,0,-2.7753287072101878,0.05988200088481661,0,0.035655800078201676
p1k_00399,0,-3.8800462723864766,0.022655875021813144,0,0.016579715047683612
p1k_00930,0,3.5058026092244003,5.954928738140716,0,2.7729313573566574
p1k_00719,0,3.503554030210156,3.263315244935089,0,2.7686128433531425
p1k_00365,0,-4.2804461567096705,0.013222352476339516,0,0.012561592094656307
p1k_00519,0,0.24840929275262622,0.898116842154602,0,0.2899786495688268
p1k_00066,0,1.2281400578534423,0.39678712238715363,0,0.5718661243409838
p1k_00728,0,-3.293873224309442,0.04468813441423575,0,0.024890449076050786
p1k_01021,0,-1.3974378686586721,0.13118592391489411,0,0.09266519823656642
p1k_00861,0,-0.6696211040273905,0.36957858990767584,0,0.1534657042369096
p1k_00261,0,0.0009454812789934917,0.7096806965175337,0,0.2442710464532941
p1k_00023,0,3.6116114464048352,1.634045435952127,0,2.983944579361005
p1k_00631,0,2.421861184853144,1.446322766698955,0,1.3080978645177486
p1k_00925,0,-3.734706216467409,0.04740816710282425,0,0.01833702083939492
p1k_00309,0,-3.0115392638933938,0.056741599087780085,0,0.030270787764314157
p1k_00806,0,4.240476696026832,7.174207784910568,0,4.614217437773427
p1k_00882,0,-1.5490637795686446,0.24830851613593058,0,0.08342048526498656
p1k_00935,0,-2.058018449983492,0.07231240514025221,0,0.05862219687070157
p1k_01033,0,-2.523303740894457,0.08302568217587031,0,0.04246168854994674
p1k_00357,0,-0.396471731523498,0.3001169305466139,0,0.1854545492156227
p1k_00481,0,-4.872692478346283,0.024545723848427636,0,0.00833222097338039
p1k_00196,0,-4.851025899824929,0.02224673751213107,0,0.008458299696441293
p1k_01054,0,2.234494407543247,1.3336924378555974,0,1.1487809271707727
p1k_00148,0,-4.99692151788098,0.027032482439223755,0,0.007644764508712818
p1k_00681,0,-1.4339010954214932,0.11129988355000296,0,0.09035249176683086
p1k_00885,0,-4.729215974964658,0.03302216250171721,0,0.009203468076804435
p1k_00701,0,-1.9000650103249848,0.1054793111236911,0,0.06540497934967508
p1k_00709,0,1.2144390909229354,0.9534995748267359,0,0.5664609403583554
p1k_00833,0,1.4575580869486442,0.7854646177350559,0,0.6704340749517953
p1k_00652,0,-1.1208742878563431,0.1858858585815123,0,0.11224592744018227
p1k_00120,0,-1.1741744770725133,0.1608219793287593,0,0.10817468443432257
starve_series__t25_growth2,0,1.6081164571292361,0.9418889613874379,0,0.7441811493223974
p1k_00186,0,-4.069736051727803,0.044152348624152085,0,0.014536998602630413
p1k_00065,0,3.0206817783343864,0.8399129249344995,0,1.9810853998191793
p1k_00492,0,-1.0338419214933259,0.0883516688143584,0,0.11922571773491715
p1k_00551,0,-1.899840315688618,0.17163458377964252,0,0.06541516673656621
p1k_00600,0,-4.360498506799061,0.02319110759719601,0,0.011883559037785072
p1k_00446,0,-4.962917228310855,0.02563702783007758,0,0.007827091719035105
p1k_01012,0,-1.605664553243547,0.11660956636358266,0,0.08021104625104822
starve_series__t21_growth2,0,0.978618596791248,0.36827509610030307,0,0.4810397073716775
p1k_00922,0,-3.8019953857586963,0.05704699756448951,0,0.017501397152999205
p1k_00183,0,1.5212149915065587,0.9653069755538436,0,0.7006783796809766
p1k_00193,0,-2.7116553459331296,0.09899508530261451,0,0.03726471273192745
p1k_00392,0,-2.4554711231179778,0.0819824212096609,0,0.04450583086496753
p1k_00495,0,1.9593246465199181,0.8997229380134196,0,0.949298652798616
p1k_00516,0,1.0260161743730114,0.39300189643148215,0,0.4971060162251305
p1k_00795,0,4.387367639394329,8.121083209396142,0,5.108773355445172
p1k_00306,0,-2.7505518649456056,0.0690018748129077,0,0.03627344123348696
p1k_01046,0,-2.2737769639687024,0.11125533509590141,0,0.050479181582846096
p1k_00455,0,-5.0208474085207015,0.018578556567798454,0,0.007519027982489679
p1k_00048,0,3.5229812993509224,4.417069328006014,0,2.8061470139666818
p1k_00028,0,-0.7918124963885649,0.21618993351835766,0,0.14100290567551163
p1k_00058,0,-1.6841177976782702,0.11899957905714478,0,0.07596567503636013
p1k_00350,0,-2.2478034104305227,0.07885280979670828,0,0.051396213416333186
p1k_00513,0,-0.4954704886012204,0.21402046678884648,0,0.17315534247406103
p1k_00561,0,-0.41939171969095,0.3291923195214556,0,0.18253152706492226
p1k_00584,0,-0.32019749998069763,0.2121657910309934,0,0.19552321181000593
p1k_00181,0,-1.759914905324099,0.08613827670596452,0,0.07207758026070686
p1k_00903,0,-5.2441040551223805,0.02549314924775099,0,0.006441021572630312
p1k_00488,0,0.5998055774609846,0.4307257293078616,0,0.36995324844425004
p1k_00963,0,-0.21727302422452877,0.23373903520363115,0,0.2099818110764243
p1k_00636,0,2.9951227036952512,2.2196510348533685,0,1.9462971612191147
p1k_00103,0,-1.9331353994187623,0.10063554706831727,0,0.06392277700026999
p1k_00398,0,-5.019132280819427,0.025429933020054574,0,0.007527972188660642
p1k_00283,0,0.9549001562676124,0.9299853819163207,0,0.473195890808834
p1k_00644,0,1.7983083083340536,1.3841154760808472,0,0.8490477529958893
p1k_00111,0,-2.223238371289683,0.09266509371148152,0,0.052278839379593725
p1k_01042,0,-1.3334883131989304,0.19907847881380714,0,0.09686511391864003
p1k_00741,0,-2.315795158339424,0.08982483350477431,0,0.049030189098138825
p1k_00499,0,-5.069690766781161,0.022153468536144066,0,0.0072687274567879
p1k_01051,0,2.9786182942378754,2.074091253110895,0,1.9241584259636746
p1k_00735,0,-2.506772784768471,0.12783741015191194,0,0.0429510291244161
p1k_00856,0,0.825960903505572,0.7269558778762234,0,0.4327393435147868
p1k_00883,0,-3.0991259468813777,0.11090380116583193,0,0.02848770768445002
p1k_00207,0,-0.8334213384462006,0.1920631648949244,0,0.1369943174135932
p1k_00437,0,-1.5788338633090118,0.13023230221194795,0,0.08171673831939356
p1k_00623,0,-1.0534590790712437,0.27335449955438895,0,0.11761550908033251
p1k_00554,0,-3.827419792695919,0.034513739727934645,0,0.01719567431835708
p1k_00319,0,-1.7003092858163318,0.21479599374457375,0,0.07511787223765158
p1k_00597,0,-0.8383202141325811,0.22540481721279962,0,0.1365299226787649
p1k_00680,0,-1.511282007385483,0.09307702462404471,0,0.08563398580183215
p1k_00895,0,-4.812717630694776,0.022895559867272434,0,0.008685903642719959
p1k_01006,0,-1.181647172759083,0.1500189023340961,0,0.10761582301756165
p1k_00710,0,-1.4879304133482065,0.16836827124330087,0,0.08703134371130403
p1k_00096,0,-3.3808392439451214,0.04311339230776857,0,0.023434373730392307
p1k_00878,0,0.252022147324444,0.61975538971404,0,0.29070573570979835
p1k_00302,0,-1.4572293670580923,0.13862574476121528,0,0.08890324735157923
p1k_00161,0,-0.6546181203086137,0.27876297645102616,0,0.155069963540879
p1k_00958,0,2.202408769295212,1.4225540711256797,0,1.1235139701909067
p1k_00564,0,1.4541557522509234,0.7055169589652555,0,0.6688548406345214
p1k_00902,0,-5.321747928511622,0.03051395841320137,0,0.006103537523036645
p1k_00293,0,-2.340838895556431,0.08656914045988055,0,0.048186418938762625
p1k_00633,0,-2.3825650738817514,0.0866350291004054,0,0.046812714048692125
p1k_00229,0,-1.869459672232504,0.09421817661633947,0,0.06680730268632276
p1k_00732,0,-2.9037528830548553,0.06194026507666156,0,0.03261900106277382
p1k_00942,0,-1.2442845781682417,0.13198689586645632,0,0.10304345062727888
p1k_01052,0,-1.840424605078795,0.1323385557373115,0,0.06816545905981743
p1k_01001,0,2.064900704223917,1.5270516388926763,0,1.0213731214496313
p1k_00233,0,-1.8267021305780136,0.12641891852496384,0,0.06881692142646971
p1k_00185,0,-3.2219857367465785,0.06754929737097581,0,0.02616212536078603
p1k_00454,0,-1.6776319857729565,0.15139026153586915,0,0.07630795682253935
p1k_00649,0,-1.230847396228398,0.23945761163554846,0,0.10400767503191227
p1k_00526,0,-0.472535460576889,0.19565742393453078,0,0.17593005037457565
p1k_00426,0,-1.8292092034359322,0.09480233885694098,0,0.06869743725978669
p1k_00216,0,-4.233996993148564,0.03239020996239656,0,0.012972607498849997
p1k_00986,0,-0.48965729298523686,0.21050780064403238,0,0.17385446220788586
p1k_00688,0,2.5580389725813117,1.4530358399936256,0,1.4375860026389538
p1k_00815,0,-1.3595821358440603,0.2657623943487495,0,0.09512887707109322
p1k_00177,0,-1.2731398787408432,0.12306177879570601,0,0.10100295560104677
p1k_00430,0,-1.966495498092427,0.09469039631188589,0,0.06246161993709131
p1k_00337,0,-5.387454371017019,0.017038355809374458,0,0.005831791771138507
p1k_01016,0,-1.4403479103393795,0.12239164923199919,0,0.08994964413365523
p1k_00228,0,-1.4636876838580493,0.17442301293371684,0,0.08850615573396273
p1k_00384,0,-4.635256568312469,0.01759608443440347,0,0.009822818286072076
p1k_00372,0,-4.703626271825014,0.016563849920652015,0,0.009368170332199784
p1k_00190,0,-2.364873633218122,0.07189159510727214,0,0.04739030187394636
p1k_00473,0,2.751852967059852,1.9952324336961242,0,1.6442871447653877
p1k_00556,0,-3.4028432967237188,0.04336563659736265,0,0.02307966346249963
p1k_00912,0,-3.0120043645167542,0.07189101247300536,0,0.030261030544185625
p1k_00703,0,-0.8789771951518964,0.2190976647146854,0,0.13273604505517334
p1k_00107,0,-1.648127446923505,0.11685446320102061,0,0.07788459689790939
p1k_00685,0,0.9655362734588546,0.6454092421990095,0,0.4766973689393242
p1k_00695,0,-1.21453723521766,0.17551468462690814,0,0.10519018914967937
p1k_00515,0,1.2211592640222688,0.42539588339167583,0,0.5691057095016587
p1k_00599,0,0.1687357850029851,0.4219204447954421,0,0.27439861016205924
p1k_00043,0,1.9562937603307704,1.587680802877656,0,0.9473064119508102
p1k_00684,0,1.1653388971739929,0.6506512613986872,0,0.5475065735871397
p1k_00013,0,-2.350214543361629,0.07414287470363486,0,0.04787428500440023
p1k_00555,0,-2.449849385262225,0.08695825615522741,0,0.04467959470086424
p1k_00810,0,-0.9445282704749189,0.29386459797764614,0,0.12683994163946363
p1k_00287,0,-2.087324056192603,0.10547487576266984,0,0.05744341134759171
p1k_00366,0,-4.656142661360439,0.011008995872750409,0,0.009681636425197253
p1k_00853,0,-1.574593451989853,0.07519812647260629,0,0.08195727586304018
p1k_00776,0,-0.5316258911734603,0.19213082449248867,0,0.16886981786938637
p1k_00844,0,1.272385018107407,0.6869987946593314,0,0.5896759714404566
p1k_00662,0,2.685843346903795,2.1026390493902434,0,1.570748977829175
p1k_00164,0,1.4914905703735613,1.053023279160703,0,0.6863897265289367
p1k_00026,0,3.0327284613902408,1.1233563645555509,0,1.997696967152698
p1k_00099,0,-2.1170807497520565,0.06949388530201685,0,0.05627073213620211
p1k_00326,0,-4.864360987133829,0.02901045337467809,0,0.008380478337731622
p1k_00318,0,-3.09912594678982,0.11090380119004713,0,0.028487707686257937
p1k_01014,0,-0.3300318520051672,0.2136879881576425,0,0.19419493020870743
p1k_00027,0,-0.830467873952569,0.21987758657395545,0,0.1372750574711064
p1k_00980,0,-1.2913431224257073,0.1582519883204556,0,0.09973655430529621
p1k_00252,0,-2.0676861100713837,0.11563472502820424,0,0.05823067627954652
p1k_00962,0,-0.5026136148498268,0.14957178134729276,0,0.17230012812566312
p1k_00847,0,1.1044393337571532,0.4912905851651637,0,0.5248760332102949
p1k_00182,0,-1.8244999769465255,0.09348772619829725,0,0.0689220449270926
p1k_00249,0,-2.211360696450516,0.11211565195097425,0,0.05271102650480615
p1k_00666,0,0.9714948857650263,0.757876792864365,0,0.47867029365923475
p1k_00788,0,-1.6903581063961186,0.09355878246081464,0,0.07563779874329203
p1k_00946,0,2.4720119630857447,1.9683033992022312,0,1.3543693758748976
p1k_00951,0,3.23824332995298,2.941702423010698,0,2.3035399590353727
p1k_00663,0,2.4228217667360865,1.5889647383421057,0,1.3089691183052867
p1k_00039,0,-0.5248726157853589,0.3205221437954254,0,0.1696621528350158
p1k_00132,0,-1.8284198744622506,0.11328246544334455,0,0.0687350333647181
p1k_00558,0,0.046281949405672256,0.2936414300410093,0,0.2520691110068147
p1k_00087,0,4.220107218052713,5.287679706502808,0,4.5495268478370585
p1k_00168,0,-3.9041858200851576,0.040910128084076014,0,0.01630460696263597
p1k_00621,0,-2.1165472422762597,0.11549833948556254,0,0.056291544856105394
p1k_00667,0,1.9999926680548579,1.1051290025530474,0,0.9764390935747458
p1k_00033,0,-1.0825930412492248,0.2231383076885514,0,0.1152641882733205
p1k_00205,0,-3.9604252453876256,0.0480671120997361,0,0.015681246446722995
p1k_00900,0,3.390653641364503,3.49870329815912,0,2.5602113917441804
p1k_01031,0,1.7049385304382365,0.9579408068419549,0,0.795838624776682
p1k_00140,0,-1.071402802042276,0.16822441104048388,0,0.11616170926531214
p1k_00024,0,3.653857562034996,1.763397031679601,0,3.0726146772094554
p1k_00315,0,-2.1899661870453926,0.14490949666556815,0,0.053498531724597745
p1k_00730,0,-2.516962803315252,0.06916579955635259,0,0.04264872702600278
p1k_00668,0,-1.8689761096379354,0.12099868572881553,0,0.06682969891448881
p1k_00850,0,0.1548272961192907,0.3191668640368508,0,0.2717659453922302
p1k_00653,0,-0.6788776765323765,0.28106207127175326,0,0.15248419476085331
p1k_00879,0,-0.1335351588389698,0.4856602506369715,0,0.22253036814605026
p1k_00501,0,-0.20496112913577408,0.40509032766457775,0,0.21178145459692638
p1k_00025,0,3.0695953029165035,1.0943302484945963,0,2.0494042637984538
p1k_01013,0,-0.33165688348623557,0.21156651307946284,0,0.19397631490582418
p1k_01020,0,-1.192440029690208,0.17252360576314626,0,0.10681374883288647
starve_series__t05_starve,0,-3.6990220235405964,0.026237699944959492,0,0.018796231746909232
p1k_00329,0,-0.744898503907704,0.4612781747274337,0,0.1456634464467874
p1k_01026,0,-1.8077829108092507,0.10805609124802379,0,0.06972531627275994
p1k_00097,0,-3.2170766434759264,0.052106575958535545,0,0.026251299488256063
p1k_00219,0,-1.3229181821218752,0.09469853552184851,0,0.09757741755610075
p1k_00394,0,-2.253256033429591,0.08894044395832891,0,0.051202329576225045
p1k_00292,0,-2.0916032998274505,0.10226648329285644,0,0.057273278266788956
p1k_00432,0,-2.047524126683266,0.08700590316812055,0,0.0590501759111037
p1k_00146,0,-4.174217717852152,0.03726711031565133,0,0.01352143028087306
starve_series__t01_starve,0,-2.2628570718337073,0.061392277599310964,0,0.05086271283549034
p1k_00970,0,2.6265782465124623,1.7592229589798545,0,1.5075308659055806
p1k_00518,0,0.3163849132889295,0.9145323256012419,0,0.30396860037009804
p1k_00670,0,-1.560290071694805,0.129133127106904,0,0.0827738701052221
p1k_00509,0,1.106565996828381,0.6297249650528616,0,0.5256503185338515
p1k_00471,0,-0.3415743755077967,0.21307060575230571,0,0.19264743985080526
p1k_00086,0,4.189383771667594,5.324007229670746,0,4.453665067318025
p1k_00894,0,-4.306790110216017,0.03892761744361197,0,0.01233429600066166
p1k_00305,0,-4.305664203811265,0.0331860061699996,0,0.012343925674863289
p1k_00282,0,3.3262499844839697,3.3989520802377626,0,2.4484339517162406
p1k_00550,0,-1.473074851237939,0.1766558158397608,0,0.08793214322465803
p1k_00211,0,-0.043972386040617636,0.366421289020215,0,0.23678291757553205
p1k_00583,0,2.055321164139252,0.6844543422910496,0,1.0146136384799689
p1k_00435,0,-1.8793336208204838,0.0941034077602283,0,0.0663516279713629
p1k_00687,0,0.9581045237283314,0.5670437363589267,0,0.4742480734516601
p1k_01045,0,-2.083788988012813,0.10708639005648418,0,0.05758433882167246
p1k_00539,0,-1.0839146918828444,0.4547533293571875,0,0.11515864328584877
p1k_00405,0,-0.7513976755807505,0.1540412417659039,0,0.14500872556049757
p1k_00893,0,-5.331343673960704,0.022559801558004283,0,0.006063075993547636
p1k_00115,0,-3.459196846137573,0.07553086374361095,0,0.022195521988355112
p1k_00003,0,3.4308213258568596,1.6226013921850044,0,2.632494688178257
p1k_00166,0,-1.1369292234570108,0.18443747514379155,0,0.11100373078930954
p1k_00604,0,-4.344103321720472,0.021376331707188955,0,0.01201937736304336
p1k_00808,0,4.260826200951067,7.869294334591144,0,4.679763087225474
p1k_00410,0,-2.1222094541882304,0.09751579868962999,0,0.05607104780858689
p1k_00213,0,4.454392913074191,6.648269245230542,0,5.351718407608863
p1k_00725,0,0.7771518356551552,0.569634954159197,0,0.41834384955018994
p1k_00068,0,-3.327002596047173,0.04935957194099029,0,0.02432538920213224
p1k_00353,0,-1.7102800741611623,0.27313271919966653,0,0.0746005056863976
p1k_00865,0,-2.836173237567429,0.04798864279134375,0,0.03418331344368891
p1k_00278,0,-1.7684194078506,0.10444704852980737,0,0.07165394202806084
p1k_00572,0,-2.309700785093666,0.19599267920359423,0,0.0492377452907896
p1k_00377,0,-4.367313386074291,0.01692361957731569,0,0.011827556872613396
p1k_00753,0,2.546431457534724,2.679514656441147,0,1.426065998949886
p1k_00765,0,-3.0233614111612486,0.05098083623989554,0,0.030023747721534565
p1k_00038,0,-0.17328648358294396,0.28494884249128755,0,0.21648257509910052
p1k_00972,0,-2.405267323954095,0.07394675567675109,0,0.046081834790895664
p1k_01043,0,2.3138486677026275,1.5957411892014417,0,1.2137387823951507
p1k_00574,0,-3.878265168851595,0.05691000109053089,0,0.016600196455217393
p1k_00336,0,-0.04455853885449857,0.7610761365102208,0,0.23668673454405492
p1k_00383,0,-4.962115178857364,0.010394958425126048,0,0.00783144430900885
p1k_00325,0,-5.241933276658767,0.02396351539956732,0,0.006450720472923813
p1k_00945,0,2.623229416897393,1.9887820422759068,0,1.5040355955470972
p1k_00123,0,3.1879350111382885,1.6188647661092073,0,2.2245974613287616
p1k_00648,0,-1.4294760283403378,0.178435936122782,0,0.09063004843346602
p1k_00093,0,-3.0176535034565397,0.04884849340923519,0,0.030142769576445454
p1k_00251,0,-1.8848902417013305,0.09642327170233653,0,0.0660965624689631
p1k_00119,0,-1.3165996156006514,0.11884675383479965,0,0.09800571425719225
p1k_00382,0,-0.22625942659095005,0.25876169572860064,0,0.20867792060318788
p1k_00508,0,-1.0535631022891512,0.08836635929351058,0,0.11760702890793928
p1k_00813,0,-2.0726411562188836,0.1580967073449815,0,0.058031021641610024
p1k_00616,0,-2.1096854352039673,0.11413205270511374,0,0.05655991879851295
p1k_01004,0,-1.5487149499604076,0.17751973287027714,0,0.08344065796444468
p1k_00899,0,-1.8388891975956894,0.1479493422141153,0,0.0682380436785769
p1k_00352,0,-2.455310286212271,0.09013893590843534,0,0.04451079281392013
p1k_00571,0,-2.2095635943932224,0.18594215771666245,0,0.052776727234821595
p1k_00811,0,-2.1131062842902666,0.14808688039757964,0,0.056425965514183614
p1k_00836,0,-2.9491947540167476,0.035415205400896314,0,0.03160758326452561
p1k_00713,0,-2.1642653793780906,0.09069751593575254,0,0.0544601178653135
p1k_00740,0,-2.683369318375478,0.07132468360815414,0,0.03800254836689103
p1k_00231,0,-2.0376661622104804,0.08843950014308385,0,0.05945504863714109
p1k_00448,0,-4.359809146388259,0.03348264556568597,0,0.011889238694550499
p1k_00035,0,-0.8517207841585572,0.1836929749927424,0,0.13526762683481086
p1k_00876,0,-1.1552471218388043,0.20897382293359906,0,0.10960322637896187
p1k_00794,0,-1.015785062140244,0.23832695687053232,0,0.12072733165209755
p1k_00158,0,0.4493681423440203,0.7241244997471677,0,0.3333194562164136
p1k_00130,0,-2.7161363256925433,0.04972357964774846,0,0.03714914889817619
p1k_00339,0,-4.629279845954062,0.03217769269394713,0,0.009863596157260578
p1k_00585,0,-0.9223533774704655,0.14317340835285666,0,0.12880459057222726
p1k_00593,0,-2.3957026872135225,0.20918252624808256,0,0.04638835853428615
p1k_00676,0,2.2634750718422962,1.8750043054012773,0,1.1720908234112795
p1k_00460,0,-0.9871839041943716,0.09713975287417212,0,0.1231446101804234
p1k_00596,0,0.1811645195583651,0.487790825984395,0,0.27677275021623565
p1k_00617,0,-2.0388558626400193,0.1181899285053197,0,0.0594060399845266
p1k_00128,0,-3.967601049534916,0.024535104618453103,0,0.015603443329134856
p1k_00369,0,-0.2893947128847234,0.3131109720231033,0,0.19974268593730932
p1k_00044,0,1.9567739115179679,1.5260439796340526,0,0.9476217426232278
p1k_00069,0,-3.5631196032914993,0.04481865582772056,0,0.020652921578075776
p1k_00704,0,-1.1081407713535083,0.22102194072033232,0,0.11324101753692055
p1k_00500,0,-5.294681574868172,0.027980616232444227,0,0.006219126679167936
p1k_00197,0,-4.847150057643667,0.03154303667109936,0,0.00848105371552665
p1k_00632,0,-2.643508723392552,0.07620108062833324,0,0.03906717025164824
p1k_00690,0,2.1505189763656563,1.39297259726909,0,1.083822325723045
p1k_00053,0,-1.3220197638813698,0.09795137775230399,0,0.09763820145786622
p1k_00646,0,1.490502619136635,0.7375929115757365,0,0.685919850757232
p1k_00888,0,-1.5554953625940429,0.1992448015430615,0,0.08304942165692948
p1k_00490,0,2.48232682369633,1.1040490879950453,0,1.3640874322933103
p1k_00650,0,-2.436155446149299,0.0858150235564135,0,0.045105708748764115
p1k_01050,0,2.913644208776474,2.331730201925738,0,1.839423278116784
p1k_00276,0,2.077693094200992,1.3903079060340848,0,1.0304699172393441
p1k_00201,0,-0.2612640332374604,0.3178583425819832,0,0.20367562792701535
p1k_00313,0,-1.1116344276526304,0.1918927221848288,0,0.11296712281701907
p1k_00694,0,-1.6222351184718495,0.13440534008247054,0,0.07929502566563777
p1k_00234,0,-1.609939643698107,0.15735230051644195,0,0.07997371133008778
p1k_00137,0,-1.5067674952025678,0.13588511338159123,0,0.08590237320481278
p1k_00995,0,2.5175141268295627,1.606170380624215,0,1.3977665443175895
p1k_00486,0,-3.7072596035069374,0.034836595947774905,0,0.01868921380216184
p1k_00655,0,2.6908672482698144,2.4074631046344193,0,1.5762283366695362
p1k_00855,0,-0.2757661080838753,0.3928991512680236,0,0.20163852151453723
p1k_00731,0,-2.412136803593446,0.09590053270614758,0,0.045862934915249176
p1k_00672,0,1.9170948399743664,1.252008359801974,0,0.9219140338099039
p1k_00138,0,-1.5195568617332662,0.06357719060880015,0,0.08514422154904332
p1k_00956,0,-0.7883113539267728,0.17927575995518383,0,0.14134550806450882
p1k_00422,0,-1.5309191503497834,0.11081831777939592,0,0.08447628165317965
p1k_00296,0,-4.7532499377030675,0.026427830889486473,0,0.00905141685826274
p1k_00018,0,-1.1695126280309962,0.21512774995932732,0,0.10852479980008518
p1k_00661,0,2.98286437193535,2.667267071908824,0,1.929829867766685
p1k_00835,0,1.0594433828292047,0.7810583150984162,0,0.5087584220248568
p1k_00269,0,-2.6021382155458803,0.03367477646698156,0,0.04020367179606743
p1k_00230,0,-1.774691744863469,0.0954330276982143,0,0.07134309179646081
p1k_00438,0,-1.707106464338608,0.11714374833107635,0,0.07476479091919767
p1k_00131,0,-0.9983622211075007,0.23556937928368918,0,0.12219414574862865
p1k_00780,0,-0.8195562535913743,0.3114846634741912,0,0.1383172542833074
p1k_00127,0,0.6610188898302677,0.4222062660649175,0,0.3859880756851027
p1k_00298,0,-2.0290685302996665,0.11361620784484167,0,0.059810424365468344
p1k_00226,0,-2.0350673681708944,0.10268959307219265,0,0.05956224431576029
p1k_00978,0,-2.6808033498776505,0.0648944085909833,0,0.03807019960913534
p1k_01024,0,2.070224727523454,1.475312623634731,0,1.0251492904700954
p1k_00851,0,0.003660446951100146,0.28069803928436504,0,0.24473116580992985
p1k_00777,0,-0.03881408846038377,0.25322307563487195,0,0.23763104060087853
p1k_00590,0,-3.8403185983901813,0.06748324048025087,0,0.01704261698040376
p1k_00737,0,-3.3350020378133314,0.04735826116676632,0,0.024190883263261385
p1k_00768,0,-3.4600821715355665,0.045059405621612814,0,0.022181905644833154
p1k_01039,0,-1.855203065857972,0.09026069992999436,0,0.06747076026248351
starve_series__t14_starve,0,-0.44351026213017564,0.06558432224488751,0,0.17950538535437344
p1k_00587,0,-2.990033735147508,0.10949926737398184,0,0.030725399072678766
p1k_00832,0,0.9876007832270189,0.5457335131880312,0,0.4840439922235834
p1k_00889,0,-1.787516805806126,0.2537654268634043,0,0.07071168697922901
p1k_00745,0,-3.3720008865280064,0.033455893374621924,0,0.02357837998575583
p1k_00062,0,-1.4703871445511474,0.13326588480812065,0,0.0880961114115603
p1k_00984,0,-1.8937879418054577,0.09947483573402344,0,0.06569017196693516
p1k_00274,0,-1.2577810527366373,0.13045918629492134,0,0.10208396967590881
p1k_00671,0,-1.5808167062193785,0.13168308356536934,0,0.08160450381836266
p1k_00257,0,3.1157365983905896,3.2628053784182325,0,2.1160091893024897
p1k_00338,0,-5.376328550266149,0.02139402719885367,0,0.005876939427166332
p1k_00830,0,1.2694921703770161,0.6715882681490769,0,0.5884947559804095
p1k_00049,0,-0.3646898639161325,0.24251326435806492,0,0.18958535518365655
p1k_00872,0,-0.41169487467696037,0.3208148069072254,0,0.1835079435326825
p1k_00378,0,-4.490649320163184,0.01644446758116502,0,0.010858434834251281
p1k_00141,0,0.0005032536329785477,0.27796073391567555,0,0.24419618180598657
p1k_00246,0,-1.0471675515039232,0.6162737333346276,0,0.1181295450040687
p1k_00537,0,-1.067456972349425,0.40200909140973407,0,0.11647985113819
p1k_01011,0,-1.7662953036297189,0.1058622007893603,0,0.07175951703527493
p1k_00843,0,0.5801410485952875,0.33433679426190577,0,0.3649448438260123
p1k_00321,0,-4.316673990872187,0.04044012910690094,0,0.012250082737235136
p1k_00828,0,0.1796577367349476,0.5920406963649174,0,0.2764838334951431
p1k_00149,0,-5.207895941702958,0.020422983723698232,0,0.006604721080584554
p1k_00307,0,2.0922765032721418,1.5325483940503957,0,1.0409391946521573
p1k_00760,0,-1.7902272761671552,0.09275552837065057,0,0.07057896176973417
p1k_00924,0,-3.1478479744492365,0.07421996690460121,0,0.027541698046912564
p1k_01019,0,-2.1877814419488555,0.07034233108074618,0,0.05357960859485523
starve_series__t22_growth2,0,-0.12728201117157328,0.32004353444293915,0,0.22349698633832654
p1k_01041,0,-1.3342848188875671,0.19723248985199437,0,0.09681164986843456
p1k_00505,0,-1.7518437127818547,0.25428833493115044,0,0.07248195011268799
p1k_00531,0,0.868682936500343,0.6597134366787252,0,0.4457455285659674
p1k_00232,0,-2.021553149962251,0.08680926120482346,0,0.0601228056292465
starve_series__t02_starve,0,-2.834297806668122,0.036314597135915186,0,0.03422777892488192
p1k_00864,0,-2.906646766001455,0.044187857613052994,0,0.0325536366176953
p1k_00977,0,-2.585242801281646,0.06240111967600278,0,0.04067726506349943
p1k_00032,0,-3.172030922270541,0.05140308843917081,0,0.02708388243276191
p1k_00070,0,-3.755001057802567,0.03628290499699373,0,0.018080874117134403
p1k_00220,0,-1.3659832410335224,0.11033532595946297,0,0.09470773397148934
p1k_00121,0,-1.1239568801697442,0.12763301836412355,0,0.11200634871420602
p1k_00374,0,1.7949529889077693,1.001101099144637,0,0.8470753914747517
p1k_01007,0,2.6747896296841605,1.5650308773415427,0,1.5587601172707852
p1k_00077,0,-5.069496102929762,0.026210763231235078,0,0.007269708297441238
p1k_00467,0,-5.021491285577147,0.026484901628469126,0,0.007515672977251758
p1k_00613,0,-0.8552576990085828,0.17002987036862682,0,0.13493641054633848
p1k_00705,0,-0.9723562846369866,0.28435489393362506,0,0.12441678265420565
p1k_00973,0,-0.864799255241863,0.19056324412697598,0,0.13404692586582703
p1k_00299,0,-1.969340639821954,0.11071752569470408,0,0.06233856063610992
p1k_00373,0,1.605108306508396,0.9210661400111074,0,0.7426310803942019
p1k_00749,0,-4.209235103558391,0.01799020185502087,0,0.013197186366938845
p1k_00482,0,-4.73800332223897,0.032584232759441153,0,0.009147580818452017
p1k_00525,0,-0.4683643827511574,0.3199895905661367,0,0.17643943020241507
p1k_00153,0,-0.9937724811099375,0.2859835059532461,0,0.12258350899348686
p1k_00308,0,1.4745690773386975,1.0751156915300653,0,0.6783860327140405
p1k_00733,0,-3.397145231012126,0.0420704034113555,0,0.02317099911018985
p1k_00089,0,4.1845874307899775,5.677690746959798,0,4.438883130756627
p1k_00750,0,-4.788759149126845,0.014777267317399515,0,0.008831352682855025
p1k_00871,0,-0.12895494536382515,0.5563202335370003,0,0.2232379717575085
p1k_00104,0,-2.016964796174618,0.07633411496052903,0,0.06031432486318147
p1k_00265,0,2.776986909157965,3.845168670850853,0,1.6731841116428394
p1k_00697,0,-0.7579283429455034,0.27279907381082263,0,0.14435379603764695
p1k_00953,0,-1.4056498654963778,0.14040955133764754,0,0.09213923492480358
p1k_00110,0,-2.6642490911900243,0.06139272001535265,0,0.03850955342148461
p1k_00886,0,-1.777902721599136,0.24824125423873544,0,0.07118448151493825
p1k_00869,0,-1.1014683340666755,0.26918529293622745,0,0.11376596810945432
p1k_00451,0,-0.9950943361139716,0.2417523328182201,0,0.12247124450919263
p1k_00570,0,-3.2179346803071103,0.06907634666560694,0,0.02623569127978751
p1k_00983,0,-1.8670733609350056,0.08155346362811136,0,0.06691789774444272
starve_series__t23_growth2,0,0.12103239894916874,0.36780178105831596,0,0.26547385553856195
p1k_00100,0,-0.07453351656596968,0.5011346932859947,0,0.23181981265982496
p1k_00114,0,-2.953043345256062,0.10242856286329813,0,0.03152337797048634
p1k_00785,0,-1.356485933128485,0.17367780263146812,0,0.09533325468607927
p1k_00955,0,-1.3179917433642634,0.1483468338378666,0,0.09791118931188976
p1k_00012,0,-1.3872430775477929,0.1550257425967683,0,0.09332233509071455
p1k_00170,0,-0.2783440994987902,0.20899126087895106,0,0.20127852983456784
p1k_00206,0,-2.714080338451561,0.09804526789233894,0,0.037202127956938086
p1k_00210,0,2.933660190698254,2.515421034315772,0,1.8651213315644135
p1k_00133,0,-2.7739463104587636,0.06429375036694603,0,0.03568998199711977
p1k_00015,0,-4.194763061839525,0.03196262782519692,0,0.013330236923870295
p1k_00224,0,-2.096768208279438,0.0961889137704946,0,0.05706860413008212
p1k_00651,0,-2.2308435532963435,0.08944663359193239,0,0.05200397603967367
p1k_00786,0,-1.6787116397185098,0.12595206437100928,0,0.07625087243201385
p1k_00904,0,-5.349793692932064,0.034102363624878645,0,0.005986031563864327
p1k_00328,0,-5.424285361096078,0.025367290550341218,0,0.00568479457850254
p1k_00734,0,-3.6118321224295697,0.032695831287969615,0,0.01996721832186474
p1k_00040,0,-0.571083362672606,0.33687975682756094,0,0.16431384276824412
p1k_00118,0,-1.2979991360277603,0.13257897123517107,0,0.09927746986100917
p1k_00244,0,-2.0293610199260637,0.09242670935587886,0,0.05979829972723492
p1k_00419,0,-1.5068809481187542,0.10189955973415014,0,0.08589561814482054
p1k_01030,0,1.5700818351637562,1.4376231794290086,0,0.7248182215276798
p1k_00498,0,-4.705360222108305,0.031859410929153155,0,0.009356917653432382
p1k_00679,0,-1.924314395879259,0.1320109980845903,0,0.06431481436480531
p1k_00019,0,3.31031348753235,1.5244307748461514,0,2.421536555256302
p1k_00238,0,-2.1157541913057805,0.14374834162005237,0,0.05632249688349549
p1k_00354,0,-1.8843701823026633,0.2586162758738668,0,0.0661203931011182
p1k_00463,0,-0.9919668606102119,0.10464329609486302,0,0.12273702575072341
p1k_00726,0,0.5237417299832656,0.4891751229157581,0,0.35095331210642966
p1k_00452,0,-1.0118948006674982,0.2517172090852065,0,0.12105331508527718
p1k_00933,0,3.28074755351212,3.189832593864792,0,2.3724157387405955
p1k_00908,0,-5.49821636482756,0.022533102777604917,0,0.005400815311630728
p1k_00934,0,-2.14199222942745,0.0749732841998994,0,0.05530742806636501
p1k_00057,0,-1.3623331835662442,0.15624668727397367,0,0.0949476504691919
p1k_00450,0,-0.5930399779402055,0.27536434827090916,0,0.16183205638688533
p1k_00969,0,2.165217397543858,1.6184560591683281,0,1.094920932197113
p1k_00117,0,-1.2331638307724972,0.12561584065228074,0,0.10384081117769788
p1k_00849,0,-2.025144451650132,0.045857292476419016,0,0.05997332801529334
p1k_00827,0,-3.163919105729101,0.033322223836622276,0,0.027236595437785005
p1k_00586,0,-2.664590602687678,0.1173541354701365,0,0.0385004386062106
p1k_00738,0,-2.808474115407192,0.06815925044244191,0,0.0348459592102248
p1k_00562,0,-1.162474969761383,0.11347056355471875,0,0.10905549154601968
p1k_00461,0,-5.436794067396261,0.01969044707315352,0,0.005635718342641688
p1k_01028,0,-0.9374729812552768,0.1957548472048525,0,0.12746175303355675
p1k_00870,0,-0.0008238079111546656,0.5878769570559683,0,0.24397166147845167
p1k_00588,0,-3.471892010511381,0.05361729165983776,0,0.022001066707840116
p1k_00965,0,-1.143289582575293,0.15352628571660829,0,0.11051542969646304
p1k_00444,0,-4.0385134754393786,0.04326543821523073,0,0.01485503504489847
p1k_00433,0,-4.263966623628597,0.029276237331661063,0,0.012705902560387733
p1k_00091,0,0.8820000877055522,0.777886544571082,0,0.44987914104869187
p1k_00088,0,4.1625970182190315,5.919247168707664,0,4.371736091690465
p1k_00237,0,-0.8547210968356455,0.1718380394291177,0,0.1349866087077248
p1k_00507,0,-0.9076810280306026,0.1034517734520717,0,0.13012122966129647
p1k_00580,0,-0.6315248441923881,0.10830788528398987,0,0.15757214738142464
p1k_00008,0,3.518712242941848,2.2906916036473093,0,2.797855661531304
p1k_01048,0,-1.1347040471648466,0.171147736963154,0,0.11117507223469113
p1k_00485,0,-3.704848079019651,0.027620215197504933,0,0.018720479720609567
p1k_00595,0,-4.908134688946305,0.023483608053646132,0,0.00813001993629766
p1k_00108,0,0.551398372711868,0.45882726618386277,0,0.35774603120485265
p1k_01036,0,1.873974778320233,1.3734620037263472,0,0.8947670734105572
p1k_00602,0,-2.2646063996685544,0.05679588965974636,0,0.05080107705293831
p1k_00940,0,-1.457938128576523,0.14762377412590846,0,0.08885958204228764
p1k_00874,0,-2.00226474168423,0.12316404155754054,0,0.06093202732739736
p1k_00919,0,-2.857963347598642,0.07183180983031077,0,0.03367089655961899
p1k_00349,0,-2.232343720140243,0.07691431873301147,0,0.05194992851665678
p1k_00046,0,-0.5377890828087305,0.2608244983321773,0,0.1681499449353186
p1k_00620,0,-2.1434397268885492,0.09360652177672894,0,0.05525196436063445
p1k_00625,0,2.1793865535613235,1.9595571078168288,0,1.105727471015885
p1k_00717,0,2.4252519980694656,2.3565489894623686,0,1.3111759454398304
p1k_00678,0,-2.023109358527356,0.11109589224206111,0,0.060057987231811084
p1k_00487,0,0.5380971028387419,0.39085893153258705,0,0.35446286485321304
p1k_00295,0,-4.299342851848083,0.025245202366193008,0,0.012398130823129813
p1k_00294,0,-1.9740904998130102,0.09980809293113067,0,0.062133657639019804
p1k_00759,0,-1.3319462075049409,0.13777297994371326,0,0.09696870899766745
p1k_00284,0,1.5254540023852439,1.2846171342137953,0,0.7027401814128578
p1k_00256,0,-0.9445502569788572,0.17744987993211317,0,0.1268380086282955
p1k_00506,0,-1.68942808889065,0.2536330530167923,0,0.07568657353850648
p1k_00050,0,-3.798460668348209,0.021102360616672342,0,0.01754432953816008
p1k_00255,0,-0.7577233400858929,0.22848614195852748,0,0.14437430975869023
p1k_00421,0,-1.2834955335529268,0.14980135497364086,0,0.10028055290170768
p1k_00754,0,1.4766821686885987,1.0578119446988443,0,0.6793803814401048
p1k_00067,0,1.255431293399752,0.38461577107046324,0,0.5827869945453368
p1k_00881,0,-0.22875298877887135,0.509494141674054,0,0.20831755203783486
starve_series__t06_starve,0,-3.4705469089724925,0.028356263139150954,0,0.022021589041398643
p1k_00393,0,-4.555998559235468,0.017467159549301385,0,0.01037755749444763
p1k_00937,0,-0.7045208138426547,0.1378098034355668,0,0.14979781448689553
p1k_01047,0,-1.1322047960010324,0.19393055101100767,0,0.1113678331649153
p1k_00766,0,-3.3631536985920505,0.04857520192743902,0,0.023723416379036317
p1k_00047,0,3.5704823071596277,4.144225984675174,0,2.900077795485702
p1k_00841,0,0.8124840106035036,0.2958772163819104,0,0.42871574420801545
p1k_01025,0,-1.880362611797203,0.11156168019717011,0,0.06630432006363442
p1k_00085,0,-1.416540482714158,0.1210054656258206,0,0.09144631286686862
p1k_00425,0,-2.0798998675058664,0.08881727730326179,0,0.057739780239319735
p1k_00543,0,-2.0520178917777563,0.07640645025363316,0,0.05886653018748262
p1k_00838,0,4.5393482934777145,7.442340259696426,0,5.676326550360997
p1k_00303,0,-3.3341981312125974,0.04345206615466402,0,0.024204366798887347
p1k_00341,0,-2.720943481779643,0.11262385901231037,0,0.037025571455111775
p1k_00415,0,-0.9759971989314684,0.172000759596594,0,0.12410318920163771
p1k_00420,0,-1.6509351234238352,0.11365902701124818,0,0.07773317050553699
p1k_00630,0,2.3679705137552904,1.91047610080201,0,1.2601363173366515
p1k_00340,0,-5.02135791425926,0.01949496629047411,0,0.007516367802918696
p1k_00998,0,-1.4009510227794073,0.08661752337076557,0,0.09243982068960477
p1k_00006,0,-2.223988590124804,0.0689803172092804,0,0.0522516608192937
p1k_00819,0,-1.9444125478079382,0.1368872302055111,0,0.0634250581197565
p1k_00796,0,4.283535469944314,7.130143835855413,0,4.7540094276559275
p1k_00868,0,-1.1527739940056947,0.272873832100383,0,0.10979127392084424
p1k_00949,0,-1.2125893213296637,0.1829829966630339,0,0.10533231192325758
p1k_00381,0,-0.3194939957833989,0.26401834723572326,0,0.19561857842523583
p1k_00628,0,2.8789288425208177,2.139803920578026,0,1.7956897831705323
p1k_00712,0,-2.8044164864765397,0.050391335575878875,0,0.03494410260824322
p1k_00699,0,-1.3934864122024957,0.16624281170688457,0,0.0929193506334954
p1k_00837,0,-2.2076529223645776,0.03823375686867458,0,0.05284666981974257
p1k_00566,0,1.0614842389994734,0.6818636632594709,0,0.5094786279453006
p1k_00990,0,-0.9279089809409194,0.22860436080451857,0,0.12830953710134715
p1k_00286,0,-1.825017700429489,0.11441347875037426,0,0.06889731609777609
p1k_00477,0,-0.39321693491005694,0.35025330553350215,0,0.1858734168416703
p1k_00375,0,0.04817941687058406,0.4212231539766219,0,0.2524008565196548
p1k_00549,0,-2.4512187713301654,0.09299751125110418,0,0.04463720557174238
p1k_00029,0,0.5700837098890117,0.4472213178423784,0,0.36240958170047943
p1k_00151,0,-3.420419085086032,0.05867402954563157,0,0.022800198727404245
p1k_00360,0,-4.759901486416847,0.016156169164791515,0,0.009009781334677083
p1k_00764,0,-3.4061313382465577,0.05037635922533718,0,0.023027122573035363
p1k_00936,0,-0.7957440420227287,0.174530952391809,0,0.1406191761451287
p1k_00347,0,-2.5670403635210834,0.17868161657639958,0,0.04119374015553251
p1k_00952,0,3.2780245682340237,2.8080437825404414,0,2.3679421942053476
p1k_00520,0,0.23965078237395382,0.8561623976255961,0,0.2882235404899161
p1k_00689,0,2.559562049117919,1.2501649144510403,0,1.439104486884259
p1k_00414,0,-1.5895213556996826,0.11022087690340641,0,0.08111361701661576
p1k_00721,0,3.5438880516421327,3.973526203497812,0,2.847108248229838
p1k_00996,0,-2.0712206190099844,0.09600168005821424,0,0.05808818952606573
p1k_00465,0,-1.8003861205361407,0.09053370899616067,0,0.07008372044975884
p1k_00994,0,2.5391828587371665,1.7874727398781405,0,1.4189189199430383
p1k_00664,0,2.5304999808688007,1.5660094498048862,0,1.410404785862004
p1k_00860,0,-0.6703906003909709,0.3326090906993966,0,0.15338387141003468
p1k_00364,0,-0.09111294799658687,0.3254678571023466,0,0.22917099184067644
p1k_00072,0,-3.555351728157855,0.03594311799185923,0,0.0207644226131811
p1k_00957,0,1.7717559166166363,1.063852050598994,0,0.8335641930155466
p1k_00101,0,-1.0613313017562567,0.16591149924277646,0,0.11697547503559691
p1k_00273,0,1.6241527516730399,0.8994634861353568,0,0.7524992483998053
p1k_00474,0,2.832296866369983,2.1390888281587017,0,1.7385760318005776
p1k_00136,0,-0.06064382341690138,0.36008648346557764,0,0.23406245980353815
p1k_00368,0,1.482461192727236,0.5968045270734642,0,0.6821072429617678
p1k_00144,0,-4.561923165479025,0.03366834897372673,0,0.01033502815238015
p1k_00511,0,0.42543905791073167,0.2959350892704167,0,0.32783649088425243
p1k_00533,0,1.0160155231292716,0.6177581753783286,0,0.49367203130234144
p1k_00434,0,-3.4512677476936178,0.04186547741657501,0,0.022317845130637684
p1k_00408,0,-0.6504837738337591,0.1742660260833184,0,0.15551498652851994
p1k_00643,0,-1.6617121217730584,0.13949666652992895,0,0.07715466357137057
p1k_00167,0,-3.80365170171617,0.03563195615766456,0,0.017481315840677265
p1k_01053,0,-1.0261577496835017,0.23368191454212858,0,0.1198624393154038
p1k_00342,0,-2.083603636428482,0.14855313281012114,0,0.05759173749831185
p1k_00920,0,-2.2692885859825727,0.12301925975604187,0,0.05063647224225635
p1k_00445,0,-4.652544246361542,0.03024974316201908,0,0.009705814805642962
p1k_00512,0,-1.674110462412369,0.08114529268590139,0,0.07649444702048978
p1k_00779,0,-0.8469633973255146,0.3005412942434756,0,0.13571441746096252
p1k_00484,0,-5.321300964660308,0.021862972337485315,0,0.006105428763525346
p1k_00156,0,1.124880805345026,1.0882136238129665,0,0.5323659111825749
p1k_00332,0,-5.0191724446844646,0.029650779013272656,0,0.007527762616823355
p1k_00999,0,-1.3127710956008347,0.12888421357970994,0,0.09826614014683233
p1k_00665,0,2.5245143563128507,1.5781114005817303,0,1.4045652532016555
p1k_00416,0,-1.2588983471176434,0.16986357081279405,0,0.1020049414073839
p1k_00521,0,0.2371969786104884,0.8870569150588792,0,0.28773373296149557
starve_series__t10_starve,0,-1.2094727943592214,0.045434075388079885,0,0.10556009797959877
p1k_00568,0,-3.2048065763430653,0.04630218901975537,0,0.026475517937551096
p1k_00987,0,-1.062968730778786,0.1387855794287812,0,0.1168427856057378
p1k_00711,0,-2.0051874116201724,0.08770483373747816,0,0.06080871371223808
p1k_00575,0,-4.477486665965043,0.03246496491220075,0,0.010957956777051974
p1k_00552,0,-3.5417110126152243,0.06616356540211035,0,0.02096168179290596
p1k_00514,0,0.7795592607400443,0.4055543304226097,0,0.41904252267004477
p1k_00227,0,-1.588098637077476,0.12979219555357055,0,0.08119364694036695
p1k_00439,0,-1.8115548964695736,0.08491083560566318,0,0.06954325466639871
p1k_00247,0,-1.8037353132761875,0.14973770472995504,0,0.06992121095331348
p1k_01003,0,-1.3495086113618509,0.1961044571112277,0,0.09579543266318044
p1k_00449,0,-0.7150043981241266,0.24596309013760972,0,0.14871322910156515
p1k_00310,0,-3.0996114006026603,0.05159078358966992,0,0.028478123443268694
p1k_00441,0,-2.3353926321388347,0.1680257611580223,0,0.04836866945126395
p1k_00638,0,-0.8760868604630802,0.25704572496602157,0,0.13300223863761196
p1k_01002,0,2.2471498686624285,1.6043742562576149,0,1.1589024738092506
p1k_00297,0,-1.7214461205413198,0.13403499697288723,0,0.07402534779030674
p1k_00829,0,0.22298034292206242,0.6171132003088468,0,0.28491226569629113
p1k_00873,0,0.06268739389225199,0.44201275884307173,0,0.2549518458521628
p1k_00001,0,-0.5509293663033353,0.2210562537605786,0,0.1666253635357792
p1k_00397,0,-4.761720791301268,0.03660045930203123,0,0.008998426746336781
p1k_00993,0,1.820365523739758,1.4703273584383594,0,0.8621284966263633
p1k_00739,0,-2.489852516470556,0.07650841062934254,0,0.043457734513913646
p1k_00428,0,-2.5418844051146148,0.06298842519409885,0,0.04191832526532369
p1k_00708,0,1.0849967398156743,0.8824094566926964,0,0.5178499499148559
p1k_00083,0,1.0884977430365232,0.6263727794731773,0,0.5191081478554099
p1k_00959,0,-2.0344532052793514,0.09080320053507487,0,0.05958760567530555
p1k_00169,0,-0.1860310601431804,0.23573260020413972,0,0.2145786187860347
p1k_00208,0,-0.8761959694265314,0.19662826970592642,0,0.13299218024880075
p1k_01037,0,2.0478231100052593,1.324000866129929,0,1.0093541119798093
p1k_00389,0,-1.3316808639433604,0.12778280731080874,0,0.09698654533049143
p1k_00403,0,-3.2299756266667234,0.054738630750268025,0,0.02601763554544474
p1k_00355,0,-2.1514421719774988,0.24796748124191814,0,0.054946337193757584
p1k_00427,0,-2.309645222060067,0.06364701088744164,0,0.049239641638320765
p1k_00330,0,-2.571081466896864,0.20983777979206122,0,0.04107851467131395
p1k_00134,0,-0.0788133182941383,0.32433090357528466,0,0.23113313068691932
p1k_00390,0,-1.4410721115723826,0.10374264983987062,0,0.0899045027182888
p1k_00417,0,-1.8125656586001344,0.10215940433723689,0,0.06949454924453959
starve_series__t04_starve,0,-3.5307767924688105,0.02772981776681978,0,0.02112115443962292
p1k_00589,0,-3.726868007306918,0.06612118127821552,0,0.01843691759647978
p1k_00875,0,-2.2185738854489325,0.11574921679825156,0,0.052448139568151426
p1k_00217,0,-3.9937543036820586,0.040602471646523086,0,0.015323131688803495
p1k_00789,0,-0.5219427830272712,0.3313177155222989,0,0.17000705373163133
p1k_00092,0,-2.9546234703783876,0.06019486549354724,0,0.03148887059914181
p1k_00530,0,1.2752811112287816,0.7343206664537526,0,0.5908608869735956
p1k_00457,0,-5.1482285597586115,0.020857249813435383,0,0.0068836083650518545
p1k_00559,0,-0.02353813851535812,0.3407807287937418,0,0.24016056076578676
p1k_01032,0,-2.228680017165814,0.07858801041621373,0,0.05208202225505751
p1k_00204,0,4.137526691540542,5.435761095623525,0,4.296422840609868
starve_series__t12_starve,0,-0.5602060198835753,0.05862199413246671,0,0.16555738534843728
p1k_00791,0,0.2026334785605077,0.5582302067975481,0,0.2809222446322146
p1k_01010,0,-0.7766304230868472,0.1590173355075733,0,0.142494572191309
p1k_00385,0,2.767185510555504,2.3268836050871333,0,1.6618553400154492
p1k_00534,0,-1.0819216706405683,0.48645313199202395,0,0.11531783994240064
p1k_00669,0,-1.8990763202681136,0.0861498416169905,0,0.06544981724942567
p1k_00429,0,-3.3806692624173413,0.032932271271968926,0,0.02343713498291811
p1k_00480,0,-0.9554232649044847,0.44755765776005046,0,0.12588567513710694
p1k_00915,0,-5.047584746589125,0.02931694743090318,0,0.0073809618453025885
p1k_00267,0,2.9654444011410077,5.292157030505962,0,1.9066680532902627
p1k_00598,0,1.1483051597690803,0.7473131217728021,0,0.5410802374761815
p1k_00927,0,-5.309277671950059,0.029276891133792088,0,0.0061565234798559194
p1k_00538,0,-0.8906467264405199,0.4042424220820524,0,0.13166671323154466
p1k_00862,0,2.47666921936406,2.5240009074221303,0,1.3587485669866737
